setup,offset,n_ex,n_rand,log_close_ex_min,log_close_ex_max,log_close_ex_range,log_close_ex_std,log_close_rand_std,log_close_rand_in_frac,log_high_ex_min,log_high_ex_max,log_high_ex_range,log_high_ex_std,log_high_rand_std,log_high_rand_in_frac,log_low_ex_min,log_low_ex_max,log_low_ex_range,log_low_ex_std,log_low_rand_std,log_low_rand_in_frac,atr_close_ex_min,atr_close_ex_max,atr_close_ex_range,atr_close_ex_std,atr_close_rand_std,atr_close_rand_in_frac,atr_high_ex_min,atr_high_ex_max,atr_high_ex_range,atr_high_ex_std,atr_high_rand_std,atr_high_rand_in_frac,atr_low_ex_min,atr_low_ex_max,atr_low_ex_range,atr_low_ex_std,atr_low_rand_std,atr_low_rand_in_frac,all_axes_rand_in_frac,n_valid_all,cum_and_rand_in_frac,offset_carve_delta
htf,0,30,10005,0.0,0.0,0.0,0.0,0.0,1.0,0.0013165539171756196,0.1661425669231217,0.1648260130059461,0.030563278871990524,0.054013935050161305,0.744927536231884,-0.4292813166663334,-0.014913283850717522,0.4143680328156159,0.11792814531598975,0.034565379840238,0.3234382808595702,0.0,0.0,0.0,0.0,0.0,1.0,0.030094582975063858,1.5580602386815683,1.5279656557065044,0.3354941897663791,0.47900316256376446,0.7981009495252374,-3.757655508276557,-0.3964194373401518,3.361236070936405,0.918257025155262,0.4446844111824672,0.4057971014492754,0.19410294852573712,10005,0.19410294852573712,0.8058970514742629
htf,1,30,10005,-0.43392757277192595,-0.013105778180312283,0.4208217945916137,0.1292418364240462,0.05412221788626186,0.19760119940029985,-0.373449659495513,0.0047750086247475634,0.37822466812026057,0.11735713785277724,0.07995167639775441,0.45987006496751626,-0.605285824768611,-0.02147286088006913,0.5838129638885419,0.15575852840467588,0.0598027063619051,0.288655672163918,-3.6930909806429395,-0.35281805415484896,3.3402729264880904,0.9798306166400176,0.8636282684305338,0.2894552723638181,-3.325073173131318,0.08524100668277956,3.4103141798140975,1.0098184274962705,0.9720035711655057,0.35942028985507246,-3.8006985266989695,-0.9362675050014309,2.8644310216975386,0.9475382524004331,0.9437506076308619,0.24007996001999002,0.09785107446276861,10005,0.05987006496751624,0.13423288355822088
htf,2,30,10005,-0.5331825308672673,-0.006465299524430525,0.5267172313428368,0.14942069038927724,0.06301907581838954,0.3462268865567216,-0.45634559576838823,0.03645318371157976,0.492798779479968,0.11387779566311003,0.08630525348080796,0.775112443778111,-0.5893568864412062,-0.02031609243017573,0.5690407940110305,0.16346824205742783,0.06598734354285937,0.31924037981009495,-3.6801780751162156,-0.2289819425091747,3.451196132607041,1.0614402311607478,1.147205238866976,0.4021989005497251,-3.163661854047273,0.8586382494204674,4.022300103467741,1.0721139058348854,1.214042869133646,0.68055972013993,-4.614525139664804,-0.6605248341610828,3.9540003055037207,1.1052136436595459,1.2096025431626491,0.400599700149925,0.20509745127436282,10005,0.052273863068465765,0.007596201899050477
htf,3,30,10005,-0.5017910320323247,0.004919869863645847,0.5067109018959706,0.14351711570822737,0.07660030654999962,0.6176911544227887,-0.3629054936893685,0.07557668250713574,0.4384821761965042,0.1203577034481886,0.09375071085896602,0.872063968015992,-0.573400564410448,-0.003418009584909672,0.5699825548255383,0.16937951067129228,0.07637266258724146,0.5621189405297351,-4.692737430167598,0.07683604883026743,4.769573478997865,1.2384449142127227,1.3840766964243008,0.5497251374312844,-4.4581005586592175,1.8112322940432795,6.269332852702497,1.3651749615883955,1.4395945456106316,0.8653673163418291,-5.162011173184358,-0.12143521935068526,5.040575953833673,1.294458712723032,1.4299564394333066,0.6057971014492753,0.46656671664167915,10005,0.05007496251874063,0.002198900549725137
htf,4,30,10005,-0.6050084077350073,0.1786917887433759,0.7837001964783832,0.17800608042197907,0.09451185375584484,0.9774112943528236,-0.5209779952300087,0.24251983027734839,0.763497825507357,0.1667628592633156,0.12264163818310078,0.9766116941529236,-0.6478865051972734,-0.00753340463544972,0.6403531005618237,0.18106696135230657,0.09463515330316173,0.4927536231884058,-4.803049555273189,1.0151261858244884,5.8181757410976775,1.631416072231712,1.5836813480619512,0.793303348325837,-4.767471410419313,1.4239964551149071,6.191467865534221,1.6636139303301256,1.645864904791375,0.7784107946026987,-5.372299872935196,-0.2670975160582241,5.105202356876972,1.5748502943597789,1.623894134425372,0.5533233383308346,0.4585707146426787,10005,0.0463768115942029,0.0036981509245377284
htf,5,30,10005,-0.702373283933238,0.024568164827159546,0.7269414487603975,0.19458278000680498,0.11085675485632104,0.7567216391804098,-0.605285824768611,0.07932084234225492,0.6846066671108659,0.18635750805051438,0.1271903759930662,0.856471764117941,-0.9593230477907627,-0.007696206634470291,0.9516268411562925,0.23808094642155103,0.11018330541757294,0.49345327336331835,-6.350080688542228,0.4023581429624196,6.752438831504647,1.8950574330029026,1.7464629580324564,0.632983508245877,-6.121140398063477,0.7428150331613865,6.863955431224864,1.986259164807377,1.7957820472640715,0.5994002998500749,-6.856159225389996,-0.2760788796799078,6.580080345710089,1.6768518879866467,1.7811198861743867,0.551424287856072,0.4383808095952024,10005,0.04287856071964018,0.003498250874562722
htf,6,30,10005,-0.9808292530117264,-0.005794533708336201,0.9750347193033903,0.24448955316345314,0.1181936349154462,0.41019490254872565,-0.9736090050382393,0.005540180375615351,0.9791491854138547,0.23408286936635941,0.13328674618033376,0.4992503748125937,-1.1773099545386505,-0.025222231605265884,1.1520877229333846,0.28728872802636385,0.11792579718025015,0.33003498250874563,-6.877981651376148,-0.20805944555587164,6.669922205820276,1.7912658409342637,1.8949622200619316,0.4574712643678161,-6.466972477064221,0.20005715918833963,6.667029636252561,1.7803121766552992,1.9433497573516254,0.45847076461769115,-7.000000000000003,-0.8864035123937641,6.113596487606238,1.571872441174802,1.9233356604919654,0.4057971014492754,0.2507746126936532,10005,0.034482758620689655,0.008395802098950522
htf,7,30,10005,-1.181311960880505,-0.017727547999514086,1.163584412880991,0.2935998356855023,0.1246813361843833,0.30314842578710643,-1.1590062033662067,0.035710578784512004,1.1947167821507187,0.2730767062183779,0.14221417024187552,0.712543728135932,-1.2134002754320057,-0.04337153814257307,1.1700287372894327,0.29874373443704616,0.12635828464092955,0.23488255872063968,-6.41635287789134,-0.30690537084399006,6.10944750704735,1.6026679064542204,2.0430908279830633,0.4468765617191404,-6.133189887036043,0.5434782608695661,6.676668147905609,1.6543907948061551,2.093356524245248,0.5415292353823088,-6.482625067240453,-0.786445012787724,5.696180054452729,1.4242868089273306,2.0676426620877155,0.43268365817091453,0.1953023488255872,10005,0.029585207396301848,0.004897551224387807
htf,8,30,10005,-1.181813339682685,-0.023496106467177875,1.1583172332155072,0.2932718312167811,0.12893005981683003,0.27456271864067966,-1.1468257848093357,-0.023154906577601077,1.1236708782317346,0.276570887430258,0.14417506768764177,0.2127936031984008,-1.2295759477160395,-0.08119663765759841,1.1483793100584412,0.3028607881422334,0.1289943653768761,0.1374312843578211,-6.5428725121032825,-0.6777493606138099,5.865123151489472,1.4503171367426324,2.1760588068630673,0.3731134432783608,-6.109090909090911,-0.6138107416879778,5.4952801674029335,1.4192727529652915,2.228346632120598,0.3102448775612194,-6.554922001075848,-2.5447570332480822,4.010164967827766,1.0731168500569728,2.210583525175452,0.15532233883058472,0.06266866566716642,10005,0.013093453273363318,0.01649175412293853
htf,9,30,10005,-1.3015415960446834,-0.07185410376798355,1.2296874922766998,0.2931479607234419,0.13827331550240382,0.11824087956021989,-1.2676400443690021,-0.05334330708775609,1.214296737281246,0.28233612389293583,0.15051806006792467,0.1185407296351824,-1.3366329158559538,-0.0773386061134988,1.259294309742455,0.31548843804084575,0.13877897609783704,0.15152423788105948,-6.274673233566963,-2.301694915254236,3.972978318312727,1.1553493640265642,2.318246697039314,0.15082458770614693,-6.193786702026899,-2.1808330511344387,4.01295365089246,1.1712996601505237,2.3500250711878556,0.1232383808095952,-6.541426573426574,-3.023060858551075,3.518365714875499,1.0277301533422003,2.3350453944861154,0.1215392303848076,0.04367816091954023,10005,0.008395802098950524,0.004697651174412794
htf,10,30,10005,-1.2797347492523472,-0.06293097098097947,1.2168037782713677,0.31423944239884866,0.14294095533561005,0.1456271864067966,-1.2066940341519223,-0.0527653301420153,1.153928704009907,0.293402759351028,0.15634024820927442,0.12983508245877062,-1.2830588520361856,-0.06775942428603016,1.2152994277501554,0.32995865513808287,0.14281022205093558,0.18030984507746126,-6.43442711135019,-2.5688478148010727,3.865579296549117,1.1477499867360932,2.409058468403028,0.1374312843578211,-6.350080688542228,-1.642750515716967,4.707330172825261,1.2490199673914588,2.4545650182338634,0.19430284857571214,-6.7838622915546,-2.5738946665671967,4.209967624987403,1.173898668905348,2.4229349595113825,0.17841079460269865,0.0607696151924038,10005,0.007296351824087956,0.0010994502748625677
htf,11,30,10005,-1.264366719024033,-0.06161810249243366,1.2027486165315995,0.32358928290661976,0.1485131112073466,0.15642178910544727,-1.2311553110345956,-0.05798041204960942,1.1731748989849862,0.3184554557350326,0.15945206379220064,0.12423788105947027,-1.3221020004888628,-0.07778303934578906,1.2443189611430738,0.3492425353687523,0.1483486123560327,0.16041979010494753,-6.683417085427138,-1.7714523248993392,4.911964760527798,1.2744808725723615,2.525628694655533,0.2351824087956022,-6.577889447236183,-1.4459871317304418,5.131902315505741,1.353989341427962,2.5671086105541137,0.22768615692153923,-7.123291457286435,-2.248379666893491,4.874911790392945,1.2741411987492552,2.5414027375193204,0.23148425787106447,0.08535732133933034,10005,0.0069965017491254375,0.0002998500749625188
htf,12,30,10005,-1.3197965239633638,-0.07128658027704086,1.248509943686323,0.3517192836092233,0.15332466798279426,0.13943028485757122,-1.2797347492523472,-0.06187540371808753,1.2178593455342597,0.33899610867955104,0.16420022838840892,0.1262368815592204,-1.327889053676539,-0.07808028533171128,1.2498087683448278,0.3528860259251581,0.1547162436604079,0.16401799100449774,-7.105527638190957,-1.9371417276141538,5.168385910576804,1.3063470446624155,2.6608462456506854,0.22648675662168916,-7.035175879396987,-1.6271990511958891,5.407976828201098,1.397596190452255,2.7003867116844518,0.216191904047976,-7.211055276381911,-2.2138762601304616,4.997179016251449,1.2272964516417864,2.682820030418153,0.2464767616191904,0.08205897051474263,10005,0.006696651674162919,0.0002998500749625188
htf,13,30,10005,-1.3267289607390087,-0.07066092858764843,1.2560680321513602,0.341299782044144,0.17572350925982333,0.1470264867566217,-1.2248527691637932,-0.05586513284139541,1.1689876363223977,0.33141112484267055,0.18512921438997304,0.14282858570714643,-1.3325429306044287,-0.07328779576983223,1.2592551348345966,0.3523737361939028,0.17456848726385743,0.18410794602698652,-7.087939698492465,-1.7046847203004556,5.38325497819201,1.2760491416487891,2.7695852117158073,0.26456771614192903,-7.000000000000002,-1.6714765763984982,5.328523423601504,1.355416016133447,2.811642605318956,0.22438780609695153,-7.263819095477389,-2.5083100547993515,4.755509040678038,1.222899652905803,2.779767968581892,0.22258870564717642,0.08895552223888056,10005,0.006196901549225388,0.000499750124937531
htf,14,30,10005,-1.2606198399905881,-0.06661474908198399,1.1940050909086042,0.35016623374957856,0.17660204976373586,0.16421789105447276,-1.2010784462995716,-0.04128506468365853,1.1597933816159132,0.33733490829613155,0.1841887418139645,0.19030484757621188,-1.2606198399905881,-0.07161535481137626,1.1890044851792119,0.359955749389707,0.17583338713239594,0.19590204897551225,-7.246231155778897,-1.852185116435221,5.394046039343676,1.3610051567066834,2.8743246881716527,0.2545727136431784,-7.070351758793971,-1.4564161188911129,5.613935639902858,1.448180412305884,3.430808299710458,0.25537231384307846,-7.246231155778897,-2.054059274639887,5.192171881139011,1.3349254317070076,2.892125892170409,0.27976011994002997,0.10624687656171913,10005,0.005897051474262869,0.0002998500749625188
htf,15,30,10005,-1.2185716037470886,-0.04639303956971051,1.172178564177378,0.34010666503206316,0.17887248520045132,0.22158920539730134,-1.2097867741913557,-0.03000112227285017,1.1797856519185055,0.32316874368421805,0.1922518612385026,0.23498250874562718,-1.2545036129731522,-0.05316639257041108,1.201337220402741,0.34934853207317657,0.18030562366339417,0.2492753623188406,-7.1231155778894495,-1.6324664189768507,5.490649158912599,1.4206433545710717,3.6715939857294093,0.28765617191404297,-7.096733668341711,-1.0643040868819655,6.032429581459746,1.4667548255862919,3.7695271037656846,0.30904547726136933,-7.228643216080405,-1.8645327236353242,5.36411049244508,1.3860444114022161,3.5696571178819445,0.31314342828585706,0.1486256871564218,10005,0.005397301349325337,0.0004997501249375319
htf,16,30,10005,-1.2127064842946906,-0.06093022406360055,1.1517762602310901,0.34181100428086747,0.18133449339792337,0.1839080459770115,-1.2068755639838973,-0.028170876966696335,1.1787046870172009,0.3178484794260165,0.1940744188730716,0.24887556221889057,-1.253532376858323,-0.06353162082446759,1.1900007560338555,0.35078475355312827,0.1819007968158765,0.22198900549725137,-7.105527638190957,-1.6142738143539264,5.491253823837031,1.444119126852916,3.685753743618639,0.29325337331334334,-7.087939698492465,-1.0002857959416982,6.087653902550767,1.519271325868829,3.761555228853463,0.3177411294352824,-7.211055276381911,-1.7096267007355697,5.501428575646342,1.3970210249975863,3.6931539657568813,0.3340329835082459,0.12873563218390804,10005,0.004897551224387806,0.000499750124937531
htf,17,30,10005,-1.2423822524408072,-0.0482569730077732,1.1941252794330341,0.34003088090353445,0.18916910092802877,0.22338830584707647,-1.1725864905052654,-0.03459144476961909,1.1379950457356462,0.33413113170125824,0.19778381189719288,0.22458770614692652,-1.2484245668967697,-0.06341322859085974,1.18501133830591,0.35657258257237523,0.18854104057856702,0.22308845577211395,-7.193467336683419,-1.696484709917118,5.496982626766301,1.4366546841616743,3.7746097341418072,0.288455772113943,-7.015814954276494,-1.2243498142326394,5.791465140043854,1.4772730334491178,3.9033592466155747,0.29555222388805596,-7.307834319526629,-1.772345278613992,5.535489040912637,1.354322034729261,3.790161632509825,0.32853573213393306,0.13663168415792104,10005,0.0047976011994002995,9.995002498750655e-05
htf,18,30,10005,-1.2167350559397874,-0.05715841383994864,1.1595766420998388,0.35560226740713125,0.19130938404518635,0.19630184907546228,-1.1544927470625663,-0.01545210455892161,1.1390406425036448,0.34300164228311336,0.20451307097284221,0.3322338830584708,-1.2541225880114075,-0.061154623353550805,1.1929679646578568,0.35934170380892644,0.18926827130251575,0.2288855572213893,-7.169445938676709,-1.4762810145205116,5.693164924156198,1.3686792669982712,3.877407614087301,0.320439780109945,-7.127272727272728,-0.5521577593598156,6.575114967912913,1.5292053359678675,3.970507223371725,0.3873063468265867,-7.482732651963422,-1.9254429421248216,5.557289709838601,1.3929275249988735,3.880654428704058,0.31904047976011995,0.1454272863568216,10005,0.0047976011994002995,0.0
htf,19,30,10005,-1.2076025723765147,-0.05625772994570898,1.1513448424308057,0.34494945793375514,0.19721803773217134,0.20569715142428785,-1.1806951194565904,-0.04778218208888352,1.132912937367707,0.3380308529347717,0.21080261636966474,0.1889055472263868,-1.2636920390275583,-0.05986527690275501,1.2038267621248033,0.35667063356960943,0.19601790520238616,0.2385807096451774,-7.452608929532007,-1.3307327799376814,6.121876149594325,1.4160170912051084,4.038690376016654,0.34472763618190905,-7.317052178590642,-1.1350085051784817,6.18204367341216,1.4489733468886128,7.4621307689071426,0.3188405797101449,-7.958687466379777,-1.4135392038742658,6.545148262505511,1.3824171374977368,4.024053643846163,0.3907046476761619,0.15072463768115943,10005,0.004597701149425287,0.00019990004997501223
htf,20,30,10005,-1.2636920390275583,-0.05255437003068176,1.2111376689968765,0.35532095944617637,0.2086767653574131,0.22178910544727637,-1.1768108279997134,-0.048323281537940715,1.1284875464617727,0.34258332801949265,0.21900911676985965,0.1953023488255872,-1.392621054547712,-0.09474535221266783,1.2978757023350442,0.3787538893424297,0.20713770906168816,0.16551724137931034,-7.796019365250135,-1.2454157920369846,6.5506035732131505,1.4384396465067046,7.17237902145946,0.36101949025487257,-7.771920387305004,-1.1475536492369405,6.624366738068064,1.4507262039620934,7.308595876824653,0.32863568215892053,-8.446691769768695,-2.1989443629091836,6.247747406859511,1.371486685624423,6.8362283694554975,0.30474762618690654,0.11484257871064468,10005,0.004197901049475262,0.0003998000999500253
htf,21,30,10005,-1.4317674670557818,-0.08990004766527741,1.3418674193905045,0.3743467453863822,0.21136074074292424,0.14382808595702148,-1.380313206873115,-0.08565880649479321,1.2946544003783218,0.3661645556819421,0.22363461478038454,0.12353823088455772,-1.447996320478003,-0.10361819946549333,1.3443781210125096,0.3814963128597909,0.21078534405617086,0.15482258870564716,-8.169553523399678,-2.5864406779661007,5.583112845433577,1.3929636169964303,6.92773618795959,0.23428285857071465,-8.018934911242605,-2.3520563529871756,5.666878558255429,1.3865461689269143,7.055841961352828,0.21579210394802598,-8.205701990317376,-3.1439168808435642,5.061785109473812,1.2547436145962094,6.660377902112582,0.2109945027486257,0.07316341829085457,10005,0.003598200899550225,0.0005997001499250371
htf,22,30,10005,-1.4253489597829923,-0.09127100968607908,1.334077950096913,0.3762239587576431,0.21768888833287742,0.14202898550724638,-1.3833759964036607,-0.06374359240531992,1.3196324039983407,0.36699164604933193,0.22824009219583996,0.16521739130434782,-1.4545623322488936,-0.09725465723159497,1.3573076750172988,0.39243270657063556,0.21435742765225058,0.1648175912043978,-8.217751479289943,-2.4992393510557895,5.718512128234153,1.3123618901709804,6.83214457430756,0.24127936031984007,-7.759870898332438,-2.083489236065622,5.676381662266817,1.3939893513293995,6.950930641389951,0.24097951024487757,-8.359332974717592,-2.655256498819696,5.704076475897896,1.2742418158966762,6.542543467417636,0.2629685157421289,0.08755622188905547,10005,0.003398300849575212,0.00019990004997501266
htf,23,30,10005,-1.4778889480665367,-0.06902912137844432,1.4088598266880923,0.3925496821342236,0.22086236301798448,0.19090454772613694,-1.4678251261273039,-0.06884635613988391,1.3989787699874199,0.3829365498088575,0.23296327877031037,0.15942028985507245,-1.565206876053325,-0.08784886501970078,1.4773580110336244,0.4047009911306275,0.2198805487928509,0.1873063468265867,-7.591178052716515,-2.3394682115098475,5.251709841206667,1.3667646751291551,6.745443884686468,0.2507746126936532,-7.4706831629908566,-2.0046967280188044,5.465986434972052,1.3971742463243473,13.925594854984277,0.2463768115942029,-7.946637977407209,-2.6430917296123706,5.303546247794839,1.2898287592081015,6.454120923861537,0.2644677661169415,0.10164917541229385,10005,0.003298350824587706,9.995002498750611e-05
htf,24,30,10005,-1.5462558715830301,-0.07858013541816498,1.4676757361648651,0.4053960143475204,0.23347103723682347,0.17781109445277363,-1.5135825106480179,-0.06410704225908818,1.4494754683889297,0.4002321400333547,0.24188736958146567,0.17511244377811094,-1.6159810110230364,-0.0796879641873012,1.5362930468357352,0.423890882206893,0.23252126859301578,0.2098950524737631,-7.705648197955892,-2.402203787687572,5.30344441026832,1.3233641874312314,7.099537147636581,0.2520739630184908,-7.699623453469608,-2.0559224743372524,5.6437009791323565,1.4072054143001778,7.244686547332129,0.2500749625187406,-7.982786444324908,-2.7259444396845924,5.2568420046403155,1.295070552723725,6.965301367773878,0.25687156421789104,0.10604697651174413,10005,0.003098450774612694,0.00019990004997501223
htf,25,30,10005,-1.5773495978825998,-0.07159174533438287,1.505757852548217,0.417908985789,0.23597020860292053,0.19610194902548725,-1.5773495978825998,-0.06374284130005256,1.5136067565825473,0.41578691998531636,0.2458234463596227,0.17971014492753623,-1.6666123110565365,-0.07913339792850398,1.5874789131280325,0.4384252633287185,0.2356339240114932,0.21389305347326337,-7.814093598708985,-2.4587995694391163,5.355294029269869,1.3651875024404265,7.241339153957019,0.24877561219390304,-7.687573964497043,-2.1977421821683465,5.489831782328697,1.4147398355071117,7.605488727534046,0.239880059970015,-8.079182356105434,-2.707714752650785,5.371467603454649,1.3221237620371378,7.063389591197893,0.26326836581709145,0.10974512743628186,10005,0.0029985007496251873,9.995002498750655e-05
htf,26,30,10005,-1.6428710580868844,-0.08153576390422058,1.5613352941826637,0.42620092378461216,0.24067393289816275,0.1776111944027986,-1.61079753195014,-0.06921150233225942,1.5415860296178805,0.41811522449106564,0.25133307457248405,0.17091454272863568,-1.6780353185850252,-0.08468712437674215,1.593348194208283,0.42851494399842616,0.23909071877628627,0.20509745127436282,-7.916514254975796,-2.5577693402527735,5.358744914723022,1.3116238575998223,7.789622068164346,0.24587706146926536,-7.705648197955892,-2.1838857195831216,5.52176247837277,1.347811433032568,36.04244670788726,0.24687656171914044,-7.982786444324908,-2.6330479215956575,5.34973852272925,1.2578218133880406,7.537515751325169,0.2710644677661169,0.10384807596201899,10005,0.002898550724637681,9.995002498750611e-05
htf,27,30,10005,-1.6244963763083018,-0.08283238066227193,1.5416639956460298,0.416247799331211,0.2444770575433821,0.17801099450274863,-1.604288151764623,-0.04912234720148483,1.5551658045631382,0.410592704239159,0.2542431606123935,0.22588705647176413,-1.6449806151592123,-0.08301772029768328,1.5619628948615292,0.41971291531115107,0.24426213617783127,0.2098950524737631,-7.711672942442176,-2.35198985898781,5.359683083454366,1.2804428456792605,36.23776514952056,0.26656671664167914,-7.30807530930608,-1.705962095734933,5.602113213571147,1.2987410721587906,36.562253599900096,0.28395802098950523,-7.741796664873589,-2.7459480911876897,4.995848573685899,1.2112159205443986,36.22155315200027,0.26026986506746624,0.10834582708645678,10005,0.002798600699650175,9.995002498750611e-05
htf,28,30,10005,-1.6716602773538412,-0.06011332831681375,1.6115469490370273,0.41077413717755135,0.24928136326852793,0.23428285857071465,-1.6455439161176364,-0.04198160458587981,1.6035623115317565,0.4064655478783242,0.25979702266129845,0.2512743628185907,-1.7033903187779649,-0.06574509903806555,1.6376452197398994,0.41949052181243707,0.2484292496022951,0.25487256371814093,-7.434534696073159,-2.0763286895161426,5.358206006557017,1.2070078281353018,10.816854779956804,0.2852573713143428,-7.133297471759012,-1.4631475409338137,5.670149930825199,1.2459766725542325,12.213848941412834,0.3021489255372314,-7.482732651963422,-2.2645328044275534,5.218199847535869,1.193549337318908,10.681630686353207,0.29665167416291854,0.14392803598200898,10005,0.0025987006496751624,0.00019990004997501266
htf,29,30,10005,-1.7187312723684955,-0.050736255650824465,1.6679950167176711,0.41519353087481214,0.25591375125204646,0.26456771614192903,-1.6741213716109138,-0.04679571678861576,1.627325654822298,0.4056774224822809,0.265453285431,0.23758120939530236,-1.7324656558180938,-0.06957739270668056,1.6628882631114132,0.42127340059270774,0.2537629713584787,0.248375812093953,-7.374287251210329,-1.7606017959173856,5.613685455292943,1.2360546949216837,12.459419024119644,0.312143928035982,-7.157396449704144,-1.627037468194234,5.5303589815099095,1.2807389306807415,12.695312108354553,0.288455772113943,-7.422485207100594,-2.391996799699567,5.030488407401027,1.2030849209277636,12.132948838285465,0.28415792103948023,0.14282858570714643,10005,0.0025987006496751624,0.0
htf,30,30,10005,-1.6796446414661315,-0.06374249960105052,1.615902141865081,0.3963446827716389,0.2592469972806742,0.2285857071464268,-1.623806958838734,-0.0617444969383773,1.5620624619003567,0.3876398915694864,0.2694510062037907,0.2002998500749625,-1.696103499413616,-0.08246207724366286,1.613641422169953,0.40388839835170515,0.25727656135968124,0.21739130434782608,-7.301990317374933,-2.197730772474119,5.104259544900815,1.1963775930444196,12.805215720485956,0.2707646176911544,-7.103173749327597,-2.130948627329646,4.972225121997951,1.2478398607317571,13.134809781279658,0.24387806096951525,-7.3863367401828945,-2.8169833910864726,4.569353349096422,1.1729331780521524,12.338876582298502,0.24407796101949025,0.10984507746126937,10005,0.002098950524737631,0.0004997501249375314
htf,31,30,10005,-1.6311390799482017,-0.07496303847345523,1.5561760414747465,0.38958389020789513,0.2623960156408544,0.2012993503248376,-1.5644073948789727,-0.061166435237487445,1.5032409596414853,0.37907089502216956,0.2718260960115992,0.20269865067466267,-1.6538896750049343,-0.07688104433595762,1.5770086306689768,0.3974448108383596,0.2588500850823133,0.23268365817091455,-7.265841850457236,-2.6007430694484155,4.665098781008821,1.260500098057574,12.76934455353623,0.23748125937031483,-7.097149004841313,-2.1366104601314686,4.960538544709845,1.3269052880356573,13.125479528700797,0.24447776111944028,-7.576116191500809,-2.664761360388683,4.911354831112126,1.3176353363553,12.430475956314814,0.26186906546726635,0.10834582708645678,10005,0.002098950524737631,0.0
htf,32,30,10005,-1.6316946355180464,-0.0670216852286611,1.5646729502893852,0.3932382937511212,0.26316874324180844,0.2241879060469765,-1.6040178449647613,-0.04840725058809113,1.5556105943766703,0.38222384804463727,0.27355183146612455,0.24517741129435283,-1.6597305634674828,-0.07802693203278134,1.5817036314347015,0.4005573380968097,0.2616280332121445,0.23278360819590205,-7.127272727272728,-2.3070469657416472,4.820225761531081,1.3056768771847818,12.916468810098623,0.2574712643678161,-6.831003811944091,-1.6817239254217593,5.149279886522331,1.281322755795028,13.23640704822888,0.27946026986506745,-7.313738569123186,-2.671312814471678,4.642425754651508,1.2596487743343983,12.708778119404048,0.2559720139930035,0.12143928035982009,10005,0.001999000499750125,9.995002498750611e-05
htf,33,30,10005,-1.6604452065337012,-0.04912180425863702,1.6113234022750642,0.39140547578697893,0.26837929350167844,0.28065967016491755,-1.6603022370574407,-0.036126516793535124,1.6241757202639056,0.38673800780994716,0.2770499494845085,0.2868565717141429,-1.7333880232931718,-0.04912180425863702,1.6842662190345348,0.39782248633881007,0.2678048373530237,0.32013993003498253,-6.831003811944091,-1.7059436992836214,5.125060112660469,1.3536987454003537,13.06154949243925,0.304047976011994,-6.6271752821840115,-1.2627527381447556,5.364422544039256,1.4039242787707629,13.419855211905714,0.31424287856071964,-7.99670682565252,-1.7059436992836214,6.290763126368899,1.3787106567693503,12.866086807930241,0.3617191404297851,0.1791104447776112,10005,0.001999000499750125,0.0
htf,34,30,10005,-1.7086278915442135,-0.035243278335471535,1.673384613208742,0.38772025547937655,0.27097842498331676,0.3313343328335832,-1.6851985873415987,-0.03365415466742436,1.6515444326741744,0.38445384397653704,0.28021166891965416,0.30094952523738133,-1.7336956682732938,-0.046259736586635826,1.687435931686658,0.3947275605638165,0.26758090859929234,0.33183408295852074,-7.598426792221229,-1.2324212571421689,6.36600553507906,1.4034886382753273,13.361778875969165,0.3647176411794103,-7.193157273358841,-1.1777813139034186,6.015375959455422,1.3477293818164813,13.592095343934822,0.3343328335832084,-7.905872634116836,-1.6088297550091326,6.297042879107703,1.358164320437971,12.878330957122706,0.367416291854073,0.21339330334832585,10005,0.0018990504747626188,9.995002498750611e-05
htf,35,30,10005,-1.7182766924682515,-0.055954385004401974,1.6623223074638496,0.3894414197623057,0.27376744377225165,0.2638680659670165,-1.6966963555151662,-0.05127475083453815,1.645421604680628,0.38018053765107745,0.28283377632264917,0.24067966016991504,-1.7336956682732938,-0.07287464676691688,1.660821021506377,0.39377754328995423,0.273617691561391,0.2516741629185407,-8.15742109566259,-1.9366619755091212,6.220759120153469,1.346497440626958,13.084684391345649,0.31464267866066964,-8.038635207346056,-1.7788132157041077,6.259821991641949,1.3623648840117895,13.595061710451565,0.2983508245877061,-8.702438700879606,-2.501274847119362,6.201163853760244,1.349144187815368,12.965450127376256,0.30684657671164417,0.15122438780609695,10005,0.0017991004497751124,9.995002498750633e-05
htf,36,30,10005,-1.742969305058623,-0.0662915944447269,1.6766777106138961,0.38868917831650673,0.2775373685479462,0.23398300849575213,-1.7033903187779649,-0.0662915944447269,1.637098724333238,0.3710573530056362,0.28708197914335554,0.20539730134932535,-1.7506070945067405,-0.08840823495670598,1.6621988595500345,0.38834131624280677,0.2746868171819894,0.2191904047976012,-9.037813502057752,-2.282739389847376,6.755074112210376,1.408509202580138,13.6479109951153,0.2992503748125937,-8.821203834928799,-2.282739389847376,6.538464445081423,1.4388670748244092,13.852626484309138,0.27006496751624187,-9.289360212272028,-2.93758869777273,6.351771514499298,1.4271511096045197,13.424159857163978,0.2783608195902049,0.13003498250874562,10005,0.0015992003998001,0.00019990004997501244
htf,37,30,10005,-1.7292440529703887,-0.08468701830529826,1.6445570346650904,0.38702133242791603,0.2833434823011196,0.200199900049975,-1.7033903187779649,-0.08357363908469938,1.6198166796932656,0.379053988167391,0.29128762478642556,0.17371314342828587,-1.749199854809259,-0.10097188918408026,1.6482279656251788,0.39075761939438836,0.279371329988414,0.19880059970014993,-8.639518250093293,-2.2805527989694645,6.358965451123828,1.3983584181219457,13.820610167767107,0.2985507246376812,-7.891865300386579,-2.233971372522356,5.657893927864222,1.3756694353031464,14.245193270182098,0.2631684157921039,-9.268385217136322,-2.859143148523035,6.4092420686132865,1.3963466010113756,13.43381784696638,0.28675662168915544,0.11354322838580709,10005,0.0014992503748125937,9.995002498750633e-05
htf,38,30,10005,-1.707278464845703,-0.08691754964107419,1.6203609152046288,0.38734953975094855,0.2838090546249382,0.19620189905047478,-1.6390850337930545,-0.08580168566068068,1.5532833481323738,0.37769193257032757,0.2932988663633387,0.1725137431284358,-1.723897671947041,-0.09965180411882575,1.6242458678282152,0.3992316737948141,0.2819018657636741,0.20089955022488756,-9.05874580727048,-2.5575995552022253,6.501146252068255,1.4687800013147605,13.58473674139234,0.2815592203898051,-8.464815653123177,-2.341854098770607,6.122961554352569,1.4529661127457552,14.137727263275298,0.2640679660169915,-9.582801825635753,-2.8346363344837404,6.7481654911520135,1.4574141916997239,13.499297384334502,0.2945527236381809,0.11644177911044477,10005,0.0013993003498250875,9.995002498750611e-05
htf,39,30,10005,-1.7104299644151348,-0.09965348045333992,1.6107764839617948,0.3938105336010192,0.2878944017845182,0.17881059470264868,-1.6887223026305629,-0.08246322157307508,1.6062590810574877,0.3847431158932113,0.29726651876417615,0.18120939530234884,-1.7336956682732938,-0.1015399175341809,1.632155750739113,0.4028407762142928,0.28596781324023873,0.20279860069965017,-9.505955786346636,-2.4497011555785564,7.05625463076808,1.5303686092552233,13.976530949193606,0.2981509245377311,-9.261396402085289,-2.314860087074181,6.946536315011108,1.5640170959348996,14.606022499512184,0.27926036981509245,-9.96712491095375,-3.2097144507850244,6.7574104601687255,1.5047891655602843,13.432401427762336,0.27006496751624187,0.11354322838580709,10005,0.0012993503248375812,9.995002498750633e-05
htf,40,30,10005,-1.7191860590056074,-0.08468701830529826,1.634499040700309,0.39214548657346465,0.2930528730693489,0.20889555222388806,-1.6597305634674828,-0.06702001481411135,1.5927105486533715,0.3891198315112676,0.29923384364873207,0.21729135432283858,-1.749043617015019,-0.0858016385210124,1.6632419784940067,0.4045544507933297,0.2908282734965082,0.23338330834582707,-9.820376454229528,-2.889817702893938,6.930558751335591,1.4767257650624537,13.861408383502445,0.2705647176411794,-9.198496684347115,-2.0206777819383706,7.1778189024087435,1.5872005744219844,14.561156278042986,0.30434782608695654,-9.827363867374272,-2.9262443486144916,6.9011195187597805,1.465887249709379,13.536747646368326,0.2913543228385807,0.13233383308345828,10005,0.0011994002998500749,9.995002498750633e-05
htf,41,30,10005,-1.6989227015182486,-0.06834780943007666,1.630574892088172,0.40398345026138205,0.2948850555262829,0.2433783108445777,-1.6598734512293891,-0.05343243676824348,1.6064410144611456,0.39848086440727837,0.30538713639191417,0.25497251374312846,-1.7033903187779649,-0.07231606860569713,1.6310742501722677,0.40138882050536717,0.2929835818442917,0.26416791604197903,-9.296342007758039,-1.8928277778050802,7.403514229952958,1.5478117545212609,13.762941497634955,0.34152923538230884,-8.178356479269569,-1.5189752930658125,6.659381186203756,1.4989877113957975,14.145590210641801,0.32733633183408295,-9.310316826864147,-1.9988017104870759,7.3115151163770715,1.4908155998858974,13.382788671353223,0.3583208395802099,0.16831584207896053,10005,0.0010994502748625688,9.995002498750611e-05
htf,42,30,10005,-1.6876932690961712,-0.05163385418336474,1.6360594149128065,0.4061850328516544,0.3012448268118112,0.29305347326336834,-1.6314168191528757,-0.0387834185596904,1.5926334005931853,0.39806944563292057,0.31021692873717777,0.3019490254872564,-1.7365513742161287,-0.05649566262554311,1.6800557115905856,0.41655992334074954,0.2998051211324668,0.3101449275362319,-8.367034874251186,-1.7909523166568786,6.576082557594307,1.4369444988169648,13.543369110727566,0.3349325337331334,-7.137251319393578,-1.3538326338798465,5.783418685513732,1.3852943126317796,14.226308159461881,0.31564217891054475,-8.54172003829346,-1.9548721976982673,6.586847840595193,1.4118103692747757,13.577354882029919,0.351624187906047,0.18510744627686157,10005,0.0009995002498750624,9.995002498750633e-05
htf,43,30,10005,-1.7261255630107921,-0.048406663578822874,1.6777188994319692,0.4103054938512744,0.3090158723790651,0.30594702648675665,-1.6863066643357025,-0.0327730177555569,1.6535336465801456,0.397137926708402,0.3159168934182294,0.3293353323338331,-1.726990240972146,-0.050019422641764205,1.6769708183303818,0.40737709219046836,0.30552080632537537,0.3345327336331834,-7.451682610886152,-1.6817040216460402,5.769978589240112,1.3579748949455772,14.244085039394973,0.3250374812593703,-7.046413011745637,-1.1474471298950086,5.8989658818506285,1.39062886777984,14.947122106500418,0.3331334332833583,-7.60540556228428,-1.7363439310296689,5.869061631254611,1.3526868012160704,14.11696717363212,0.3493253373313343,0.1918040979510245,10005,0.0008995502248875562,9.995002498750622e-05
htf,44,30,10005,-1.7209531376858043,-0.03330246750215857,1.6876506701836458,0.40008083758572227,0.311685086481473,0.36281859070464767,-1.6963234425791738,-0.030132892740879536,1.6661905498382943,0.39308397838388087,0.3200147794360419,0.344327836081959,-1.7559523354660256,-0.04715458031031016,1.7087977551557154,0.4075876079480072,0.30920169851819246,0.3470264867566217,-7.081297099205336,-1.1656772708179617,5.915619828387374,1.4177668133580872,14.835467922004764,0.35442278860569715,-7.039780261413146,-1.056397505504023,5.983382755909123,1.4113111524436546,15.174377679649398,0.3391304347826087,-7.7870260412102965,-1.6392229205116995,6.1478031206985975,1.4266186468092492,14.502549686043473,0.35942028985507246,0.21569215392303848,10005,0.0008995502248875562,0.0
htf,45,30,10005,-1.7089280115944852,-0.03612707146678911,1.672800940127696,0.40349319832596026,0.3171220955811853,0.3553223388305847,-1.6454030611276156,-0.034909150481094955,1.6104939106465206,0.3932377186461081,0.3243799674366327,0.32623688155922037,-1.8024299485737214,-0.04223902623058998,1.7601909223431313,0.4155947426952883,0.3136626484449357,0.3654172913543228,-7.70323368151553,-1.2627717778816618,6.440461903633868,1.4786058476428954,15.025485471825029,0.3658170914542729,-7.479636684036202,-1.220939914899803,6.2586967691363995,1.5226569745108405,15.684192593704777,0.3405297351324338,-8.290175799898778,-1.4719310927909464,6.818244707107832,1.4858202760531727,14.600884022667968,0.38640679660169913,0.22668665667166416,10005,0.0008995502248875562,0.0
htf,46,30,10005,-1.775737153481789,-0.04487053757508041,1.7308666159067085,0.4108645321833569,0.3217223798392884,0.3234382808595702,-1.7278556672485748,-0.03666398437159136,1.6911916828769833,0.4019439301686515,0.33093331436933304,0.3197401299350325,-1.776645831418007,-0.04662831619607197,1.730017515221935,0.4104973507594988,0.3181071724271431,0.34792603698150926,-8.548666230940816,-1.4935566434138372,7.055109587526978,1.55392495257615,15.186289034830633,0.3645177411294353,-7.6612647401081775,-1.280262601240679,6.3810021388674985,1.6202942117132515,15.662580834028798,0.3361319340329835,-8.807200523545596,-1.621351772581542,7.185848750964054,1.5908368279750116,14.699787285001946,0.3856071964017991,0.21839080459770116,10005,0.0008995502248875562,0.0
htf,47,30,10005,-1.764896938928924,-0.04627629421934469,1.7186206447095793,0.40886437620967797,0.3252156927978881,0.32013993003498253,-1.7005268955948007,-0.03438804231879658,1.6661388532760042,0.4024103762683822,0.3325072672644272,0.33043478260869563,-1.7793768299292385,-0.04838897106149308,1.7309878588677454,0.4146731488252438,0.3228258158381527,0.3460269865067466,-8.241222998128833,-1.4592600632030084,6.781962934925825,1.6383670085961761,15.144373659265634,0.35992003998001,-8.185323695462221,-1.2030258735745811,6.982297821887641,1.694498895429339,16.060379393957014,0.35752123938030983,-8.758291547794947,-1.6811041143967418,7.077187433398205,1.5974004064611529,21.159404714751286,0.37851074462768614,0.2222888555722139,10005,0.00079960019990005,9.995002498750622e-05
htf,48,30,10005,-1.7106878636262095,-0.04522179151533052,1.665466072110879,0.3991022609293358,0.3271268847948244,0.3247376311844078,-1.6938098258388579,-0.029706793642597432,1.6641030321962604,0.39525717234153723,0.3352504925897391,0.3543228385807096,-1.7577348671323088,-0.049094354003275734,1.708640513129033,0.40628014321509953,0.3233735991367947,0.34672663668165915,-8.4299044715047,-1.0939250806849503,7.33597939081975,1.6661076978631968,16.22651497106463,0.39190404797601197,-8.360030378013583,-1.0416801432097011,7.318350234803882,1.7036876461288337,17.416008202212577,0.37031484257871067,-8.988897219433628,-1.7050135933682207,7.283883626065408,1.707221108408864,15.517589689421113,0.38460769615192403,0.2318840579710145,10005,0.00079960019990005,0.0
htf,49,30,10005,-1.767595995898089,-0.04487053757508041,1.7227254583230085,0.4046928425375821,0.32980973747055414,0.3310344827586207,-1.7183769232940311,-0.020580654985396556,1.6977962683086345,0.3969656881078706,0.33913975635897325,0.3995002498750625,-1.7922210432034782,-0.04522184620332021,1.746999197000158,0.41444262357855227,0.3270325134331886,0.359720139930035,-9.731732556639997,-1.5615920055651336,8.170140551074864,1.801904099326524,16.266705866136856,0.3798100949525237,-9.146067203683835,-0.7249552673353946,8.42111193634844,1.791136938596632,17.130833313591115,0.4111944027986007,-9.987135492515616,-1.5735439589684124,8.413591533547203,1.7894088725668604,15.38186908158228,0.4096951524237881,0.2532733633183408,10005,0.00079960019990005,0.0
htf,50,30,10005,-1.733064012355713,-0.038392513176785464,1.6946714991789276,0.41409879522909493,0.3363635363204301,0.35462268865567215,-1.7203998355163295,-0.0343872836170298,1.6860125518992997,0.4054251685460701,0.3418889345180082,0.33933033483258374,-1.8137383759468304,-0.057239394238022136,1.7564989817088084,0.4228114919984688,0.33295803121053624,0.32553723138430785,-9.137260205895018,-1.3404473835326278,7.79681282236239,1.723541144371721,16.62165092458608,0.3884057971014493,-8.947909753435507,-1.202999785014562,7.744909968420945,1.7735225488740665,16.80247783143409,0.37251374312843577,-9.463119124081155,-1.9798775157688637,7.483241608312291,1.6961494553840875,16.15863550014504,0.3692153923038481,0.22688655672163918,10005,0.0006996501749125438,9.995002498750622e-05
htf,51,30,10005,-1.8184159654979415,-0.056351941149307506,1.762064024348634,0.4195150822134418,0.3380571644097349,0.29705147426286854,-1.8137383759468304,-0.0496238704437148,1.7641145055031155,0.41618320396643976,0.34674380239779484,0.2877561219390305,-1.8305454942632116,-0.062053007721974494,1.768492486541237,0.42145951020860556,0.33398454536182215,0.31384307846076964,-9.401470139559454,-1.9500379320766388,7.4514322074828145,1.6779698483580476,16.565522125368442,0.34802598700649673,-9.106435713634168,-1.7229508676460052,7.383484845988162,1.6762492467189893,17.368831303339903,0.33373313343328337,-9.64234152908353,-2.141269144228749,7.501072384854782,1.690062704305577,16.039791443717544,0.3586206896551724,0.19960019990004998,10005,0.0006996501749125438,0.0
htf,52,30,10005,-1.8305454942632116,-0.05777394241098847,1.7727715518522231,0.4200760338415086,0.3424117139920651,0.2956521739130435,-1.797373021860566,-0.035779565873828516,1.7615934559867374,0.4181482539323412,0.350528362207312,0.3391304347826087,-1.840253481602585,-0.06258893165115832,1.7776645499514268,0.4308599059467642,0.33795535981170627,0.3116441779110445,-9.546785603074891,-1.9978383047849284,7.548947298289963,1.743566937313771,17.08082654979622,0.3450274862568716,-9.339821155037752,-1.250841217079807,8.088979937957944,1.8406288167921174,18.10786455088365,0.3746126936531734,-10.533169355422114,-2.1591896757292335,8.37397967969288,1.9241554763909956,16.239712894105438,0.3696151924037981,0.20949525237381308,10005,0.0006996501749125438,0.0
htf,53,30,10005,-1.8263171581536903,-0.039439835163330564,1.7868773229903598,0.4312240154231774,0.34388035887316337,0.3548225887056472,-1.749356117017562,-0.01955158776349833,1.7298045292540636,0.4182287034070414,0.35357298430773654,0.4109945027486257,-1.845229043038201,-0.047331151870573976,1.797897891167627,0.43424068925580456,0.3400818017712842,0.35782108945527236,-10.229327931708015,-1.3762976630638402,8.853030268644176,1.9643879999832632,16.75932797653316,0.3997001499250375,-9.883274549483207,-0.6890595576683524,9.194214991814855,2.0305640221538757,20.68660095723337,0.4215892053973013,-10.51115186095008,-1.6452169216968577,8.865934939253222,1.959556724332316,16.490747260887673,0.40769615192403796,0.2694652673663168,10005,0.0006996501749125438,0.0
htf,54,30,10005,-1.7833708393304342,-0.047155896695763456,1.7362149426346707,0.42268354319690293,0.347302608647314,0.3297351324337831,-1.7336956682732938,-0.03421412809690739,1.6994815401763863,0.413762990700569,0.3564511315381033,0.3457271364317841,-1.8108609118625207,-0.08336056771447459,1.727500344148046,0.4249159549930669,0.3436855421803266,0.26436781609195403,-10.288518738518407,-1.6392676112160995,8.649251127302307,1.993278371937299,20.855473499373694,0.3792103948025987,-9.841324139889974,-1.1970451777926792,8.644278962097294,1.9978102856725495,23.651471942204704,0.3814092953523238,-10.323455816536251,-2.46937052946477,7.854085287071481,1.858096072691649,17.52977297884859,0.34292853573213394,0.1854072963518241,10005,0.0006996501749125438,0.0
htf,55,30,10005,-1.7996353496427056,-0.07935436816641743,1.720280981476288,0.4207091547284452,0.34946290508726147,0.2476761619190405,-1.7684973028541018,-0.06868615379724731,1.6998111490568544,0.41467021153825245,0.3612312862398596,0.2464767616191904,-1.8231658470528997,-0.07953616982131315,1.7436296772315867,0.4269439756019724,0.34595332616667396,0.27296351824087955,-9.74355198683419,-2.4605328643182816,7.283019122515908,1.8085195943529806,17.9038103788583,0.3152423788105947,-9.07276092487297,-2.1785016315750005,6.894259293297969,1.79313861878231,24.210620572943945,0.30144927536231886,-9.897274938533636,-2.5633567512559376,7.333918187277698,1.8080459164087668,16.305934966066975,0.33193403298350826,0.16081959020489756,10005,0.0005997001499250374,9.995002498750633e-05
htf,56,30,10005,-1.826027079333932,-0.07499963110577448,1.7510274482281574,0.4279889836752415,0.3554133834116783,0.2579710144927536,-1.7397137405988568,-0.06607112776440967,1.673642612834447,0.41443194608738915,0.36498443327913466,0.25517241379310346,-1.8365888673850406,-0.08208348599417951,1.754505381390861,0.43034698751995826,0.35137566371715884,0.2672663668165917,-9.894662015733067,-2.128558339670599,7.7661036760624675,1.8118844712459974,21.376321715359374,0.3407296351824088,-9.740539554428812,-1.831837977300836,7.908701577127976,1.85932048151391,22.292261262769426,0.336031984007996,-10.357029399645825,-2.457594781110339,7.899434618535485,1.8217552283873157,20.630342916072287,0.34612693653173415,0.17571214392803597,10005,0.0005997001499250374,0.0
htf,57,30,10005,-1.7387855227104294,-0.07935436816641743,1.659431154544012,0.41295940737545705,0.3590870998748402,0.24917541229385307,-1.722984012678366,-0.07048633430139523,1.6524976783769707,0.4069404732434856,0.3671676706259566,0.24607696151924038,-1.757043032270285,-0.08117387376300282,1.6758691585072822,0.41375158105709475,0.359438447598087,0.2737631184407796,-9.960714499149175,-2.2989623792011855,7.661752119947989,1.8211721536468615,21.40947354303729,0.3266366816591704,-9.150470702578241,-1.9728638889570704,7.177606813621171,1.8035982429507083,22.130036466716874,0.3148425787106447,-10.224880397824665,-2.4546670637321624,7.770213334092502,1.805498911459857,20.448476215245627,0.34382808595702147,0.1648175912043978,10005,0.0005997001499250374,0.0
htf,58,30,10005,-1.7214630998376594,-0.07518061466967037,1.6462824851679891,0.4072853252863923,0.36249040862564635,0.263768115942029,-1.7132899046500247,-0.06616992115695965,1.647119983493065,0.3925656305847932,0.37069129055665734,0.26026986506746624,-1.7972090739956197,-0.07862608004207296,1.7185829939535466,0.41114664086875063,0.3580228059294939,0.2820589705147426,-9.608434587596593,-2.3254033562631995,7.283031231333393,1.7828474613361303,21.269891997787315,0.3220389805097451,-9.604031088702186,-2.1109421915568616,7.4930888971453244,1.830986990740874,36.64453078293822,0.3169415292353823,-10.370239896329048,-2.69102935624055,7.679210540088498,1.8457952544159317,20.35787015827105,0.3315342328835582,0.1741129435282359,10005,0.0005997001499250374,0.0
htf,59,30,10005,-1.7988497634530796,-0.07463776221350321,1.7242120012395763,0.40173626242252686,0.3625759337128596,0.26756621689155424,-1.7260327955277246,-0.04909381732496842,1.6769389782027562,0.3868952160720432,0.3708356098885205,0.30834582708645675,-1.8104105858541555,-0.07536174414557882,1.7350488417085768,0.40425292408914276,0.3591173910666477,0.29195402298850576,-10.687291816726368,-2.1168300056013316,8.570461811125037,1.9660545937715552,20.56936085660558,0.3504247876061969,-10.471520370900413,-1.7049954086684111,8.766524962232001,2.010900645548552,21.018325908831468,0.3548225887056472,-11.62567743112455,-2.207902513241569,9.417774917882982,2.0439886795313535,20.684054163384666,0.3809095452273863,0.19900049975012493,10005,0.0005997001499250374,0.0
htf,60,30,10005,-1.7185797227736006,-0.06401908370776925,1.6545606390658314,0.3870130009218673,0.36411382995982144,0.2956521739130435,-1.6468125046308493,-0.05848483768045858,1.5883276669503907,0.36479758041333643,0.37313721775117986,0.2848575712143928,-1.7321583889544074,-0.07012432802625085,1.6620340609281565,0.3907243557170135,0.3620099751386091,0.3060469765117441,-10.674081320043147,-1.7848554809536539,8.889225839089493,1.9715494141003735,20.876307435365405,0.37031484257871067,-10.404807362650143,-1.7290368461059735,8.67577051654417,1.9672156890717158,21.731485272838853,0.3521239380309845,-11.074799719434207,-2.3900469956180084,8.6847527238162,1.9977409851309211,20.407400210549035,0.35962018990504746,0.208295852073963,10005,0.0005997001499250374,0.0
htf,61,30,10005,-1.6581601441283866,-0.06330337613321338,1.5948567679951733,0.36558636350255164,0.36922256349721255,0.2979510244877561,-1.651903013361025,-0.0524715217444605,1.5994314916165646,0.3608116958556965,0.3788200326293361,0.3039480259870065,-1.688575232992824,-0.07030457159219705,1.618270661400627,0.3706377215713096,0.36476720176871574,0.3080459770114943,-11.616430083446295,-2.1830647490295316,9.433365334416763,2.0544002566309243,21.100077420527168,0.36121939030484757,-10.449502876428378,-1.4646132011700812,8.984889675258296,2.0326132341085548,22.005650664694343,0.37021489255372314,-11.700096562440033,-2.3165824520738454,9.383514110366187,2.0609372307519833,20.218693584100365,0.37251374312843577,0.21639180409795103,10005,0.0005997001499250374,0.0
htf,62,30,10005,-1.6741213716109138,-0.057238007372547264,1.6168833642383664,0.36917710632027145,0.377573058177661,0.3188405797101449,-1.666900080842695,-0.04639303956971051,1.6205070412729845,0.36204625693149983,0.383587521789914,0.32413793103448274,-1.7298568919661281,-0.0687041444601914,1.6611527475059367,0.3794057528095788,0.3741633923894083,0.31624187906046974,-11.519553107769337,-1.5938895529403005,9.925663554829036,2.115492290106022,47.85677671569685,0.3981009495252374,-11.409465635409155,-1.4205579549601592,9.988907680448996,2.1623221992817485,69.81656993549326,0.38350824587706145,-12.05677997288702,-1.9023610408710558,10.154418932015965,2.091952879981193,44.716054435770864,0.40869565217391307,0.2380809595202399,10005,0.0005997001499250374,0.0
htf,63,30,10005,-1.6726729356682275,-0.05366090688583428,1.6190120287823933,0.3792122759280432,0.3805203677740259,0.33253373313343326,-1.6595876961195721,-0.038509854761875614,1.6210778413576965,0.37662561016721774,0.38921125589869926,0.3551224387806097,-1.7102796675786003,-0.0632927771471071,1.6469868904314933,0.3886926789387074,0.3766455862801133,0.33503248375812095,-11.59441258897426,-1.4969293560165042,10.097483232957755,2.1401597074043335,65.940546155776,0.4096951524237881,-11.180483692899978,-1.305970731375209,9.874512961524768,2.1318047500770625,76.57665939724322,0.39190404797601197,-11.660465072390368,-1.7572206505275734,9.903244421862794,2.0782670154465896,61.83306441667945,0.41339330334832586,0.2500749625187406,10005,0.0005997001499250374,0.0
htf,64,30,10005,-1.688575232992824,-0.05085246655475425,1.6377227664380698,0.3883381509903241,0.3839661527991652,0.3455272363818091,-1.6809572647130118,-0.035383136265820146,1.6455741284471916,0.37580370979263045,0.3919368812620283,0.3695152423788106,-1.8137383759468304,-0.05187791392852653,1.7618604620183038,0.40357993859223035,0.3791455587702713,0.367616191904048,-11.312588659732198,-1.420560890664706,9.892027769067491,2.1195890736421696,74.60663840790595,0.4100949525237381,-9.573206596441336,-0.9960454125645477,8.577161183876788,2.021614811797267,78.39739243359153,0.38990504747626187,-11.559140562830057,-1.4484702127543339,10.110670350075724,2.12906588711386,70.54464952151588,0.4337831084457771,0.26026986506746624,10005,0.0004997501249375312,9.995002498750622e-05
htf,65,30,10005,-1.790184622993095,-0.040121851612701286,1.7500627713803938,0.39152829538659834,0.39258038337674234,0.37971014492753624,-1.7890457633564587,-0.025394669083805044,1.7636510942726538,0.3792643051039208,0.39882607230549594,0.4096951524237881,-1.8303760170998538,-0.04033534435475894,1.7900406727450948,0.3969306140582887,0.38891026604196904,0.40549725137431286,-9.66568007322389,-1.126785520237545,8.538894552986344,2.0131598639508526,71.56098314009819,0.4029985007496252,-9.612838086491003,-0.7184281740844543,8.894409912406548,2.0204933618552348,72.2838296911263,0.4075962018990505,-10.599221838838222,-1.1326611655059327,9.466560673332289,2.0743421754391487,69.92142156699731,0.4413793103448276,0.29015492253873065,10005,0.0004997501249375312,0.0
htf,66,30,10005,-1.7890457633564587,-0.034162236649283244,1.7548835267071754,0.38675006621562896,0.39268549244313755,0.4023988005997001,-1.751859638900965,-0.024028084679803455,1.7278315542211615,0.3811503841152156,0.4003263413592061,0.41839080459770117,-1.8027984359084959,-0.04450734037522114,1.7582910955332747,0.3934639339985254,0.3893297722253555,0.392303848075962,-10.933887754813174,-0.96226056928621,9.971627185526964,2.081618262316429,72.42463778703845,0.43288355822088953,-10.72472155732883,-0.6802295262910475,10.044492031037784,2.0972586479466977,77.09313722275364,0.4276861569215392,-11.138650453403109,-1.247229435645908,9.891421017757201,2.095213053706386,70.69846797453218,0.440279860069965,0.304447776111944,10005,0.0004997501249375312,0.0
htf,67,30,10005,-1.7694025621267786,-0.04172347006681137,1.7276790920599672,0.3855388774740095,0.3953685700496614,0.37821089455272366,-1.7694025621267786,-0.029398622172518984,1.7400039399542595,0.3793938913214945,0.4036122726898785,0.39820089955022486,-1.8390561839311201,-0.04574050768517553,1.7933156762459446,0.406080287446738,0.39097979136347694,0.39320339830084955,-11.052782224962169,-1.1708339199480777,9.881948305014092,2.0268230542763632,76.27228880938476,0.424087956021989,-10.418678384167526,-0.8300462595068637,9.588632124660663,2.035789630892214,77.40892990877394,0.4142928535732134,-11.30378166194338,-1.2810023446596785,10.022779317283703,2.0334347330650164,72.32888470957427,0.44197901049475263,0.29415292353823086,10005,0.0004997501249375312,0.0
htf,68,30,10005,-1.8137383759468304,-0.04193743038070482,1.7718009455661257,0.40346246561078103,0.39852538997213877,0.3807096451774113,-1.7972090739956197,-0.04065510492180761,1.7565539690738121,0.40226312737830655,0.40721210324063944,0.35922038980509746,-1.8476399276225117,-0.08900751784439899,1.7586324097781127,0.4084650524234274,0.3942228674910449,0.2767616191904048,-11.365430646465082,-1.1767130085273292,10.188717637937753,2.0858678263293826,76.76447346736916,0.4285857071464268,-11.154062699533537,-1.1414591170326944,10.012603582500843,2.1006127674733315,79.66150059742506,0.4046976511744128,-12.536717317388465,-2.439977453751594,10.096739863636872,2.0939575891214326,70.56120187222966,0.3826086956521739,0.2062968515742129,10005,0.000399800099950025,9.995002498750622e-05
htf,69,30,10005,-1.829867757876714,-0.06563356254275204,1.764234195333962,0.41510319703211535,0.4153385027822346,0.3086456771614193,-1.7652657224960522,-0.06257244721922232,1.7026932752768298,0.4081590215829542,0.42477189507608654,0.29195402298850576,-1.865031670334381,-0.07824976712417707,1.786781903210204,0.4206530311210628,0.4105475853341097,0.3019490254872564,-12.37383189328434,-1.7204606853405393,10.6533712079438,2.231525776851172,78.9839246455589,0.40359820089955023,-12.171270944141607,-1.1374946679937452,11.033776276147861,2.251161808063573,88.12083110565018,0.41679160419790107,-12.704094310364884,-1.990615668989053,10.713478641375831,2.2332438143583344,62.71938505029673,0.4100949525237381,0.22978510744627687,10005,0.000399800099950025,0.0
htf,70,30,10005,-1.7888831749486542,-0.06892345880857506,1.7199597161400793,0.4187781532864082,0.42139882421991187,0.3019490254872564,-1.7888831749486542,-0.05236354230626601,1.7365196326423882,0.4140390106169765,0.42963173047293957,0.3211394302848576,-1.845745172081917,-0.08163713400864422,1.7641080380732728,0.4318588000349665,0.4177879919870105,0.2972513743128436,-12.448691374489265,-1.5000710934167498,10.948620281072515,2.3002085253617373,63.06098265528081,0.4188905547226387,-12.37383189328434,-1.0166358595194087,11.35719603376493,2.377104798329894,65.06682548609179,0.42628685657171417,-12.831795778302693,-1.663585951940851,11.168209826361842,2.3040035685898355,62.39915549821029,0.43448275862068964,0.23548225887056473,10005,0.000399800099950025,0.0
htf,71,30,10005,-1.8459172743110654,-0.0597382240203714,1.786179050290694,0.4289724186534626,0.4228020374450313,0.32593703148425784,-1.8021392401034786,-0.03841499527122878,1.7637242448322499,0.4056835451375449,0.4306144644717293,0.3654172913543228,-1.865031670334381,-0.06640018280449002,1.798631487529891,0.4322379679102183,0.41834374803622043,0.33703148425787105,-12.875830767246766,-1.1588226930186263,11.71700807422814,2.422445805798091,62.39738236867519,0.44417791104447774,-12.682076815892849,-0.9668704677946822,11.715206348098167,2.455062168928756,65.45645090864123,0.4334832583708146,-13.001330485737373,-1.727570027015499,11.273760458721874,2.3620267652856244,61.94772027114767,0.4303848075962019,0.26526736631684156,10005,0.000399800099950025,0.0
htf,72,30,10005,-1.831732639319109,-0.0505292176705724,1.7812034216485364,0.41617527620340933,0.41293615717157034,0.35692153923038483,-1.7809485531238394,-0.040228697412606644,1.7407198557112327,0.4071040089109219,0.4208087476092059,0.3661169415292354,-1.9564251678487818,-0.05604483215101887,1.9003803356977629,0.4495847822178358,0.40909631139028035,0.36571714142928535,-12.734918802625733,-1.4117571793404466,11.323161623285287,2.397070161970842,5540231.564940603,0.4294852573713143,-12.602813835793517,-0.9597611261197228,11.643052709673794,2.441550521930822,5540231.55889178,0.43268365817091453,-13.086670294310984,-1.5615861179334294,11.525084176377554,2.3826408508576926,60.9687540493505,0.4429785107446277,0.2875562218890555,10005,0.000399800099950025,0.0
htf,73,30,10005,-1.938095813726877,-0.04826611715565551,1.8898296965712214,0.44682484660767613,0.418609244999194,0.3645177411294353,-1.9169533771530676,-0.04370320830760445,1.873250168845463,0.44276261726134075,0.4256740396614903,0.35122438780609694,-1.958603817948004,-0.06115414955587769,1.8974496683921265,0.4479747022694824,0.41532515421645255,0.351624187906047,-12.413463383334006,-1.3500416708029237,11.063421712531083,2.437609706403855,5540231.565137138,0.42618690654672664,-12.232919928663309,-1.2251841248391593,11.007735803824149,2.5456570972883052,5540231.558795061,0.4116941529235382,-12.519147356799778,-1.6996427995014731,10.819504557298304,2.402170936883241,59.52869820801498,0.42528735632183906,0.26666666666666666,10005,0.000399800099950025,0.0
htf,74,30,10005,-1.9629754096095002,-0.051391812512210214,1.91158359709729,0.44910788592406,0.419563474176402,0.3572213893053473,-1.8880853931522152,-0.03448035306500034,1.8536050400872148,0.4394127768256693,0.4273928883025065,0.3884057971014493,-1.966266690693573,-0.05171569915471778,1.9145509915388552,0.44970492810914353,0.4152739635500009,0.3824087956021989,-12.078797467359054,-1.4352436905682169,10.643553776790837,2.500466217808054,63.53825378848771,0.41679160419790107,-11.387756385859728,-0.97106748912913,10.416688896730598,2.4772556607500684,63.95897155287448,0.41629185407296354,-12.149253449669573,-1.4440571627474421,10.705196286922131,2.4070733078711037,63.1527361992977,0.43888055972013995,0.27936031984008,10005,0.000399800099950025,0.0
htf,75,30,10005,-1.9274687211525905,-0.047082984359849374,1.880385736792741,0.44244239267530355,0.4242148998421147,0.37251374312843577,-1.9138202153210306,-0.03267735723340542,1.8811428580876253,0.4376357169986696,0.43183243792055465,0.39580209895052476,-1.9499175526920436,-0.06355496493877068,1.8863625877532728,0.4424541896122109,0.42120291750213307,0.34812593703148426,-11.810184034800212,-1.3177216051616583,10.492462429638554,2.362193042593624,22160925.844616838,0.4208895552223888,-11.72211405691207,-0.9211152247226597,10.800998832189409,2.407451375789863,22160925.838216543,0.42278860569715143,-12.880234266141173,-1.7642710112855706,11.115963254855602,2.3835175104328905,62.93456298915054,0.4278860569715142,0.2673663168415792,10005,0.000399800099950025,0.0
htf,76,30,10005,-1.9348958109962058,-0.05962986955965488,1.875265941436551,0.4409862444220594,0.43046903025527744,0.3351324337831084,-1.8942016201696514,-0.04740623312617681,1.8467953870434746,0.4393357527195284,0.437628115811545,0.34512743628185905,-1.9445267040571672,-0.08030357705028732,1.8642231270068799,0.45480745611568135,0.42552621343271224,0.3075462268865567,-12.897848261718803,-1.6585296842228314,11.239318577495972,2.443104669751422,382275968.58500546,0.4174912543728136,-12.461901871172486,-1.3265557052476569,11.13534616592483,2.516148185620299,382275968.57836807,0.40949525237381307,-12.91986575619084,-2.210840374907189,10.70902538128365,2.3866673845682276,77563240.11788177,0.4009995002498751,0.23398300849575213,10005,0.0002998500749625187,9.995002498750628e-05
htf,77,30,10005,-1.8952246381616862,-0.06903394106373076,1.8261906970979553,0.44012981457396266,0.4308561113231614,0.3104447776111944,-1.8472633986319602,-0.020161973290344193,1.827101425341616,0.43319527514886547,0.4394764227019766,0.4450774612693653,-1.9034466783137027,-0.09080290375867021,1.8126437745550326,0.44286973736521573,0.4259597149709736,0.2829585207396302,-12.541164851271816,-1.663585951940851,10.877578899330965,2.4235251857385136,121885091.52631982,0.4077961019490255,-12.475112367855708,-0.3554670837480451,12.119645284107662,2.518011132894955,121885091.51768227,0.4617691154422789,-13.540759100302258,-1.8910848855395999,11.649674214762658,2.4154189852023067,77563240.11757657,0.4260869565217391,0.2254872563718141,10005,0.0002998500749625187,0.0
htf,78,30,10005,-1.8521533839261521,-0.055827218573876375,1.7963261653522757,0.4373657217271148,0.43184904410250535,0.34812593703148426,-1.798705549482739,-0.04354258132566934,1.7551629681570697,0.42900292122280964,0.43822878995969633,0.35962018990504746,-1.8659739395447843,-0.059955864160369264,1.806018075384415,0.43937589215535977,0.4277974163270788,0.35952023988006,-14.421458879183708,-1.4076496516422587,13.013809227541449,2.6500975095854145,77563240.11181493,0.4413793103448276,-13.897442510749245,-0.9455424427698013,12.951900067979444,2.700071287782237,77563240.10504967,0.44237881059470263,-14.571177841593553,-1.6673277297930797,12.903850111800473,2.6665969987611575,77563240.11735258,0.447776111944028,0.28875562218890555,10005,0.0002998500749625187,0.0
htf,79,30,10005,-1.8375545845049994,-0.06727771479179863,1.7702768697132008,0.4312828081205662,0.44615760241802893,0.31634182908545727,-1.8089812120609432,-0.06060993034609433,1.748371281714849,0.4315976446042682,0.4537810734557919,0.31084457771114443,-1.8789806261592963,-0.08766397365312129,1.791316652506175,0.4372730199981438,0.4433058323110202,0.29355322338830586,-14.364213393556414,-1.7844447604151874,12.579768633141226,2.702609640983972,77563240.11194625,0.41809095452273864,-14.293757411245895,-1.6552020636285483,12.638555347617347,2.755487199855996,138505785.80054912,0.4047976011994003,-14.73851079958103,-1.9681857265692193,12.770325073011811,2.645600680875341,77563240.11752413,0.4310844577711144,0.23468265867066468,10005,0.0002998500749625187,0.0
htf,80,30,10005,-1.86299626985086,-0.08119207728396914,1.7818041925668908,0.438888093576183,0.45083154690303767,0.288655672163918,-1.846288264473754,-0.07200399028438986,1.774284274189364,0.4343196681481388,0.4573515590397335,0.2862568715642179,-1.9179999497237383,-0.1051648644912325,1.812835085232506,0.4427369512393361,0.44583340847281966,0.2597701149425287,-14.883826263096468,-1.7984886649874054,13.085337598109064,2.7676894513226022,138505785.8061961,0.42128935532233885,-14.751721296264252,-1.3400503778337527,13.411670918430499,2.800843352407611,138505785.79908013,0.42468765617191406,-15.112808205605642,-1.8357695614789353,13.277038644126707,2.6918307577269522,77563240.1185693,0.44337831084457774,0.21369315342328835,10005,0.0002998500749625187,0.0
htf,81,30,10005,-1.8699580085596588,-0.11225262678670461,1.7577053817729542,0.43405668464422836,0.45031526240126507,0.22798600699650176,-1.8541160930940008,-0.10192413758288799,1.7521919555111127,0.43447675820618115,0.45824666629351307,0.22598700649675163,-1.966266690693573,-0.12054664968088974,1.8457200410126833,0.4439990742649863,0.4455612124709309,0.23568215892053973,-15.139229198972087,-1.3241616509028378,13.81506754806925,2.766286381217067,77563240.11229298,0.4482758620689655,-14.875019265307655,-1.2639724849527088,13.611046780354947,2.8326180764395907,132965554.3736359,0.4289855072463768,-15.161246693444122,-1.6852966466036121,13.47595004684051,2.729922048232774,77563240.11816747,0.44767616191904047,0.18960519740129936,10005,0.0002998500749625187,0.0
htf,82,30,10005,-1.9618807187503189,-0.11501011286339347,1.8468706058869255,0.4433702493017699,0.45166541988632847,0.22458770614692652,-1.8911388306391057,-0.10073313002457494,1.7904057006145309,0.43591253750949704,0.46054889546815125,0.2302848575712144,-1.976206032596131,-0.1236751777666746,1.8525308548294563,0.45159358949235934,0.4475486940113777,0.23268365817091455,-14.949878746512576,-1.3241616509028378,13.625717095609739,2.807601820751645,77563240.11261183,0.44567716141929037,-14.875019265307655,-0.8816120906801007,13.993407174627555,2.8776852890265623,160666711.50784826,0.4494752623688156,-15.385825137058893,-1.7454858125537411,13.640339324505153,2.827239192949049,77563240.11847135,0.44877561219390305,0.18850574712643678,10005,0.0002998500749625187,0.0
htf,83,30,10005,-1.8679639899527944,-0.10790258199072207,1.7600614079620724,0.43937202417980614,0.44571965504679917,0.23788105947026486,-1.7894547897105881,0.040005334613699206,1.8294601243242874,0.43988226931101665,0.45727540091436636,0.6360819590204898,-1.879988182919596,-0.11823562456096778,1.7617525583586282,0.43612379481490615,0.44290718719705513,0.2416791604197901,-15.447474121580594,-1.1284634760705292,14.319010645510065,2.9334105292228685,105264397.24644296,0.4640679660169915,-15.315369154748378,0.28211586901763247,15.59748502376601,3.0087720791177452,116344860.0923966,0.5226386806596701,-15.54875459615196,-1.586901763224181,13.961852832927779,2.8135591140049283,77563240.11792828,0.4576711644177911,0.20599700149925038,10005,0.0002998500749625187,0.0
htf,84,30,10005,-1.817467825938262,-0.09362078637730357,1.7238470395609584,0.4340684833571129,0.4500324139907712,0.2657671164417791,-1.7613094911352682,-0.0914768962109181,1.6698325949243502,0.42275406485140854,0.45738449203732123,0.2476761619190405,-1.8820063470758333,-0.11621866731292023,1.765787679762913,0.43703708549971204,0.4451642357712153,0.24567716141929036,-15.451877620475,-1.4079147640791465,14.043962856395854,2.8250066776958933,77563240.11168921,0.4484757621189405,-15.21408868017701,-1.4029680365296788,13.811120643647332,2.8126566802947957,188367868.64079028,0.42668665667166417,-15.522333602785519,-2.0547945205479436,13.467539082237575,2.7365079605577636,55402314.410427235,0.4318840579710145,0.2012993503248376,10005,0.0002998500749625187,0.0
htf,85,30,10005,-2.005487403846854,-0.09012938088793306,1.915358022958921,0.45215008986600586,0.45107113740051286,0.27136431784107945,-1.912778005742587,-0.08844767187563633,1.8243303338669505,0.44188568019368574,0.4577868306458597,0.2545727136431784,-2.048693189722386,-0.10710387468115455,1.9415893150412313,0.4541557870455978,,0.2607696151924038,-15.377018139270078,-1.50304414003044,13.873973999239638,2.822819384777132,188367868.64716074,0.4415792103948026,-15.315369154748378,-1.4840182648401816,13.831350889908197,2.8846746496849174,188367868.64078823,0.4191904047976012,-15.636824574040103,-2.207001522070014,13.42982305197009,2.780325128073421,188367868.65332085,0.4235882058970515,0.20999500249875064,10005,0.0002998500749625187,0.0
htf,86,30,10005,-1.9264121970183905,-0.10289442316263275,1.8235177738557578,0.4490295168629827,0.46446434353137606,0.2476761619190405,-1.8952246381616862,-0.06022192513185199,1.835002713029834,0.4518127871492543,0.47207838660627693,0.3258370814592704,-1.9873668627336594,-0.12016086044234756,1.8672060022913117,0.4546926017382455,0.4612491506711506,0.2399800099950025,-15.482702112735852,-1.8271186440677951,13.655583468668057,2.8977727302594527,188367868.6473202,0.4237881059470265,-15.332983150326005,-1.6574307304785894,13.675552419847415,3.0231906846552064,188367868.63959923,0.41199400299850075,-15.606000081779255,-2.2269991401547733,13.379000941624483,2.8312160040020315,188367868.65289968,0.42148925537231385,0.19720139930034983,10005,0.0001999000499750125,9.995002498750622e-05
htf,87,30,10005,-1.9553376201613828,-0.07880273601549939,1.8765348841458833,0.4647840461735219,0.46868911281063663,0.3021489255372314,-1.8952246381616862,-0.03643348996006044,1.8587911482016257,0.4648766220152809,0.4769744602239782,0.39770114942528734,-2.045119630231521,-0.13213554188078394,1.912984088350737,0.4722643372516122,0.46487725397411517,0.22338830584707647,-15.663245567406546,-1.7559322033898306,13.907313364016716,3.0423094614000203,188367868.64645234,0.42938530734632685,-15.663245567406546,-1.057934508816121,14.605311058590425,3.19590442385993,188367868.63983998,0.4482758620689655,-16.06396396679761,-2.136715391229579,13.92724857556803,2.9161839205838374,188367868.6521597,0.43098450774612695,0.19130434782608696,10005,0.0001999000499750125,0.0
htf,88,30,10005,-2.0135195755441186,-0.08749634305151119,1.9260232324926074,0.46983579564291045,0.47117023867799224,0.2829585207396302,-1.9728819298122924,-0.06732759216789025,1.9055543376444022,0.46120496256719734,0.4785971545240982,0.30974512743628185,-2.224354398393804,-0.12405264866997888,2.100301749723825,0.4894421515590338,0.4665591570741015,0.23588205897051473,-15.883420512126909,-1.8658641444539992,14.01755636767291,2.9843487968680944,188367868.6461973,0.42648675662168917,-15.720491053033843,-1.1435941530524518,14.576896899981392,3.043456770162397,216069025.77327794,0.44247876061969016,-16.05515696900879,-2.1066208082545153,13.948536160754276,2.8929246016231187,177287405.79833743,0.4303848075962019,0.20189905047476261,10005,0.0001999000499750125,0.0
htf,89,30,10005,-2.2158557636723413,-0.09260273712608508,2.1232530265462564,0.48999502129457867,0.47527491202574323,0.27316341829085455,-2.192161275379673,-0.009377161812597044,2.182784113567076,0.48545860096347104,0.4832988849735639,0.512343828085957,-2.2739272300762403,-0.09700049647385482,2.1769267336023854,0.5040531475561842,0.4714561110443773,0.2870564717641179,-15.892227509915726,-0.9630266552020648,14.929200854713661,2.9464426859018484,188367868.64555305,0.4751624187906047,-15.817368028710801,-0.336096027436412,15.48127200127439,3.1110748609858714,216069025.77267486,0.4890554722638681,-16.165244441368973,-1.0533104041272576,15.111934037241715,2.908723669413357,177287405.7981086,0.49195402298850577,0.24397801099450275,10005,0.0001999000499750125,0.0
htf,90,30,10005,-2.241571466436799,-0.04965720660878297,2.191914259828016,0.498418009853961,0.48989784100974526,0.3857071464267866,-2.228630955161064,-0.028894465999715003,2.199736489161349,0.48694447601151425,0.49872772283247346,0.42848575712143927,-2.3135665659668496,-0.07712105393749391,2.2364455120293556,0.5220849610987865,0.4858078867777813,0.33523238380809595,-15.557561593940775,-0.5417024935511614,15.015859100389614,2.991666665995216,216069025.768728,0.49795102448775613,-15.434043449952652,-0.27085124677558137,15.16319220317707,3.056459786932863,216069025.75641686,0.49075462268865566,-15.711684055245026,-0.9931212381771286,14.718562817067898,2.9012439854611705,216069025.77526146,0.49505247376311845,0.2944527736131934,10005,0.0001999000499750125,0.0
htf,91,30,10005,-2.367893022494572,-0.07688104433595762,2.2910119781586142,0.5237911598893037,0.4827506515362239,0.3141429285357321,-2.3292408680602925,-0.05810003349520968,2.2711408345650828,0.516687747337507,0.4927265235112203,0.34222888555722136,-2.4046864703763724,-0.08798154441959374,2.3167049259567785,0.5295191399045135,0.4765401879665214,0.30934532733633185,-15.403439132636523,-0.8426483233018067,14.560790809334716,2.9200177118971973,271471340.03144234,0.47896051974012993,-15.240509673543455,-0.7523645743766124,14.488145099166843,2.9242192526653294,548482911.3600551,0.46456771614192904,-15.610403580673662,-1.203783319002581,14.406620261671081,2.8477510539948865,160666711.50309506,0.4815592203898051,0.26306846576711646,10005,0.0001999000499750125,0.0
htf,92,30,10005,-2.3451647714170156,-0.07352694440184611,2.2716378270151694,0.5233956855164604,0.48534624293004114,0.32553723138430785,-2.2357994446396767,-0.05574764473693076,2.180051799902746,0.5095655580600233,0.4944512193487495,0.34962518740629683,-2.3516060175198725,-0.0761613609655639,2.2754446565543085,0.5199696790966466,0.4816396132013342,0.3425287356321839,-15.522333602785519,-1.0834049871023228,14.438928615683196,2.883320146039961,277011571.4559135,0.4687656171914043,-15.39683388429491,-0.8727429062768706,14.52409097801804,2.8905954404920498,277011571.44793564,0.4601699150424788,-15.614763044579126,-1.3241616509028378,14.290601393676289,2.850828407638517,277011571.4627219,0.4765617191404298,0.2802598700649675,10005,0.0001999000499750125,0.0
htf,93,30,10005,-2.179840790991632,-0.04989076961346498,2.1299500213781672,0.4982690198873085,0.48851141577204027,0.3887056471764118,-2.096350344438194,-0.04128506468365853,2.0550652797545355,0.4879148259594409,0.4945889660558689,0.39120439780109945,-2.1852978304546906,-0.06946917537783295,2.1158286550768577,0.5013321428561363,0.48465419582708696,0.35782108945527236,-15.456281119369407,-1.203783319002581,14.252497800366827,2.785263803995707,277011571.4562001,0.46186906546726636,-15.381421638164484,-0.5417024935511614,14.839719144613323,2.917179098352481,277011571.4483964,0.47466266866566714,-15.592789585096034,-1.203783319002581,14.389006266093453,2.7871498639983896,271471340.03538734,0.48075962018990503,0.30364817591204396,10005,0.0001999000499750125,0.0
htf,94,30,10005,-2.133320775356739,-0.06305813596713691,2.070262639389602,0.4984301646025903,0.49113010240777516,0.3521239380309845,-2.060698135819209,-0.032810920091950246,2.027887215727259,0.49005449927102857,0.4980761017647492,0.4226886556721639,-2.1623083122299915,-0.09431067947124129,2.0679976327587504,0.5000409984769818,0.4863780854446444,0.2978510744627686,-15.54875459615196,-0.6018916595012905,14.94686293665067,2.869911388061034,271471340.0276918,0.4935532233883059,-15.332983150326005,-0.3069647463456588,15.026018403980347,2.966648195542269,282551802.87275153,0.48555722138930535,-15.608201831226458,-1.203783319002581,14.404418512223877,2.7615050662312104,216069025.76605892,0.47896051974012993,0.25987006496751625,10005,0.0001999000499750125,0.0
htf,95,30,10005,-2.139835456377933,-0.07396366159715426,2.0658717947807785,0.49646915160611715,0.4913973250326856,0.32283858070964516,-2.105149898390043,-0.008658062743114541,2.0964918356469284,0.4989493540665228,0.4983166091820805,0.5224387806096952,-2.2046354496048486,-0.08870978817067639,2.115925661434172,0.5104031843643736,0.48626040810656435,0.3118440779610195,-15.570772090623999,-0.5565435715032951,15.014228519120703,2.888537166173198,277011571.452591,0.4947526236881559,-15.30656215695956,-0.13527441381087263,15.171287743148687,3.019963104714754,282551802.8727281,0.495752123938031,-16.0595604679032,-0.7689088816821849,15.290651586221015,2.8849786130765978,277011571.46058106,0.5060469765117441,0.26916541729135435,10005,0.0001999000499750125,0.0
htf,96,30,10005,-2.117856549659158,-0.08615893469097263,2.031697614968185,0.4913778286433543,0.4945603567878098,0.29525237381309344,-2.040374662847295,0.07472354619593657,2.1150982090432318,0.4851780532062087,0.5026482678589975,0.6862568715642179,-2.1949198978187523,-0.10129471815158127,2.093625179667171,0.5038242753228601,0.49173500869894554,0.2852573713143428,-16.147630445791343,-0.644418872266974,15.50321157352437,2.922854003416679,277011571.453173,0.4931534232883558,-16.09478845905846,1.2174697242978616,17.31225818335632,3.2586104204577166,415517357.11515474,0.5661169415292354,-16.52192785181596,-0.7624646929595145,15.759463158856445,2.9100016601542933,277011571.4608856,0.5079460269865067,0.24907546226886557,10005,0.0001999000499750125,0.0
htf,97,30,10005,-2.1320229166411395,-0.05951412753240772,2.0725087891087317,0.5187637871086218,0.5063799043045745,0.3633183408295852,-2.0888690127859055,-0.03735578654376886,2.0515132262421365,0.47504925196543724,0.5138405911505286,0.40589705147426286,-2.213038860401228,-0.06163902503834358,2.1513998353628847,0.5451843772731538,0.5025754476297911,0.3811094452773613,-16.125612951319308,-0.5711894549639078,15.554423496355401,2.9786704915061764,415517357.12120295,0.49345327336331835,-15.830578525394024,-0.4540223872790048,15.376556138115019,3.0818411790539284,437678282.8192652,0.47966016991504246,-16.3039546565428,-0.8055235903337166,15.498431066209083,2.942700226467585,415517357.13187355,0.5039480259870065,0.32033983008495753,10005,0.0001999000499750125,0.0
htf,98,30,10005,-2.139835456377933,-0.05480823649499503,2.085027219882938,0.49772193969018086,0.5077372894263412,0.37821089455272366,-2.117856549659158,-0.03871772856013208,2.079138821099026,0.4970564404789183,0.5147345932312873,0.4018990504747626,-2.2620400172921937,-0.06329485037231362,2.1987451669198803,0.5170662187142143,0.5027350468313648,0.3773113443278361,-15.83938552318284,-0.4686682707396175,15.370717252443221,3.051805553364015,415517357.1256843,0.5003498250874563,-15.62801757625129,-0.3222094361334864,15.305808140117804,3.108068168519448,548482911.3611253,0.48665667166416793,-15.962683492226242,-0.8933988910973956,15.069284601128846,2.9827373458722546,415517357.1321475,0.4969515242378811,0.3213393303348326,10005,0.0001999000499750125,0.0
htf,99,30,10005,-2.275423116667823,-0.07018405685710451,2.2052390598107183,0.5190094210224725,0.5101608397531036,0.34292853573213394,-2.2074287475104613,-0.05612374346882315,2.151305004041638,0.5154611796692836,0.5173888769787883,0.3553223388305847,-2.435830856078138,-0.08895265398850634,2.3468782020896315,0.5589869122307141,0.5041643627486968,0.31724137931034485,-15.804157532027583,-0.7469400564912644,15.05721747553632,3.0052556881722876,548482911.3682083,0.48595702148925535,-15.590587835648831,-0.42604874986923275,15.164539085779598,3.0448238529469935,548482911.360396,0.4836581709145427,-15.812964529816394,-0.7469400564912644,15.06602447332513,2.9111708741939144,548482911.3749845,0.5037481259370314,0.2704647676161919,10005,0.0001999000499750125,0.0
htf,100,30,10005,-2.4899957192954716,-0.07801225012315456,2.411983469172317,0.5529473141690073,0.5151786852101181,0.3229385307346327,-2.457146050277185,-0.038245578995075066,2.41890047128211,0.5376620099196803,0.5236080374162969,0.4059970014992504,-2.52204370232183,-0.0923128002653507,2.4297309020564795,0.5551813605947835,0.5085786183148823,0.3087456271864068,-15.773333039766728,-0.5858353384245218,15.187497701342206,2.9900079763503498,548482911.3607343,0.49485257371314345,-15.139229198972087,-0.2929176692122609,14.846311529759825,3.0226592821875364,548482911.3436562,0.48595702148925535,-15.821771527605208,-0.6883565226488122,15.133415004956396,2.918354044932835,415517357.12546897,0.5076461769115442,0.2657671164417791,10005,0.0001999000499750125,0.0
