rule,param,trigger_rate,n_triggered,median_capture,mean_capture,median_realized,mean_realized,p25_capture,p75_capture
n_bar_exit_20,20.0,0.9994871794871795,1949,0.2722566329172489,0.32895827114808324,0.3463776549316264,0.4391233219597029,0.15695150315145148,0.42354415520484895
n_bar_exit_13,13.0,0.9994871794871795,1949,0.21215235965002266,0.2652920347928074,0.27311411992263035,0.3516350085095337,0.12536020948964727,0.34813519228516965
n_bar_exit_8,8.0,0.9994871794871795,1949,0.15492662232519203,0.20613177442652542,0.19455894476504532,0.2761167333284543,0.08520019666807879,0.26724765124115857
ma_cross_5,5.0,0.9994871794871795,1949,0.14092140921409224,0.20308251449946754,0.18009478672985768,0.2738936950688624,0.07099352479892575,0.26757956219491397
n_bar_exit_5,5.0,1.0,1950,0.12337960118364705,0.1833402430324872,0.15376118143339645,0.24811133942261773,0.06929487531041952,0.23036161972353847
n_bar_exit_3,3.0,1.0,1950,0.08842199032438461,0.13757285942011538,0.11176031057864655,0.19260497799445817,0.045472281426162664,0.17323933401317274
n_bar_exit_2,2.0,1.0,1950,0.06252980997646725,0.10617857003933677,0.07944866018591301,0.15140417520454275,0.030362820130419375,0.1260517611700712
trail_pct_2pct,0.02,0.9994871794871795,1949,0.050433667274776155,0.08571482205370437,0.06653369425844136,0.12034180365434281,0.020821378629457262,0.11207507257512539
n_bar_exit_1,1.0,1.0,1950,0.04031198074233826,0.07243168037264625,0.051964109408710324,0.10757109750454587,0.018194801913539557,0.0884402763411936
