Date,Close,High,Low,Open,Volume,SMA50,SMA200,ext_sma50_pct,ext_sma200_pct
2023-11-17,5.25,6.328999996185303,4.5,5.0,2056300,,,,
2023-11-20,5.659999847412109,6.0,4.789000034332275,4.960000038146973,1229300,,,,
2023-11-21,5.550000190734863,6.539999961853027,5.5,5.840000152587891,583600,,,,
2023-11-22,5.210000038146973,5.599999904632568,5.210000038146973,5.369999885559082,225400,,,,
2023-11-24,4.619999885559082,5.21999979019165,4.5,5.090000152587891,130200,,,,
2023-11-27,4.559999942779541,4.933000087738037,4.539999961853027,4.559999942779541,210200,,,,
2023-11-28,4.659999847412109,4.960000038146973,4.539999961853027,4.75,164000,,,,
2023-11-29,4.190000057220459,4.760000228881836,4.190000057220459,4.739999771118164,142900,,,,
2023-11-30,4.269999980926514,4.460000038146973,4.150000095367432,4.210000038146973,66800,,,,
2023-12-01,4.480000019073486,4.75,4.320000171661377,4.369999885559082,80400,,,,
2023-12-04,5.03000020980835,5.25,4.320000171661377,4.320000171661377,144500,,,,
2023-12-05,4.96999979019165,5.269000053405762,4.829999923706055,4.940000057220459,54700,,,,
2023-12-06,5.090000152587891,5.199999809265137,5.0,5.150000095367432,44800,,,,
2023-12-07,5.110000133514404,5.300000190734863,5.010000228881836,5.25,55300,,,,
2023-12-08,5.010000228881836,5.300000190734863,5.0,5.170000076293945,40700,,,,
2023-12-11,4.984000205993652,5.130000114440918,4.829999923706055,4.989999771118164,38700,,,,
2023-12-12,4.78000020980835,4.949999809265137,4.769999980926514,4.949999809265137,27300,,,,
2023-12-13,4.800000190734863,5.0,4.690000057220459,5.0,18500,,,,
2023-12-14,4.730000019073486,4.929999828338623,4.690000057220459,4.690000057220459,21100,,,,
2023-12-15,4.710000038146973,4.940000057220459,4.679999828338623,4.820000171661377,10300,,,,
2023-12-18,4.800000190734863,5.090000152587891,4.699999809265137,4.730000019073486,45700,,,,
2023-12-19,5.070000171661377,5.070000171661377,4.849999904632568,4.900000095367432,13800,,,,
2023-12-20,4.989999771118164,5.090000152587891,4.820000171661377,5.090000152587891,16100,,,,
2023-12-21,5.5,5.800000190734863,4.800000190734863,4.900000095367432,109100,,,,
2023-12-22,5.610000133514404,5.75,5.409999847412109,5.550000190734863,99800,,,,
2023-12-26,5.400000095367432,6.25,5.119999885559082,5.75,102100,,,,
2023-12-27,5.823999881744385,6.0,5.53000020980835,5.53000020980835,66700,,,,
2023-12-28,5.929999828338623,6.099999904632568,5.545000076293945,5.889999866485596,139400,,,,
2023-12-29,5.949999809265137,6.190000057220459,5.71999979019165,6.190000057220459,18500,,,,
2024-01-02,6.050000190734863,6.150000095367432,5.699999809265137,5.96999979019165,29600,,,,
2024-01-03,6.010000228881836,6.159999847412109,5.748000144958496,5.748000144958496,95400,,,,
2024-01-04,5.929999828338623,6.1570000648498535,5.900000095367432,5.980000019073486,22500,,,,
2024-01-05,6.480000019073486,6.539999961853027,5.949999809265137,5.949999809265137,69300,,,,
2024-01-08,6.230000019073486,7.320000171661377,5.550000190734863,6.820000171661377,134300,,,,
2024-01-09,6.659999847412109,6.789999961853027,5.829999923706055,5.860000133514404,58400,,,,
2024-01-10,7.789999961853027,7.834000110626221,6.861000061035156,6.900000095367432,110700,,,,
2024-01-11,7.900000095367432,8.5,7.511000156402588,7.949999809265137,123000,,,,
2024-01-12,8.0,8.470000267028809,7.820000171661377,8.289999961853027,140000,,,,
2024-01-16,7.46999979019165,8.04800033569336,7.010000228881836,7.960000038146973,142900,,,,
2024-01-17,7.730000019073486,7.849999904632568,6.5,7.179999828338623,84900,,,,
2024-01-18,7.980000019073486,8.15999984741211,7.539999961853027,8.15999984741211,31500,,,,
2024-01-19,7.880000114440918,8.130000114440918,7.760000228881836,8.09000015258789,79400,,,,
2024-01-22,9.800000190734863,9.800000190734863,7.860000133514404,7.860000133514404,234200,,,,
2024-01-23,11.100000381469727,11.100000381469727,9.710000038146973,9.930000305175781,320600,,,,
2024-01-24,7.5,12.289999961853027,5.400000095367432,11.710000038146973,1078000,,,,
2024-01-25,9.899999618530273,10.982999801635742,7.300000190734863,7.320000171661377,447500,,,,
2024-01-26,3.4700000286102295,8.5,2.8519999980926514,8.5,7438200,,,,
2024-01-29,2.799999952316284,3.190000057220459,2.740000009536743,2.9100000858306885,1859900,,,,
2024-01-30,2.240000009536743,2.640000104904175,2.1700000762939453,2.640000104904175,2458000,,,,
2024-01-31,2.259999990463257,2.48799991607666,1.899999976158142,2.1500000953674316,985800,5.758360023498535,,-60.75271464026702,
2024-02-01,2.049999952316284,2.319999933242798,1.9299999475479126,2.2799999713897705,610000,5.694360022544861,,-63.999467118341414,
2024-02-02,1.9800000190734863,2.049999952316284,1.9199999570846558,2.049999952316284,370100,5.620760025978089,,-64.77344683063676,
2024-02-05,1.8200000524520874,1.9700000286102295,1.75,1.8600000143051147,421800,5.546160023212433,,-67.18450162211671,
2024-02-06,2.0899999141693115,2.0999999046325684,1.8300000429153442,1.8600000143051147,349000,5.48376002073288,,-61.8874657850182,
2024-02-07,1.850000023841858,2.1500000953674316,1.7999999523162842,2.0899999141693115,358900,5.428360023498535,,-65.91972500288314,
2024-02-08,1.8799999952316284,1.909999966621399,1.75,1.850000023841858,371100,5.374760024547577,,-65.02169424038837,
2024-02-09,1.8600000143051147,1.909999966621399,1.7899999618530273,1.850000023841858,173900,5.318760027885437,,-65.02944286725811,
2024-02-12,2.005000114440918,2.049999952316284,1.899999976158142,1.9700000286102295,258200,5.275060029029846,,-61.99095169710014,
2024-02-13,1.8799999952316284,2.0,1.8600000143051147,1.9800000190734863,137500,5.227260029315948,,-64.03469533392143,
2024-02-14,1.9199999570846558,1.9290000200271606,1.840000033378601,1.8600000143051147,134700,5.176060028076172,,-62.90614972256654,
2024-02-15,1.8300000429153442,1.940000057220459,1.7999999523162842,1.940000057220459,370100,5.1120600247383114,,-64.20229742883305,
2024-02-16,1.850000023841858,1.8799999952316284,1.7999999523162842,1.850000023841858,117000,5.049660029411316,,-63.36386978397179,
2024-02-20,1.7300000190734863,1.899999976158142,1.7000000476837158,1.8899999856948853,294000,4.982460026741028,,-65.27819571479712,
2024-02-21,1.5800000429153442,1.75,1.5499999523162842,1.75,299500,4.911860024929046,,-67.83295869800018,
2024-02-22,1.4900000095367432,1.659999966621399,1.465000033378601,1.659999966621399,195700,4.8414600205421445,,-69.22415958791923,
2024-02-23,1.3799999952316284,1.4800000190734863,1.3109999895095825,1.4800000190734863,285700,4.769380016326904,,-71.06542170035712,
2024-02-26,1.600000023841858,1.6299999952316284,1.3799999952316284,1.399999976158142,249000,4.705780012607574,,-65.99926006835871,
2024-02-27,1.7899999618530273,1.840000033378601,1.559999942779541,1.600000023841858,416700,4.645580008029937,,-61.46875182950262,
2024-02-28,1.6699999570846558,1.8300000429153442,1.6100000143051147,1.8300000429153442,346800,4.584380006790161,,-63.57195619448795,
2024-02-29,1.6699999570846558,1.7899999618530273,1.6299999952316284,1.7100000381469727,177800,4.523580005168915,,-63.08233843158708,
2024-03-01,1.590000033378601,1.7200000286102295,1.5199999809265137,1.6399999856948853,185200,4.459380002021789,,-64.34481850262304,
2024-03-04,1.5099999904632568,1.600000023841858,1.4700000286102295,1.600000023841858,140300,4.388179998397828,,-65.58937894492536,
2024-03-05,1.5700000524520874,1.590000033378601,1.4700000286102295,1.5399999618530273,142100,4.319780004024506,,-63.65555535260121,
2024-03-06,1.5700000524520874,1.6699999570846558,1.5199999809265137,1.6200000047683716,198200,4.241180005073548,,-62.98199909992122,
2024-03-07,1.5199999809265137,1.590000033378601,1.4299999475479126,1.559999942779541,122700,4.1593800020217895,,-63.45609249004244,
2024-03-08,1.5399999618530273,1.5700000524520874,1.5,1.5199999809265137,73400,4.082179999351501,,-62.27505984308205,
2024-03-11,1.5099999904632568,1.5499999523162842,1.4500000476837158,1.4900000095367432,102000,3.9959000015258788,,-62.21126680130518,
2024-03-12,1.5099999904632568,1.559999942779541,1.4700000286102295,1.559999942779541,65400,3.9075000047683717,,-61.35636625411172,
2024-03-13,1.4700000286102295,1.5199999809265137,1.4299999475479126,1.5099999904632568,118400,3.8179000091552733,,-61.49715746653425,
2024-03-14,1.4299999475479126,1.4880000352859497,1.3899999856948853,1.4800000190734863,91400,3.7255000042915345,,-61.61589193663548,
2024-03-15,1.3200000524520874,1.4600000381469727,1.3200000524520874,1.4600000381469727,88700,3.6317000007629394,,-63.653384030212166,
2024-03-18,1.3300000429153442,1.399999976158142,1.2599999904632568,1.2899999618530273,89400,3.539700005054474,,-62.42619315150476,
2024-03-19,1.5299999713897705,1.600000023841858,1.2899999618530273,1.350000023841858,216500,3.4407000041007993,,-55.532305357449374,
2024-03-20,1.6799999475479126,1.7000000476837158,1.5,1.5700000524520874,201700,3.349700002670288,,-49.84625649435282,
2024-03-21,1.690000057220459,1.7949999570846558,1.6200000047683716,1.659999966621399,152200,3.250300006866455,,-48.00479790633998,
2024-03-22,1.6100000143051147,1.75,1.559999942779541,1.7000000476837158,93300,3.1267000079154967,,-48.50801131450832,
2024-03-25,1.5800000429153442,1.6299999952316284,1.5099999904632568,1.6299999952316284,35600,3.000300006866455,,-47.338598163537895,
2024-03-26,1.4800000190734863,1.600000023841858,1.4800000190734863,1.559999942779541,82700,2.869900007247925,,-48.430258359672806,
2024-03-27,1.4800000190734863,1.5399999618530273,1.4299999475479126,1.5099999904632568,70300,2.7501000118255616,,-46.18377467330587,
2024-03-28,1.4199999570846558,1.5199999809265137,1.3799999952316284,1.5199999809265137,111700,2.623900010585785,,-45.88208577476849,
2024-04-01,1.4299999475479126,1.4800000190734863,1.350000023841858,1.4800000190734863,108800,2.4929000091552735,,-42.6370916484343,
2024-04-02,1.5199999809265137,1.5299999713897705,1.3899999856948853,1.4299999475479126,151300,2.3657000064849854,,-35.748405260184846,
2024-04-03,1.75,1.75,1.5099999904632568,1.5099999904632568,237400,2.204700002670288,,-20.624121291765974,
2024-04-04,1.6699999570846558,2.049999952316284,1.6299999952316284,1.75,540500,2.0160999941825866,,-17.166809091642033,
2024-04-05,1.75,1.7999999523162842,1.6200000047683716,1.6799999475479126,150900,1.9010999941825866,,-7.94802980616256,
2024-04-08,1.9800000190734863,1.9900000095367432,1.850000023841858,1.8899999856948853,284100,1.742700002193451,,13.61680246636585,
2024-04-09,1.7899999618530273,1.9830000400543213,1.7699999809265137,1.9500000476837158,173700,1.7091000008583068,,4.733483175594921,
2024-04-10,1.909999966621399,1.9900000095367432,1.7100000381469727,1.7699999809265137,196600,1.6913000011444093,,12.930879520428507,
2024-04-11,1.7799999713897705,1.9500000476837158,1.7300000190734863,1.8899999856948853,119900,1.6821000003814697,,5.820104095243983,
2024-04-12,1.7200000286102295,1.850000023841858,1.6699999570846558,1.850000023841858,295800,1.6713000011444092,,2.9139010011651534,
2024-04-15,1.659999966621399,1.8200000524520874,1.6299999952316284,1.7400000095367432,104500,1.6635000014305115,,-0.21040185188474503,
2024-04-16,1.5299999713897705,1.6299999952316284,1.4700000286102295,1.6200000047683716,115200,1.654500000476837,,-7.524933759515562,
2024-04-17,1.4199999570846558,1.600000023841858,1.409999966621399,1.5399999618530273,121700,1.6464999985694886,,-13.756455613824503,
2024-04-18,1.340000033378601,1.4900000095367432,1.2999999523162842,1.4800000190734863,176900,1.6315000009536744,,-17.86699156633039,
2024-04-19,1.309999942779541,1.3899999856948853,1.2599999904632568,1.350000023841858,150200,1.620699999332428,,-19.17073219478407,
2024-04-22,1.2300000190734863,1.3300000429153442,1.159999966621399,1.309999942779541,197300,1.6076999998092651,,-23.493187832343633,
2024-04-23,1.2100000381469727,1.2599999904632568,1.1699999570846558,1.25,127500,1.5947000002861023,,-24.123657244002715,
2024-04-24,1.1799999475479126,1.2300000190734863,1.1699999570846558,1.2200000286102295,75000,1.578199996948242,,-25.231279316330447,
2024-04-25,1.2400000095367432,1.2799999713897705,1.159999966621399,1.159999966621399,119000,1.5653999972343444,,-20.78701854302406,
2024-04-26,1.25,1.2899999618530273,1.2000000476837158,1.2200000286102295,76600,1.5519999980926513,,-19.458762787615836,
2024-04-29,1.3700000047683716,1.3899999856948853,1.2599999904632568,1.2699999809265137,155900,1.542799997329712,,-11.200414367411437,
2024-04-30,1.350000023841858,1.3899999856948853,1.2999999523162842,1.340000033378601,151700,1.532799997329712,,-11.925885556257143,
2024-05-01,1.3799999952316284,1.4199999570846558,1.3300000429153442,1.340000033378601,114400,1.5257999968528748,,-9.55564306737282,
2024-05-02,1.340000033378601,1.399999976158142,1.3300000429153442,1.3799999952316284,159200,1.52099999666214,,-11.900063358365964,
2024-05-03,1.3200000524520874,1.3890000581741333,1.309999942779541,1.350000023841858,121600,1.5175999975204468,,-13.020555178651227,
2024-05-06,1.2999999523162842,1.350000023841858,1.2899999618530273,1.350000023841858,115300,1.5159999966621398,,-14.248024064738441,
2024-05-07,1.2899999618530273,1.3389999866485596,1.2400000095367432,1.3200000524520874,76500,1.5097999954223633,,-14.558221899308421,
2024-05-08,1.2899999618530273,1.350000023841858,1.2699999809265137,1.350000023841858,136700,1.4997999954223633,,-13.988534085190041,
2024-05-09,1.350000023841858,1.5,1.3200000524520874,1.340000033378601,273800,1.4933999967575073,,-9.60224810680338,
2024-05-10,1.3700000047683716,1.4199999570846558,1.340000033378601,1.340000033378601,211900,1.4873999977111816,,-7.892967132141027,
2024-05-13,1.340000033378601,1.399999976158142,1.2899999618530273,1.3700000047683716,156100,1.4823999977111817,,-9.606041861336045,
2024-05-14,1.350000023841858,1.3799999952316284,1.2999999523162842,1.3200000524520874,141500,1.4791999983787536,,-8.73444934278682,
2024-05-15,1.3300000429153442,1.3899999856948853,1.309999942779541,1.3899999856948853,111900,1.4743999981880187,,-9.793811411430852,
2024-05-16,1.315000057220459,1.350000023841858,1.2799999713897705,1.2999999523162842,223700,1.4692999982833863,,-10.501595402109787,
2024-05-17,1.284999966621399,1.3489999771118164,1.2699999809265137,1.2999999523162842,138100,1.464599997997284,,-12.26273601129816,
2024-05-20,1.2300000190734863,1.2999999523162842,1.2000000476837158,1.2699999809265137,423100,1.4583999991416932,,-15.660996996888798,
2024-05-21,1.190000057220459,1.2400000095367432,1.149999976158142,1.2400000095367432,166000,1.4520000004768372,,-18.044073221097612,
2024-05-22,1.190000057220459,1.2200000286102295,1.159999966621399,1.2200000286102295,94100,1.4456000018119812,,-17.681235768617988,
2024-05-23,1.159999966621399,1.2200000286102295,1.1100000143051147,1.2200000286102295,154500,1.4394000005722045,,-19.41086798942169,
2024-05-24,1.1349999904632568,1.190000057220459,1.100000023841858,1.159999966621399,171200,1.4335000014305115,,-20.823160841951648,
2024-05-28,1.1100000143051147,1.159999966621399,1.100000023841858,1.1200000047683716,80900,1.429300000667572,,-22.339605835956366,
2024-05-29,1.090000033378601,1.1399999856948853,1.0700000524520874,1.100000023841858,122100,1.4245000004768371,,-23.481921164357,
2024-05-30,1.1100000143051147,1.1299999952316284,1.0700000524520874,1.090000033378601,71900,1.4161000013351441,,-21.615704169297967,
2024-05-31,1.1299999952316284,1.1299999952316284,1.1100000143051147,1.1200000047683716,48500,1.4051000022888183,,-19.578678144549823,
2024-06-03,1.159999966621399,1.1799999475479126,1.0499999523162842,1.1299999952316284,103600,1.394500000476837,,-16.816065527088774,
2024-06-04,1.0850000381469727,1.1799999475479126,1.0800000429153442,1.1799999475479126,115600,1.3840000009536744,,-21.604043540510798,
2024-06-05,1.149999976158142,1.1799999475479126,1.100000023841858,1.100000023841858,129600,1.3753999996185302,,-16.387961576479803,
2024-06-06,1.1699999570846558,1.190000057220459,1.1399999856948853,1.1699999570846558,224300,1.3691999983787537,,-14.54864457566224,
2024-06-07,1.2899999618530273,1.3799999952316284,1.159999966621399,1.159999966621399,3469900,1.3653999972343445,,-5.522193901716854,
2024-06-10,1.3200000524520874,1.4500000476837158,1.2799999713897705,1.3700000047683716,3641600,1.3633999991416932,,-3.1832145164242043,
2024-06-11,1.2899999618530273,1.3899999856948853,1.2799999713897705,1.350000023841858,1018300,1.3605999994277953,,-5.1888900194369425,
2024-06-12,1.2699999809265137,1.3200000524520874,1.2300000190734863,1.2999999523162842,696900,1.3555999994277954,,-6.314548431499989,
2024-06-13,1.3200000524520874,1.3200000524520874,1.159999966621399,1.2699999809265137,394400,1.3470000004768372,,-2.0044504836816524,
2024-06-14,1.2899999618530273,1.350000023841858,1.25,1.3200000524520874,270900,1.3394000005722047,,-3.688221494555255,
2024-06-17,1.2699999809265137,1.2999999523162842,1.25,1.2899999618530273,98100,1.3298000001907349,,-4.496918277608963,
2024-06-18,1.2300000190734863,1.2799999713897705,1.2300000190734863,1.2400000095367432,107700,1.314800000190735,,-6.449648699798216,
2024-06-20,1.2400000095367432,1.2799999713897705,1.2100000381469727,1.2200000286102295,125000,1.303800001144409,,-4.893387908549284,
2024-06-21,1.1699999570846558,1.2599999904632568,1.1699999570846558,1.2599999904632568,181000,1.2890000009536744,,-9.231966158337912,
2024-06-24,1.2200000286102295,1.2619999647140503,1.159999966621399,1.159999966621399,152900,1.2778000020980835,,-4.523397510795846,
2024-06-25,1.2799999713897705,1.3300000429153442,1.2200000286102295,1.2200000286102295,101600,1.2690000009536744,,0.8668219407273137,
2024-06-26,1.2899999618530273,1.399999976158142,1.2799999713897705,1.2799999713897705,229000,1.2616000008583068,,2.2511066087031573,
2024-06-27,1.3300000429153442,1.350000023841858,1.2799999713897705,1.2799999713897705,86700,1.2576000022888183,,5.757000675473822,
2024-06-28,1.309999942779541,1.3700000047683716,1.2599999904632568,1.350000023841858,156900,1.255400002002716,,4.349206682310225,
2024-07-01,1.2200000286102295,1.3300000429153442,1.2200000286102295,1.2999999523162842,183700,1.2530000019073486,,-2.6336770348671767,
2024-07-02,1.1799999475479126,1.2669999599456787,1.1799999475479126,1.25,229800,1.2504000020027162,,-5.630202682505326,
2024-07-03,1.25,1.2699999809265137,1.184999942779541,1.2000000476837158,59700,1.2508000016212464,,-0.0639591957314889,
2024-07-05,1.3200000524520874,1.3200000524520874,1.2300000190734863,1.25,94500,1.2530000019073486,,5.347170825438918,
2024-07-08,1.2799999713897705,1.340000033378601,1.2699999809265137,1.3200000524520874,196600,1.2550000023841859,,1.9920293990510762,
2024-07-09,1.2899999618530273,1.309999942779541,1.25,1.2999999523162842,93100,1.2560000014305115,,2.707003215270043,
2024-07-10,1.2000000476837158,1.305999994277954,1.1799999475479126,1.2899999618530273,296300,1.2550000023841859,,-4.382466501672022,
2024-07-11,1.1699999570846558,1.2400000095367432,1.159999966621399,1.2000000476837158,251800,1.2510000014305114,,-6.474823681313547,
2024-07-12,1.149999976158142,1.2200000286102295,1.1399999856948853,1.2200000286102295,343400,1.2470000004768371,,-7.778670752333872,
2024-07-15,1.1399999856948853,1.1699999570846558,1.0800000429153442,1.159999966621399,315200,1.2422000002861022,,-8.227339765551312,
2024-07-16,1.190000057220459,1.2000000476837158,1.1200000047683716,1.1399999856948853,197100,1.2392000007629393,,-3.970298863152788,
2024-07-17,1.2799999713897705,1.2799999713897705,1.159999966621399,1.190000057220459,242300,1.2383999991416932,,3.3591708879933124,
2024-07-18,1.2000000476837158,1.5,1.190000057220459,1.2899999618530273,503700,1.2364000010490417,,-2.944027283600925,
2024-07-19,1.4700000286102295,1.4900000095367432,1.2000000476837158,1.2300000190734863,7016300,1.2400000023841857,,18.548389176114167,
2024-07-22,1.3700000047683716,2.5899999141693115,1.309999942779541,1.8899999856948853,100111600,1.2416000032424928,,10.341494941249717,
2024-07-23,1.1699999570846558,1.2999999523162842,1.1299999952316284,1.2400000095367432,8337400,1.2380000019073487,,-5.492733822126605,
2024-07-24,1.1399999856948853,1.2000000476837158,1.0800000429153442,1.1299999952316284,2823300,1.2334000015258788,,-7.572564919364799,
2024-07-25,1.1299999952316284,1.2300000190734863,1.0800000429153442,1.149999976158142,3710100,1.2292000007629396,,-8.070290064248265,
2024-07-26,1.25,1.3899999856948853,1.1699999570846558,1.2000000476837158,12183100,1.2272000002861023,,1.8578878510904673,
2024-07-29,1.5800000429153442,1.7000000476837158,1.1799999475479126,1.25,17989900,1.2322000002861022,,28.225940800883542,
2024-07-30,1.5199999809265137,1.8799999952316284,1.440000057220459,1.7699999809265137,18459900,1.2362999987602235,,22.94750323148007,
2024-07-31,1.4900000095367432,1.5700000524520874,1.3799999952316284,1.4700000286102295,5687700,1.2403999996185302,,20.12254192155549,
2024-08-01,1.3799999952316284,1.600000023841858,1.3450000286102295,1.4800000190734863,3202500,1.243399999141693,,10.986005805390775,
2024-08-02,1.4600000381469727,1.4700000286102295,1.2599999904632568,1.3200000524520874,3254500,1.2487999987602234,,16.91223891707425,
2024-08-05,1.4199999570846558,1.5299999713897705,1.309999942779541,1.4900000095367432,4504300,1.2533999967575074,,13.291843047561457,
2024-08-06,0.3700000047683716,1.3700000047683716,0.3019999861717224,1.3600000143051147,55999100,1.2375999975204468,,-70.10342554058879,
2024-08-07,0.6179999709129333,0.7279999852180481,0.5410000085830688,0.6399999856948853,188115400,1.2272599971294402,,-49.64392448556666,
2024-08-08,0.5799999833106995,0.5929999947547913,0.4650000035762787,0.5329999923706055,17229600,1.216659996509552,,-52.32850714458861,
2024-08-09,0.5419999957084656,0.6100000143051147,0.5320000052452087,0.5519999861717224,6241900,1.2056999957561494,,-55.046860942505624,
2024-08-12,0.4909999966621399,0.5590000152587891,0.48399999737739563,0.5590000152587891,4761100,1.1933199954032898,,-58.8542889959534,
2024-08-13,0.4729999899864197,0.5080000162124634,0.4580000042915344,0.4950000047683716,3903900,1.1801799952983856,,-59.921368615739766,
2024-08-14,0.4749999940395355,0.5260000228881836,0.47200000286102295,0.5040000081062317,5485100,1.1664799958467484,,-59.279199323539814,
2024-08-15,0.5929999947547913,0.6499999761581421,0.47999998927116394,0.4819999933242798,31989700,1.1566399949789048,,-48.73080670484625,
2024-08-16,0.753000020980835,0.8399999737739563,0.5600000023841858,0.5920000076293945,22741700,1.1486999958753585,,-34.4476343967411,
2024-08-19,0.906000018119812,0.949999988079071,0.7710000276565552,0.800000011920929,20441400,1.1434199970960617,,-20.764021932380405,
2024-08-20,1.3200000524520874,1.659999966621399,1.0299999713897705,1.0499999523162842,112000800,1.1440199989080428,,15.382602901349273,
2024-08-21,1.2899999618530273,1.4900000095367432,1.190000057220459,1.350000023841858,29540200,1.1434199970960617,,12.819433377869395,
2024-08-22,1.25,1.3300000429153442,1.059999942779541,1.309999942779541,14901400,1.1426199978590013,,9.397700227740046,
2024-08-23,1.3799999952316284,1.409999966621399,1.1799999475479126,1.2300000190734863,9673700,1.1448199981451035,,20.54296723219158,
2024-08-26,1.6399999856948853,2.0399999618530273,1.5099999904632568,1.7100000381469727,57541300,1.1512199968099595,,42.4575659074147,
2024-08-27,1.5800000429153442,1.7100000381469727,1.4299999475479126,1.600000023841858,13249000,1.1570199984312057,,36.5577124905061,
2024-08-28,1.4500000476837158,1.5700000524520874,1.4199999570846558,1.5499999523162842,7370300,1.1606199997663498,,24.933229478694365,
2024-08-29,1.4500000476837158,1.5800000429153442,1.3200000524520874,1.4700000286102295,8473700,1.1650200003385545,,24.461386693992047,
2024-08-30,1.25,1.440000057220459,1.2300000190734863,1.340000033378601,9598600,1.1652200001478195,,7.275879219497217,
2024-09-03,1.2699999809265137,1.3700000047683716,1.25,1.2899999618530273,5045100,1.1672200006246567,,8.805536252536172,
2024-09-04,1.0399999618530273,1.2300000190734863,0.9599999785423279,1.2300000190734863,10830500,1.1636199992895127,,-10.623746370117882,
2024-09-05,1.1299999952316284,1.2200000286102295,1.0099999904632568,1.0199999809265137,6327300,1.1606199997663498,2.464820006340742,-2.6382454671542432,-54.154867603934285
2024-09-06,1.0800000429153442,1.1399999856948853,1.0099999904632568,1.1100000143051147,5288300,1.156420001387596,2.4439700065553187,-6.608322095826347,-55.809603226777625
2024-09-09,1.1100000143051147,1.159999966621399,1.0199999809265137,1.0700000524520874,3593000,1.1520200008153916,2.421220007389784,-3.6475049461411557,-54.15534272320179
2024-09-10,1.0399999618530273,1.1399999856948853,0.9800000190734863,1.090000033378601,5277800,1.1466200011968612,2.3986700062453745,-9.298637668324472,-56.64264116592954
2024-09-11,1.0299999713897705,1.0700000524520874,0.9100000262260437,1.0,5671800,1.142820000052452,2.3777700059115885,-9.872073349915421,-56.68210260752744
2024-09-12,1.0199999809265137,1.0499999523162842,0.9660000205039978,1.0199999809265137,3134200,1.1396200007200241,2.359770006388426,-10.496483013454771,-56.77544938001817
2024-09-13,0.9359999895095825,1.0299999713897705,0.9100000262260437,1.0099999904632568,5523800,1.1333400005102157,2.3416500066220762,-17.41225147897304,-60.02818581501853
2024-09-16,0.9139999747276306,0.9399999976158142,0.843999981880188,0.9330000281333923,3341800,1.1252199989557266,2.3229200072586536,-18.77144242229263,-60.65297247121871
2024-09-17,0.8989999890327454,0.9900000095367432,0.8809999823570251,0.9100000262260437,4090400,1.1175999993085861,2.306465006917715,-19.559771869280574,-61.02260444722118
2024-09-18,0.8460000157356262,0.9110000133514404,0.8429999947547913,0.9070000052452087,3230000,1.108720000386238,2.2893450070917605,-23.695791954604385,-63.04619823071877
2024-09-19,0.9229999780654907,0.949999988079071,0.8489999771118164,0.8769999742507935,4253700,1.1031799989938735,2.2715600068867206,-16.33278531995788,-59.36713204726185
2024-09-20,0.765999972820282,1.0,0.7400000095367432,0.9800000190734863,21421500,1.0950999993085861,2.25024000570178,-30.05205247886843,-65.95918786976725
2024-09-23,0.7300000190734863,1.0,0.6600000262260437,0.75,27994600,1.086700000166893,2.2290400068461893,-32.82414475371541,-67.25047478594409
2024-09-24,0.7940000295639038,0.8059999942779541,0.7229999899864197,0.7229999899864197,6679600,1.0797800010442733,2.2075600062310694,-26.466499768840592,-64.03268643557794
2024-09-25,0.8339999914169312,0.8790000081062317,0.7870000004768372,0.7889999747276306,5501700,1.072659999728203,2.186180005520582,-22.249362181096043,-61.851266166971655
2024-09-26,0.8539999723434448,0.9100000262260437,0.8299999833106995,0.8799999952316284,4629500,1.0641399997472762,2.16540000423789,-19.747404237575672,-60.56156041968749
2024-09-27,0.906000018119812,0.9369999766349792,0.8299999833106995,0.8500000238418579,5750500,1.0582599991559982,2.145010003298521,-14.3877668207831,-57.76243389417313
2024-09-30,0.8389999866485596,0.9290000200271606,0.8299999833106995,0.925000011920929,3825900,1.0456399983167648,2.125305002182722,-19.762060747565812,-60.523313793225284
2024-10-01,0.7720000147819519,0.8489999771118164,0.765999972820282,0.8299999833106995,2933200,1.0336799985170364,2.1051650013029577,-25.31537652953547,-63.328289502051625
2024-10-02,0.7400000095367432,0.800000011920929,0.7310000061988831,0.7720000147819519,4207400,1.0250799995660782,2.085215001255274,-27.81051138935604,-64.51205227800145
2024-10-03,0.6940000057220459,0.7459999918937683,0.6819999814033508,0.7400000095367432,3927700,1.0161599999666213,2.0651350010931493,-31.703668148240205,-66.39444852977229
2024-10-04,0.7170000076293945,0.7179999947547913,0.675000011920929,0.699999988079071,2867900,1.0079000002145768,2.044720000177622,-28.86198953499862,-64.93407373297518
2024-10-07,0.6970000267028809,0.7250000238418579,0.6880000233650208,0.7200000286102295,3088600,0.9968400007486343,2.0228549994528295,-30.079047171117868,-65.54374748108908
2024-10-08,0.625,0.7200000286102295,0.6200000047683716,0.699999988079071,5724900,0.9777399998903274,2.0010300005972383,-36.07707569802751,-68.76608547530726
2024-10-09,0.7099999785423279,0.7300000190734863,0.6000000238418579,0.6399999856948853,6058400,0.9615399998426437,1.9770800004899503,-26.160120363321383,-64.08845477338403
2024-10-10,0.6909999847412109,0.7300000190734863,0.6899999976158142,0.7200000286102295,2786000,0.9455599993467331,1.9524849997460842,-26.92161415260714,-64.60920392058974
2024-10-11,0.6850000023841858,0.703000009059906,0.675000011920929,0.699999988079071,1319300,0.9316599994897843,1.928909999281168,-26.47532331973893,-64.48771572341585
2024-10-14,0.6970000267028809,0.7689999938011169,0.6650000214576721,0.6930000185966492,4517400,0.9163999992609024,1.9032750000059604,-23.941507282297326,-63.37891126081632
2024-10-15,0.7149999737739563,0.7490000128746033,0.6600000262260437,0.7009999752044678,3199900,0.9022999995946884,1.877200000733137,-20.758065599564112,-61.91135875267876
2024-10-16,0.7070000171661377,0.7459999918937683,0.699999988079071,0.7160000205039978,2466000,0.9090399998426437,1.8509850017726421,-22.225642734255857,-61.804119617983865
2024-10-17,0.7120000123977661,0.7300000190734863,0.6899999976158142,0.7200000286102295,2206700,0.9109200006723404,1.8242950008809566,-21.837262122662093,-60.971223839678366
2024-10-18,0.7250000238418579,0.7799999713897705,0.6959999799728394,0.7120000123977661,5199700,0.9138200014829636,1.7978699998557568,-20.662710088932744,-59.674502388936645
2024-10-21,0.7200000286102295,0.7490000128746033,0.7059999704360962,0.7250000238418579,3179200,0.9173800021409988,1.7718200008571148,-21.515617636107198,-59.36381639997681
2024-10-22,0.6679999828338623,0.7250000238418579,0.6579999923706055,0.7229999899864197,4299400,0.9209200018644332,1.7427600006759167,-27.46384251819115,-61.66999572088048
2024-10-23,0.628000020980835,0.6700000166893005,0.6079999804496765,0.6700000166893005,3729000,0.9240200024843216,1.7147500006854535,-32.03610102677506,-63.37658429918073
2024-10-24,0.6200000047683716,0.6439999938011169,0.6100000143051147,0.6299999952316284,2617100,0.9269200026988983,1.6845500014722348,-33.11181083986456,-63.19491827333624
2024-10-25,0.6299999952316284,0.6610000133514404,0.6129999756813049,0.621999979019165,2656500,0.9276600027084351,1.6487500016391277,-32.08718782827178,-61.78923459558422
2024-10-28,0.75,0.7609999775886536,0.6349999904632568,0.6389999985694885,5956000,0.9276000022888183,1.6130000011622905,-19.146183899374403,-53.50278986611485
2024-10-29,0.7400000095367432,0.7580000162124634,0.6959999799728394,0.7559999823570251,2138800,0.924280002117157,1.5767000012099743,-19.937680373728938,-53.066530794135836
2024-10-30,0.7070000171661377,0.7329999804496765,0.7009999752044678,0.7319999933242798,1708400,0.912020001411438,1.5428850023448468,-22.47976841823779,-54.17675224714398
2024-10-31,0.6610000133514404,0.7129999995231628,0.6549999713897705,0.7089999914169312,1576800,0.8994400024414062,1.5075400023162364,-26.509827052694256,-56.15373307933075
2024-11-01,0.6230000257492065,0.6420000195503235,0.5809999704360962,0.6399999856948853,4976900,0.8869000029563904,1.4707550023496152,-29.755324876254395,-57.640801849803104
2024-11-04,0.6460000276565552,0.6869999766349792,0.6200000047683716,0.6240000128746033,1708500,0.8722200036048889,1.4345850019156934,-25.93611416997611,-54.969553787756745
2024-11-05,0.6079999804496765,0.6499999761581421,0.6029999852180481,0.6439999938011169,2138700,0.8515800034999848,1.3886250008642673,-28.603304686488286,-56.21568241452783
2024-11-06,0.5720000267028809,0.6169999837875366,0.5350000262260437,0.6150000095367432,3127400,0.8314200031757355,1.3359849990904331,-31.20203693463719,-57.185146008951406
2024-11-07,0.6209999918937683,0.6290000081062317,0.5619999766349792,0.5709999799728394,2135500,0.8148400020599366,1.301589999049902,-23.78872044525744,-52.28912389100498
2024-11-08,0.6179999709129333,0.625,0.5860000252723694,0.6200000047683716,1970900,0.7982000005245209,1.2551800008118152,-22.575799234925174,-50.764036192958116
2024-11-11,0.6430000066757202,0.6600000262260437,0.6069999933242798,0.6179999709129333,1595100,0.7860600006580353,1.2410450007021427,-18.199627746298642,-48.188824231842375
2024-11-12,0.6100000143051147,0.6340000033378601,0.5910000205039978,0.6299999952316284,1050600,0.7728600013256073,1.2300950010120868,-21.07237879320388,-50.410333039055985
2024-11-13,0.6060000061988831,0.6179999709129333,0.5929999947547913,0.6039999723434448,1008800,0.7641800022125245,1.2219250009953975,-20.69931109891179,-50.4061210217299
2024-11-14,0.5849999785423279,0.6019999980926514,0.5759999752044678,0.6019999980926514,1232100,0.7532800018787384,1.213550000935793,-22.33963770665718,-51.794324247767086
2024-11-15,0.5649999976158142,0.5960000157356262,0.5199999809265137,0.5879999995231628,2189300,0.7429800009727479,1.2061250011622906,-23.95488480496285,-53.15576767985506
2024-11-18,0.5519999861717224,0.5680000185966492,0.5379999876022339,0.5600000023841858,1406500,0.73182000041008,1.1989850009977818,-24.571617902980826,-53.96105992048656
2024-11-19,0.5699999928474426,0.5849999785423279,0.546999990940094,0.5509999990463257,1509300,0.7224200010299683,1.1927350006997586,-21.09853104360586,-52.210676092088114
2024-11-20,0.5299999713897705,0.5709999799728394,0.5270000100135803,0.5699999928474426,1396000,0.7124200010299683,1.1849350009858608,-25.605686164968322,-55.27181060996487
2024-11-21,0.5730000138282776,0.5899999737739563,0.5220000147819519,0.5400000214576721,3630800,0.7034800016880035,1.178550000935793,-18.547789211724364,-51.38093306407843
2024-11-22,0.6179999709129333,0.6340000033378601,0.5450000166893005,0.5450000166893005,2676300,0.6971200013160705,1.1722400008141995,-11.349556784164704,-47.280422909669454
2024-11-25,0.6330000162124634,0.6499999761581421,0.6010000109672546,0.6299999952316284,2080500,0.6915000021457672,1.1661050008237361,-8.459867787675313,-45.71672227069497
2024-11-26,0.6060000061988831,0.6330000162124634,0.5929999947547913,0.6330000162124634,947700,0.68564000248909,1.159110000282526,-11.6154244211377,-47.718507643694366
2024-11-27,0.6610000133514404,0.6639999747276306,0.6000000238418579,0.6179999709129333,1710400,0.6819400024414063,1.153015000373125,-3.07064976610828,-42.67203695203137
2024-11-29,0.7400000095367432,0.7799999713897705,0.6639999747276306,0.6669999957084656,4202900,0.6782800030708312,1.1471150006353854,9.099487849631704,-35.49033801084824
2024-12-02,0.6800000071525574,0.824999988079071,0.6700000166893005,0.7400000095367432,5983900,0.6765600037574768,1.1413650004565716,0.5084550336962756,-40.42221314999653
2024-12-03,0.6740000247955322,0.6769999861717224,0.6050000190734863,0.6700000166893005,2458400,0.6754400038719177,1.13548500046134,-0.2131912631959776,-40.64210231560166
2024-12-04,0.8019999861717224,0.8299999833106995,0.7099999785423279,0.7279999852180481,7223100,0.6756000030040741,1.130845000296831,18.70929286643093,-29.079583323867674
2024-12-05,0.7379999756813049,0.8489999771118164,0.7300000190734863,0.8100000023841858,5069200,0.6736800026893616,1.1266349999606609,9.547555625100212,-34.495202465121885
2024-12-06,0.8059999942779541,0.8360000252723694,0.7519999742507935,0.7699999809265137,3140600,0.6727200031280518,1.123214999884367,19.812104669129702,-28.241699553430966
2024-12-09,0.949999988079071,1.0499999523162842,0.8399999737739563,0.8450000286102295,11578900,0.673600002527237,1.1210649998486042,41.03325185790181,-15.259151948605554
2024-12-10,0.8659999966621399,1.059999942779541,0.8560000061988831,0.9300000071525574,10135500,0.6741400027275085,1.1173949997127055,28.45996279087184,-22.49831108204369
2024-12-11,0.8450000286102295,0.9760000109672546,0.8069999814033508,0.9100000262260437,5650900,0.6756000030040741,1.1126700000464915,25.074011967571575,-24.056546094086993
2024-12-12,0.75,0.8970000147819519,0.7300000190734863,0.8500000238418579,5135300,0.6758000028133392,1.1080700002610684,10.979579295319319,-32.3147454742665
2024-12-13,0.8450000286102295,0.859000027179718,0.7250000238418579,0.753000020980835,5612300,0.6788200032711029,1.1039450006186962,24.480720152372793,-23.45632906198617
2024-12-16,0.9710000157356262,1.0700000524520874,0.8700000047683716,0.9010000228881836,15219300,0.6839000034332275,1.1008500005304813,41.97982319946423,-11.795429416567426
2024-12-17,1.2300000190734863,1.4299999475479126,1.0800000429153442,1.100000023841858,35480100,0.6945600032806396,1.0994500006735324,77.09053404511981,11.874120543906308
2024-12-18,1.2400000095367432,1.6799999475479126,1.1200000047683716,1.4900000095367432,38431800,0.7068600034713746,1.0978000004589559,75.42370532313744,12.953179906935496
2024-12-19,1.149999976158142,1.5399999618530273,1.1299999952316284,1.4900000095367432,24071100,0.7156600034236908,1.0957000000774861,60.690826741271685,4.955733875770374
2024-12-20,1.2699999809265137,1.3899999856948853,1.0700000524520874,1.1200000047683716,15077200,0.7272400033473968,1.094450000077486,74.63285505209546,16.04001835045905
2024-12-23,1.9600000381469727,1.975000023841858,1.3600000143051147,1.3700000047683716,46858300,0.7527400040626526,1.0965500004589557,160.38207449697816,78.74242281032548
2024-12-24,1.9500000476837158,2.309999942779541,1.7400000095367432,2.1050000190734863,27251500,0.7778000044822693,1.0987500007450581,150.7071273394635,77.47440694984557
2024-12-26,2.6700000762939453,3.180000066757202,2.109999895095825,2.109999895095825,52012900,0.816900006532669,1.1045500011742115,226.8453978384401,141.7274069490339
2024-12-27,2.9000000953674316,3.5,2.5299999713897705,2.9000000953674316,42238000,0.860760008096695,1.1117000015079974,236.91157443291152,160.8617515007325
2024-12-30,3.490000009536743,3.7699999809265137,2.380000114440918,2.8299999237060547,37516100,0.9163200080394744,1.1220000018179417,280.87130903141826,211.05169375062428
2024-12-31,2.700000047683716,3.259999990463257,2.430000066757202,3.069999933242798,25062600,0.9558200085163117,1.1289000017940998,182.47996731883006,139.17087814622656
2025-01-02,2.4100000858306885,2.9800000190734863,2.359999895095825,2.8299999237060547,18017800,0.9896200096607208,1.1343000020086764,143.52782505448002,112.46584515233513
2025-01-03,4.090000152587891,4.159999847412109,2.4200000762939453,2.4749999046325684,66961400,1.0580600130558013,1.1471000029146672,286.5565376367916,256.55131568264375
2025-01-06,4.110000133514404,5.199999809265137,3.869999885559082,4.829999923706055,77063000,1.1277000153064727,1.1592500038444995,264.4586395077274,254.53958334130965
2025-01-07,3.869999885559082,4.599999904632568,3.7100000381469727,3.9800000190734863,37084100,1.192700012922287,1.1701500029861926,224.47386967633415,230.72681926957586
2025-01-08,3.1600000858306885,3.5199999809265137,2.799999952316284,3.5199999809265137,32720000,1.243300014734268,1.1779000033438205,154.16231387289727,168.27405355803427
2025-01-10,2.809999942779541,3.5799999237060547,2.690000057220459,3.109999895095825,23188200,1.284500013589859,1.1840500028431415,118.7621574970862,137.3210536744367
2025-01-13,2.119999885559082,2.5829999446868896,1.9700000286102295,2.5,25691500,1.3121000111103058,1.1872500021755696,61.57304074444197,78.5638982248305
2025-01-14,2.5999999046325684,3.259999990463257,2.299999952316284,2.299999952316284,56418300,1.3499600088596344,1.192850001603365,92.5982908804012,117.96536875028613
2025-01-15,2.869999885559082,3.1600000858306885,2.6700000762939453,2.950000047683716,31936100,1.3941400063037872,1.200100001245737,105.86166902764434,139.14672798766296
2025-01-16,3.2899999618530273,3.4800000190734863,2.5999999046325684,2.759999990463257,37159500,1.4474800050258636,1.2094000013172626,127.29156537082815,172.0357167413265
2025-01-17,3.0999999046325684,3.3399999141693115,2.930000066757202,3.3299999237060547,18686200,1.496560002565384,1.2173000009357928,107.1417049312148,154.66194875950546
2025-01-21,3.119999885559082,3.3350000381469727,2.9100000858306885,3.1500000953674316,13299100,1.546800000667572,1.2241500003635883,101.70674193254104,154.87071720233646
2025-01-22,3.2300000190734863,3.9000000953674316,3.0799999237060547,3.2100000381469727,38075300,1.599960000514984,1.2319500006735324,101.88004812831797,162.18596674439536
2025-01-23,3.450000047683716,3.678999900817871,3.119999885559082,3.2200000286102295,21188700,1.6565400016307832,1.240450000911951,108.2654233696354,178.12487767724238
2025-01-24,3.309999942779541,3.8399999141693115,3.2300000190734863,3.549999952316284,25539000,1.7103800010681152,1.2471000005304813,93.52424260763567,165.4157598726293
2025-01-27,2.869999885559082,3.190000057220459,2.7300000190734863,3.0,13932300,1.7549199986457824,1.2525000001490116,63.54021196258361,129.1417074026055
2025-01-28,2.759999990463257,2.9700000286102295,2.5399999618530273,2.9000000953674316,10871400,1.7979199981689453,1.2567500002682208,53.51072312862208,119.61408314097524
2025-01-29,2.569999933242798,2.7300000190734863,2.5,2.7200000286102295,8453200,1.8371999967098236,1.260700000077486,39.886780853762225,103.85499588203686
2025-01-30,2.4200000762939453,2.619999885559082,2.3510000705718994,2.569999933242798,12269100,1.873899998664856,1.2642000003159046,29.14243438914472,91.42541335937537
2025-01-31,2.4800000190734863,2.759999990463257,2.319999933242798,2.5799999237060547,20228400,1.9121999990940095,1.268300000578165,29.693547759047046,95.53733485318598
2025-02-03,2.359999895095825,2.4000000953674316,2.0999999046325684,2.1600000858306885,10009400,1.9483599972724914,1.2724500001966954,21.12750715471414,85.46896889708957
2025-02-04,2.4600000381469727,2.555000066757202,2.4000000953674316,2.4200000762939453,6251100,1.986159998178482,1.2776500006020068,23.85709310443529,92.54099612474955
2025-02-05,2.359999895095825,2.4000000953674316,2.234999895095825,2.380000114440918,8326400,2.0227599966526033,1.2827499999105931,16.67226457915465,83.97972288133431
2025-02-06,2.8499999046325684,2.9600000381469727,2.4600000381469727,2.4800000190734863,27508000,2.068299994468689,1.2904499997198582,37.79431959843353,120.85318340511222
2025-02-07,3.140000104904175,3.2699999809265137,2.700000047683716,2.819999933242798,29316000,2.1187399971485137,1.3000000001490115,48.20129459632207,141.53846958032727
2025-02-10,3.009999990463257,3.4100000858306885,2.859999895095825,2.9800000190734863,31203100,2.1662799966335298,1.308999999910593,38.947873550090286,129.94652335132506
2025-02-11,2.7100000381469727,3.0299999713897705,2.700000047683716,2.9700000286102295,13818300,2.2083599972724914,1.3166500003635884,22.71550116349004,105.82539303524973
2025-02-12,2.640000104904175,2.799999952316284,2.5999999046325684,2.609999895095825,10871700,2.2479399991035462,1.3236500008404255,17.44086167588894,99.44850249144099
2025-02-13,3.0399999618530273,3.119999885559082,2.6679999828338623,2.799999952316284,22467500,2.293939998149872,1.3326000006496905,32.52308100058736,128.1254660341376
2025-02-14,2.75,2.950000047683716,2.6700000762939453,2.875,16051800,2.3353399980068206,1.3395000006258488,17.7558729070322,105.30048515977074
2025-02-18,2.559999942779541,2.8399999141693115,2.5,2.799999952316284,13829700,2.373059996366501,1.3455500002205372,7.877590398020806,90.2567680398316
2025-02-19,2.549999952316284,2.690000057220459,2.5299999713897705,2.619999885559082,8090600,2.408019995689392,1.3514000000059605,5.8961286401712165,88.69320351524618
2025-02-20,2.4700000286102295,2.5199999809265137,2.3499999046325684,2.5,7748600,2.4426599967479707,1.3570499999821186,1.1192729196309648,82.01245559432415
2025-02-21,2.2149999141693115,2.569999933242798,2.1649999618530273,2.4800000190734863,11376700,2.4708399951457976,1.3615249992907048,-10.354376709099267,62.68521806968141
2025-02-24,1.8799999952316284,2.25,1.850000023841858,2.2200000286102295,11587800,2.489439995288849,1.3644249995052815,-24.48100782547713,37.786979563793246
2025-02-25,1.7200000286102295,1.909999966621399,1.6150000095367432,1.8049999475479126,10794800,2.506519995927811,1.3665749998390675,-31.378962409850786,25.862102615135107
2025-02-26,2.0299999713897705,2.0899999141693115,1.7699999809265137,1.7699999809265137,9066400,2.5302199947834016,1.3702749998867512,-19.76982335231495,48.14544318166378
2025-02-27,1.899999976158142,2.140000104904175,1.8200000524520874,2.0399999618530273,9302200,2.5532199943065645,1.3730249996483326,-25.584165078020714,38.38058131824123
2025-02-28,1.8799999952316284,1.9850000143051147,1.8200000524520874,1.8300000429153442,4955000,2.5739199936389925,1.3755749996006488,-26.95965687054259,36.67011946112877
2025-03-03,1.7100000381469727,1.9299999475479126,1.690000057220459,1.909999966621399,5939000,2.5886999940872193,1.3774249996244907,-33.943676669651246,24.14469307680256
2025-03-04,1.6399999856948853,1.6990000009536743,1.5299999713897705,1.6200000047683716,6649200,2.596899993419647,1.378874999433756,-36.84778043626924,18.937538672349707
2025-03-05,1.690000057220459,1.7100000381469727,1.5800000429153442,1.600000023841858,3734400,2.6058999943733214,1.3806749995052814,-35.14716371044477,22.403900832999348
2025-03-06,1.559999942779541,1.687000036239624,1.534999966621399,1.6799999475479126,5850600,2.6140999937057496,1.381899998933077,-40.32363159268119,12.888048627539606
2025-03-07,1.559999942779541,1.6200000047683716,1.4600000381469727,1.5800000429153442,5092600,2.61989999294281,1.3832749988138675,-40.45574460927164,12.77583590516793
2025-03-10,1.4299999475479126,1.5499999523162842,1.3700000047683716,1.5399999618530273,5661600,2.609299991130829,1.3842749984562397,-45.19603141039473,3.3031694672421175
2025-03-11,1.649999976158142,1.6799999475479126,1.409999966621399,1.4299999475479126,8572100,2.6032999897003175,1.386574998050928,-36.618907437245284,18.998249534104072
2025-03-12,1.6299999952316284,1.7699999809265137,1.559999942779541,1.7200000286102295,6887100,2.582499988079071,1.388774997740984,-36.882865333754985,17.3696241567588
2025-03-13,1.7200000286102295,1.7799999713897705,1.6200000047683716,1.649999976158142,6417700,2.558899986743927,1.3915749980509282,-32.78361649456867,23.600957980655068
2025-03-14,1.690000057220459,1.8700000047683716,1.6699999570846558,1.7699999809265137,10218400,2.5228999876976013,1.394349998384714,-33.01359287084728,21.203432364775043
2025-03-17,2.240000009536743,2.299999952316284,1.7200000286102295,1.7300000190734863,17531500,2.513699986934662,1.3999999983608722,-10.888331098401405,60.000000868524836
2025-03-18,1.9049999713897705,2.180000066757202,1.8700000047683716,2.0899999141693115,11043100,2.5035999846458434,1.4040749980509282,-23.909570894998634,35.676511157466884
2025-03-19,2.130000114440918,2.2899999618530273,2.0,2.0999999046325684,15731300,2.4643999838829043,1.409174998551607,-13.569220566018124,51.15227822166848
2025-03-20,2.140000104904175,2.440000057220459,2.0299999713897705,2.119999885559082,15806800,2.4249999833106997,1.4142249990999698,-11.752572386307092,51.319634871827134
2025-03-21,2.259999990463257,2.319999933242798,2.0309998989105225,2.0999999046325684,11643000,2.392799985408783,1.4197249992191792,-5.549983105789713,59.18575722102608
2025-03-24,2.5999999046325684,2.6500000953674316,2.3450000286102295,2.4100000858306885,16272000,2.3815999817848206,1.427299998551607,9.170302507479633,82.1621177938059
2025-03-25,2.5,2.638000011444092,2.440000057220459,2.559999942779541,8451700,2.37539998292923,1.4340499986708164,5.245433104580544,74.33143909328021
2025-03-26,2.319999933242798,2.625,2.200000047683716,2.4600000381469727,11838200,2.379399983882904,1.4397999985516072,-2.4964298160232823,61.13348628814026
2025-03-27,2.190000057220459,2.244999885559082,2.059999942779541,2.240000009536743,10495500,2.371199986934662,1.4442999990284442,-7.64169748281952,51.63055173396347
2025-03-28,1.899999976158142,2.1480000019073486,1.850000023841858,2.119999885559082,7702000,2.351799988746643,1.4471999986469746,-19.210817873559094,31.28800289763005
2025-03-31,1.9800000190734863,2.069999933242798,1.7599999904632568,1.7899999618530273,7067600,2.325599989891052,1.4506499989330768,-14.860679924313047,36.4905401392297
2025-04-01,2.0299999713897705,2.140000104904175,1.9199999570846558,1.9800000190734863,7826700,2.3041999912261963,1.4544499988853932,-11.90000958599554,39.57165753002481
2025-04-02,1.8899999856948853,2.0199999809265137,1.8700000047683716,1.9600000381469727,6741500,2.279599993228912,1.457299998551607,-17.090718051028887,29.69189511928454
2025-04-03,1.9800000190734863,2.049999952316284,1.7200000286102295,1.7300000190734863,9045900,2.2545999932289122,1.4607499988377095,-12.179542933563091,35.54680956008447
2025-04-04,1.8899999856948853,1.9299999475479126,1.7300000190734863,1.8799999952316284,5624200,2.223399991989136,1.4638499988615512,-14.995052959228383,29.11158842536834
2025-04-07,1.9199999570846558,2.0299999713897705,1.7100000381469727,1.725000023841858,8077200,2.195599992275238,1.467299998551607,-12.552379129177616,30.852583587535975
2025-04-08,1.7400000095367432,2.0899999141693115,1.7000000476837158,2.0199999809265137,7466900,2.1729999947547913,1.469799998551607,-19.926368442854482,18.383454296598224
2025-04-09,1.909999966621399,1.9500000476837158,1.690000057220459,1.7799999713897705,6686200,2.155999994277954,1.473499998599291,-11.410019865929588,29.62334363332506
2025-04-10,1.7899999618530273,1.9500000476837158,1.774999976158142,1.9199999570846558,3809300,2.1403999948501586,1.4763499982655048,-16.37077339937396,21.244959796526253
2025-04-11,1.9600000381469727,1.9900000095367432,1.840000033378601,1.899999976158142,5258000,2.1311999940872193,1.4797499985992908,-8.033030987951484,32.454809258474704
2025-04-14,2.0,2.1700000762939453,1.9600000381469727,2.009999990463257,7113900,2.1215999937057495,1.4832999987900257,-5.731523098911473,34.83449077270024
2025-04-15,2.0,2.069999933242798,1.9299999475479126,1.9800000190734863,3276900,2.114399995803833,1.4866499985754489,-5.410518162640332,34.53065630218666
2025-04-16,1.8899999856948853,2.059999942779541,1.840000033378601,1.9500000476837158,3481800,2.102999994754791,1.4895499987900258,-10.12838847318882,26.88395738512628
2025-04-17,1.9199999570846558,1.940000057220459,1.8700000047683716,1.899999976158142,1904900,2.094199995994568,1.493049998432398,-8.318214079032204,28.59582459398724
2025-04-21,1.8200000524520874,1.8589999675750732,1.7599999904632568,1.850000023841858,3403300,2.073599998950958,1.4962499989569187,-12.229935697683636,21.637430490951704
2025-04-22,1.809999942779541,1.8700000047683716,1.7899999618530273,1.850000023841858,2626000,2.0469999957084655,1.4990499986708163,-11.577921515671463,20.74313361024909
2025-04-23,2.0,2.0,1.8799999952316284,1.8799999952316284,5028300,2.0267999958992005,1.502449998408556,-1.3222812291999508,33.11591082022465
2025-04-24,2.200000047683716,2.240000009536743,1.9900000095367432,1.9950000047683716,7132800,2.0165999960899352,1.5070499987900257,9.094518097261828,45.98056132510819
2025-04-25,2.240000009536743,2.3299999237060547,2.109999895095825,2.200000047683716,5901800,2.0085999941825867,1.5117999990284443,11.520462811129617,48.167747782529126
2025-04-28,2.190000057220459,2.3399999141693115,2.0799999237060547,2.2899999618530273,5215400,1.9915999960899353,1.516749999076128,9.961842815828392,44.38767486760615
2025-04-29,2.069999933242798,2.2100000381469727,2.069999933242798,2.190000057220459,3131000,1.9779999947547913,1.5212499989569188,4.6511596932239385,36.07230466143911
2025-04-30,1.9700000286102295,2.009999990463257,1.899999976158142,2.0,4830100,1.966199996471405,1.5253499992191792,0.19326783367126232,29.15068866939816
2025-05-01,2.0,2.059999942779541,1.9700000286102295,2.0199999809265137,3538900,1.9551999974250793,1.5296499992907047,2.2913258302946327,30.748864179870928
2025-05-02,2.180000066757202,2.180000066757202,2.0199999809265137,2.0299999713897705,4938500,1.9493999981880188,1.5345999993383885,11.829284332796131,42.05656638192785
2025-05-05,2.069999933242798,2.4000000953674316,2.049999952316284,2.178999900817871,11428200,1.9464999985694886,1.5385499991476537,6.34471794318372,34.54225955539722
2025-05-06,2.109999895095825,2.109999895095825,2.0,2.0299999713897705,3049600,1.9510999965667724,1.5430999983847142,8.14411864121054,36.73772907164346
2025-05-07,2.069999933242798,2.2100000381469727,2.055000066757202,2.125,3925000,1.9580999946594237,1.5460999979078769,5.714720335456458,33.88525554904871
2025-05-08,2.049999952316284,2.1050000190734863,2.009999990463257,2.1050000190734863,5411200,1.9584999942779542,1.5494999976456165,4.671940684486109,32.30073929855766
2025-05-09,1.9700000286102295,2.069999933242798,1.940000057220459,2.059999942779541,6319200,1.9598999953269958,1.5534999980032445,0.5153341143586454,26.81043007031374
2025-05-12,2.0899999141693115,2.130000114440918,2.0399999618530273,2.0999999046325684,6960700,1.9640999937057495,1.5582499976456166,6.410056558577826,34.12481420356963
2025-05-13,2.2699999809265137,2.299999952316284,2.049999952316284,2.109999895095825,10231700,1.9752999925613404,1.563949997574091,14.919252238898672,45.145304162384136
2025-05-14,2.4100000858306885,2.555000066757202,2.299999952316284,2.4600000381469727,15771100,1.9906999945640564,1.5697499980032443,21.062947325644355,53.527637451585306
2025-05-15,2.190000057220459,2.240000009536743,2.0799999237060547,2.200000047683716,11067600,2.0006999945640564,1.57279999807477,9.461691566488462,39.24211978008583
2025-05-16,2.5799999237060547,2.5999999046325684,2.2149999141693115,2.2300000190734863,14498500,2.0210999941825865,1.5780999977886676,27.653254719319786,63.48773381416335
2025-05-19,2.319999933242798,2.4000000953674316,2.243000030517578,2.319999933242798,9577900,2.036299993991852,1.582249997407198,13.932128865491755,46.6266353006501
2025-05-20,2.3399999141693115,2.509999990463257,2.299999952316284,2.369999885559082,10689000,2.0544999933242796,1.5870499970018863,13.896321332329586,47.443364644455514
2025-05-21,2.1500000953674316,2.390000104904175,2.119999885559082,2.3299999237060547,10029900,2.0644999957084655,1.5904999972879887,4.14144344086691,35.1776233281021
2025-05-22,2.309999942779541,2.390000104904175,2.130000114440918,2.1600000858306885,9400200,2.0780999946594236,1.5949499972164631,11.159229522933668,44.83212306410837
2025-05-23,2.200000047683716,2.319999933242798,2.190000057220459,2.25,7063500,2.0876999950408934,1.6040999974310397,5.379127887607371,37.14856001539852
2025-05-27,2.8499999046325684,2.869999885559082,2.25,2.259999990463257,30033600,2.1108999919891356,1.615259997099638,35.01349734465473,76.4421770953302
2025-05-28,2.5299999713897705,2.9000000953674316,2.509999990463257,2.9000000953674316,24179200,2.1166999912261963,1.6250099970400333,19.52567590479135,55.69134811466898
2025-05-29,2.5399999618530273,2.819999933242798,2.5299999713897705,2.819999933242798,20643600,2.1293999910354615,1.6349999968707563,19.282425685458172,55.35167992136758
2025-05-30,2.309999942779541,2.4649999141693115,2.200000047683716,2.4649999141693115,18777400,2.132999987602234,1.6440949966013432,8.298169536150702,40.502826634394594
2025-06-02,2.4000000953674316,2.5450000762939453,2.309999942779541,2.380000114440918,14772300,2.138199987411499,1.6537299971282482,12.24394862488365,45.12647769195115
2025-06-03,2.309999942779541,2.5199999809265137,2.2750000953674316,2.4700000286102295,12745700,2.139199986457825,1.6629049968719483,7.984291202457139,38.91352465263067
2025-06-04,2.4200000762939453,2.4600000381469727,2.2699999809265137,2.325000047683716,10294500,2.1355999898910523,1.672039997279644,13.317104689507042,44.73338438262293
2025-06-05,2.3399999141693115,2.615000009536743,2.299999952316284,2.4200000762939453,21329500,2.1323999881744387,1.6799749967455864,9.735505868793437,39.287782181420084
2025-06-06,2.359999895095825,2.5,2.309999942779541,2.390000104904175,14915700,2.133199987411499,1.6872449961304665,10.631910229829566,39.87298231781733
2025-06-09,2.380000114440918,2.5299999713897705,2.359999895095825,2.4149999618530273,13650300,2.136999988555908,1.6925449964404107,11.371086906239004,40.61665240488692
2025-06-10,2.200000047683716,2.4200000762939453,2.174999952316284,2.4000000953674316,16794200,2.1429999899864196,1.697094996869564,2.6598253832776475,29.633288162524952
2025-06-11,2.0299999713897705,2.259999990463257,2.009999990463257,2.259999990463257,19074300,2.1439999890327455,1.700994996726513,-5.317165029203452,19.341913132984658
2025-06-12,1.9900000095367432,2.055000066757202,1.9700000286102295,2.0399999618530273,9987300,2.1431999897956846,1.7040449967980384,-7.148188735925965,16.780954333719155
2025-06-13,1.8799999952316284,1.9800000190734863,1.8700000047683716,1.9500000476837158,9223800,2.1429999899864196,1.7052449968457222,-12.272514978241222,10.248087442517617
2025-06-16,2.0299999713897705,2.0399999618530273,1.899999976158142,1.909999966621399,7504300,2.1439999890327455,1.7074949964880943,-5.317165029203452,18.887608781577182
2025-06-17,1.899999976158142,2.0,1.899999976158142,2.0,5834600,2.1441999888420105,1.7097449961304665,-11.388863630008238,11.127681640143127
2025-06-18,1.8700000047683716,1.9700000286102295,1.8700000047683716,1.8899999856948853,6421100,2.1431999897956846,1.7118449959158897,-12.747293128410186,9.238862702511463
2025-06-20,1.7899999618530273,1.9199999570846558,1.7899999618530273,1.8799999952316284,9088000,2.1441999888420105,1.7145449957251548,-16.51898278295726,4.40087406956382
2025-06-23,1.7799999713897705,1.809999942779541,1.7100000381469727,1.7599999904632568,6920600,2.141599988937378,1.7170949956774713,-16.884573188993468,3.6634534414609066
2025-06-24,1.940000057220459,1.9800000190734863,1.8300000429153442,1.840000033378601,8311200,2.1445999908447266,1.7215949961543082,-9.540237550018771,12.686204453081196
2025-06-25,1.899999976158142,2.049999952316284,1.8799999952316284,2.0,7205200,2.14339998960495,1.7254449960589409,-11.355790548999167,10.116519535418345
2025-06-26,2.059999942779541,2.075000047683716,1.9700000286102295,1.9900000095367432,8708500,2.144599988460541,1.730344995558262,-3.94479372079678,19.051400042621115
2025-06-27,1.940000057220459,2.190000057220459,1.909999966621399,2.180000066757202,25229800,2.14339998960495,1.7344949957728386,-9.4895928604525,11.848120746872116
2025-06-30,1.9500000476837158,2.0399999618530273,1.9450000524520874,2.0,7198500,2.1445999908447266,1.739044996201992,-9.073950573149114,12.130511398062826
2025-07-01,1.9450000524520874,1.9800000190734863,1.8700000047683716,1.9500000476837158,5580600,2.1450999927520753,1.7436199966073036,-9.328233694284238,11.549538100998191
2025-07-02,2.009999990463257,2.0299999713897705,1.9199999570846558,1.9199999570846558,5573500,2.1488999915122986,1.7485699966549872,-6.463772236849897,14.95107398093214
2025-07-03,1.9600000381469727,2.0399999618530273,1.940000057220459,2.0299999713897705,4398300,2.151899993419647,1.7536899968981743,-8.91769858541246,11.764339285375836
2025-07-07,1.8600000143051147,1.9600000381469727,1.8300000429153442,1.9500000476837158,7052400,2.1490999937057493,1.7584199970960617,-13.452141838320507,5.7767778674495895
2025-07-08,1.909999966621399,1.909999966621399,1.8600000143051147,1.8799999952316284,5241700,2.1432999920845033,1.763474996984005,-10.88508497759123,8.308877068741506
2025-07-09,1.899999976158142,1.9299999475479126,1.840000033378601,1.909999966621399,5565400,2.1364999914169314,1.7687449967861175,-11.0695069603975,7.420797209915531
2025-07-10,1.8700000047683716,1.9049999713897705,1.8300000429153442,1.8799999952316284,5450600,2.1300999903678894,1.773479996919632,-12.210693712767728,5.442407470982791
2025-07-11,1.8200000524520874,1.8700000047683716,1.7799999713897705,1.8600000143051147,6806300,2.1250999927520753,1.778749997317791,-14.35696867632441,2.319047375769401
2025-07-14,1.8300000429153442,1.850000023841858,1.7999999523162842,1.809999942779541,3605100,2.1222999930381774,1.7842499974370003,-13.77279136228009,2.56410511666314
2025-07-15,1.7300000190734863,1.840000033378601,1.7300000190734863,1.8300000429153442,5263300,2.116899993419647,1.7889299973845483,-18.27672424530369,-3.294146690883304
2025-07-16,1.909999966621399,1.9199999570846558,1.7899999618530273,1.7999999523162842,9834000,2.111499991416931,1.7943099972605705,-9.542980138035173,6.447602116549311
2025-07-17,2.009999990463257,2.109999895095825,1.9299999475479126,1.9500000476837158,17320200,2.11029999256134,1.8000899973511695,-4.752878853794906,11.661083247002635
2025-07-18,1.9900000095367432,2.069999933242798,1.9700000286102295,2.0399999618530273,9065800,2.107899994850159,1.8055099973082542,-5.593243778237056,10.218166197004507
2025-07-21,2.0899999141693115,2.1600000858306885,2.009999990463257,2.059999942779541,15449600,2.108299994468689,1.811764996945858,-0.8680017240141003,15.3571195873903
2025-07-22,2.0399999618530273,2.0799999237060547,1.909999966621399,2.0799999237060547,12674900,2.108099994659424,1.8181049966812133,-3.2303986043792254,12.204738756939971
2025-07-23,2.1600000858306885,2.3299999237060547,2.049999952316284,2.240000009536743,26806300,2.111899995803833,1.8252049970626831,2.2775742280612965,18.3428759677293
2025-07-24,2.059999942779541,2.180000066757202,2.049999952316284,2.180000066757202,9647500,2.1112999963760375,1.8320349967479705,-2.429785141123997,12.443263716917485
2025-07-25,2.009999990463257,2.059999942779541,1.9900000095367432,2.049999952316284,6848300,2.1060999965667726,1.8384999966621398,-4.5629365300874465,9.32825641079582
2025-07-28,1.9700000286102295,2.0899999141693115,1.9299999475479126,2.059999942779541,8399800,2.0972999954223632,1.8448649966716766,-6.069707103894673,6.782882875674323
2025-07-29,1.899999976158142,1.996999979019165,1.850000023841858,1.9700000286102295,7179600,2.0914999938011167,1.8512399965524673,-9.156108927112172,2.633909147192126
2025-07-30,1.8799999952316284,1.940000057220459,1.850000023841858,1.899999976158142,4163100,2.077499995231628,1.8570899966359138,-9.5066185537093,1.23365042282364
2025-07-31,1.899999976158142,2.0299999713897705,1.8949999809265137,1.9199999570846558,6846100,2.0690999960899354,1.8631349965929984,-8.172636424114287,1.9786531642933314
2025-08-01,1.8200000524520874,1.8600000143051147,1.7799999713897705,1.8200000524520874,5971100,2.058699998855591,1.868809996843338,-11.594693084771668,-2.611819525457215
2025-08-04,1.899999976158142,1.909999966621399,1.8300000429153442,1.850000023841858,3134000,2.053699996471405,1.8748249965906143,-7.484054174287613,1.3427909065277355
2025-08-05,1.9299999475479126,1.9500000476837158,1.8600000143051147,1.899999976158142,2980400,2.0460999965667725,1.8808999964594841,-5.67421187692041,2.610449847458751
2025-08-06,1.8600000143051147,1.9199999570846558,1.840000033378601,1.9199999570846558,3503700,2.0392999958992006,1.886664996445179,-8.792231743963008,-1.4133395271712756
2025-08-07,1.840000033378601,1.909999966621399,1.8200000524520874,1.8899999856948853,3947600,2.019099998474121,1.892304996550083,-8.870287020497736,-2.7640873573150593
2025-08-08,1.8300000429153442,1.8700000047683716,1.809999942779541,1.8550000190734863,4016600,2.0050999999046324,1.8978299966454506,-8.732729389936477,-3.574079546113229
2025-08-11,2.109999895095825,2.109999895095825,1.8600000143051147,1.8700000047683716,19462700,1.9964999985694885,1.9047799959778786,5.684943481475613,10.773942373990053
2025-08-12,2.119999885559082,2.1500000953674316,1.9299999475479126,2.0799999237060547,14361000,1.9926999974250794,1.9120399954915046,6.38831175282264,10.876335775294276
2025-08-13,2.1500000953674316,2.2049999237060547,2.0399999618530273,2.190000057220459,12021100,1.9876999974250793,1.9196499958634377,8.165221016883862,11.999588466666555
2025-08-14,2.259999990463257,2.2699999809265137,2.049999952316284,2.059999942779541,14354900,1.9866999983787537,1.9278499957919122,13.756480208764765,17.22903729005667
2025-08-15,2.2100000381469727,2.3299999237060547,2.140000104904175,2.259999990463257,8980400,1.9824999976158142,1.9357499960064888,11.475411894312915,14.167637489669115
2025-08-18,2.2100000381469727,2.25,2.0999999046325684,2.200000047683716,6892800,1.9799000000953675,1.9430499961972236,11.621801002097154,13.738711946280402
2025-08-19,2.0299999713897705,2.25,1.9800000190734863,2.25,11891900,1.9733000016212463,1.9494999960064887,2.873357812899213,4.129262659563193
2025-08-20,2.0,2.0490000247955322,1.899999976158142,2.0,7175300,1.965699999332428,1.9559649959206582,1.7449255063957114,2.2513186161910337
2025-08-21,1.9900000095367432,2.009999990463257,1.940000057220459,1.9900000095367432,4427300,1.9614999985694885,1.9626099959015846,1.4529702262574329,1.395591263284901
2025-08-22,2.0899999141693115,2.109999895095825,1.9900000095367432,2.0,7283400,1.9626999974250794,1.9699449953436852,6.485958980549267,6.094328476652766
2025-08-25,2.380000114440918,2.569999933242798,2.0799999237060547,2.180000066757202,66141900,1.970499999523163,1.978614995777607,20.781533368020753,20.28616580385132
2025-08-26,3.1500000953674316,3.240000009536743,2.380000114440918,2.509999990463257,95940500,1.995900001525879,1.9913249963521957,57.82354291092917,58.186137427981485
2025-08-27,3.309999942779541,3.880000114440918,3.0399999618530273,3.1500000953674316,125124800,2.021500000953674,2.005014995932579,63.73979427247078,65.08604421883553
2025-08-28,3.0950000286102295,3.299999952316284,2.9700000286102295,3.015000104904175,49148800,2.045400002002716,2.0173849961161614,51.31514743227812,53.4164294157375
2025-08-29,3.0450000762939453,3.5899999141693115,3.009999990463257,3.4049999713897705,50831400,2.0689000034332277,2.0295199966430664,47.17966413267594,50.03548037617451
2025-09-02,2.890000104904175,3.0899999141693115,2.75,2.819999933242798,29880600,2.0909000062942504,2.0407549971342087,38.217996853239654,41.61426084770312
2025-09-03,2.680000066757202,2.950000047683716,2.630000114440918,2.9200000762939453,26172000,2.108900008201599,2.051104997396469,27.080471161959842,30.66128112207853
2025-09-04,2.5399999618530273,2.690000057220459,2.509999990463257,2.6510000228881836,20133800,2.1209000062942507,2.06077499717474,19.76047688787792,23.254599135533493
2025-09-05,2.5299999713897705,2.6700000762939453,2.369999885559082,2.609999895095825,27245400,2.133500006198883,2.070499997138977,18.584483901516634,22.192705862628912
2025-09-08,2.9800000190734863,2.990000009536743,2.569999933242798,2.569999933242798,37863200,2.151900007724762,2.0825749972462653,38.48227187025699,43.09208662419661
2025-09-09,3.0399999618530273,3.0799999237060547,2.859999895095825,2.9800000190734863,21414500,2.1739000058174134,2.095014997124672,39.840836916045255,45.10635799864493
2025-09-10,2.859999895095825,3.059999942779541,2.7899999618530273,3.049999952316284,20932100,2.1921000027656556,2.1064649966359137,30.468495574449882,35.77248611599666
2025-09-11,3.2200000286102295,3.3499999046325684,2.859999895095825,2.8949999809265137,45894700,2.2176000022888185,2.119914996922016,45.20202134229883,51.8928840677795
2025-09-12,3.2850000858306885,3.48799991607666,3.200000047683716,3.299999952316284,34779500,2.243100004196167,2.133474997282028,46.44911415832726,53.974154373295335
2025-09-15,3.890000104904175,3.9700000286102295,3.359999895095825,3.424999952316284,74234300,2.2817000055313112,2.1498349979519844,70.48692183345806,80.94412401928236
2025-09-16,3.869999885559082,4.25,3.680000066757202,3.950000047683716,51788900,2.3219000029563905,2.1660199972987173,66.67383955517259,78.66870529290722
2025-09-17,3.9800000190734863,4.239999771118164,3.7149999141693115,3.869999885559082,50578000,2.363300004005432,2.1828899973630906,68.40858174281703,82.32709957356012
2025-09-18,4.489999771118164,4.650000095367432,4.099999904632568,4.230000019073486,45894400,2.4150999999046325,2.2020349961519243,85.91361729516231,103.90228942612079
2025-09-19,4.449999809265137,4.949999809265137,4.320000171661377,4.695000171661377,60753500,2.466699995994568,2.220584995150566,80.40296008801455,100.39763481169545
2025-09-22,5.539999961853027,5.570000171661377,4.360000133514404,4.440000057220459,75824200,2.5410999941825865,2.2448849949240683,118.0158189184176,146.7832416528943
2025-09-23,4.869999885559082,5.710000038146973,4.764999866485596,5.610000133514404,63760000,2.601899991035461,2.2658649942278863,87.17090980968104,114.92895198809396
2025-09-24,4.409999847412109,5.150000095367432,4.369999885559082,5.070000171661377,48837200,2.655499987602234,2.283904993534088,66.07041491248845,93.0903369403351
2025-09-25,4.090000152587891,4.300000190734863,3.9700000286102295,4.139999866485596,35801400,2.699099991321564,2.300664994418621,51.53199828603974,77.77469394762689
2025-09-26,4.199999809265137,4.300000190734863,3.9200000762939453,4.239999771118164,38614100,2.7428999876976015,2.317634993493557,53.12260119227421,81.2192092825687
2025-09-29,4.099999904632568,4.590000152587891,4.059999942779541,4.460000038146973,55185500,2.7850999855995178,2.3333849930763244,47.2119466386054,75.71039141839799
2025-09-30,4.289999961853027,4.309999942779541,3.8499999046325684,4.019999980926514,51088100,2.8290999865531923,2.350504992902279,51.6383295833849,82.51396933030814
2025-10-01,4.760000228881836,4.809999942779541,4.130000114440918,4.199999809265137,48283000,2.8834999918937685,2.3700799939036368,65.07717157147125,100.83711271879415
2025-10-02,5.159999847412109,5.260000228881836,4.730000019073486,4.880000114440918,51263300,2.9434999871253966,2.3921299931406974,75.3015073885335,115.7073345599164
2025-10-03,6.179999828338623,6.300000190734863,5.019999980926514,5.304999828338623,102606400,3.0258999848365784,2.4188049921393393,104.23675135688235,155.4980599272144
2025-10-06,6.579999923706055,7.119999885559082,6.380000114440918,6.760000228881836,79734100,3.117299983501434,2.4468499916791915,111.08010003949711,168.9171770268769
2025-10-07,7.059999942779541,7.429999828338623,6.400000095367432,6.559999942779541,86833300,3.2190999817848205,2.475999991297722,119.31595733988804,185.13731694640484
2025-10-08,6.809999942779541,7.340000152587891,6.550000190734863,7.090000152587891,61801100,3.3172999811172486,2.503849990963936,105.28743199419579,171.98114772673807
2025-10-09,6.53000020980835,7.179999828338623,6.28000020980835,6.670000076293945,54806900,3.4102999854087828,2.5307499921321868,91.4787625061558,158.02628588795324
2025-10-10,5.920000076293945,6.800000190734863,5.889999866485596,6.5,54285600,3.490699987411499,2.553999992609024,69.59349407406033,131.79326912395183
2025-10-13,6.449999809265137,6.71999979019165,5.980000019073486,6.150000095367432,50277100,3.58329998254776,2.576449991464615,80.00166998798484,150.34445964924606
2025-10-14,6.730000019073486,7.050000190734863,5.929999828338623,6.275000095367432,106256600,3.679899983406067,2.6003499913215635,82.88540583769581,158.81131545885214
2025-10-15,6.159999847412109,7.0,5.855000019073486,6.900000095367432,101932700,3.764499981403351,2.6177999901771547,63.63394548658627,135.31208917894614
2025-10-16,5.670000076293945,6.269999980926514,5.585000038146973,6.260000228881836,53987200,3.8406999826431276,2.631649990081787,47.629341055479,115.45418644816561
2025-10-17,5.440000057220459,5.610000133514404,5.210000038146973,5.409999847412109,31253300,3.9126999831199645,2.6413999903202057,39.03442841744882,105.95139233573599
2025-10-20,5.559999942779541,5.729000091552734,5.28000020980835,5.659999847412109,39526600,3.9872999811172485,2.655699989795685,39.442729895171304,109.36099575040092
2025-10-21,5.630000114440918,5.96999979019165,5.260000228881836,5.489999771118164,43250600,4.057699985504151,2.671799989938736,38.74855545145523,110.71937029874803
2025-10-22,5.059999942779541,5.360000133514404,4.690000057220459,5.304999828338623,42551700,4.116499986648559,2.6766499888896944,22.91995528218451,89.04227163740927
2025-10-23,5.420000076293945,5.539999961853027,5.0,5.119999885559082,27000500,4.18189998626709,2.683199988603592,29.606162129478065,101.99761848965481
2025-10-24,6.079999923706055,6.139999866485596,5.519999980926514,5.53000020980835,36057700,4.258299984931946,2.694249988794327,42.779981335749476,125.66576780155603
2025-10-27,5.869999885559082,6.420000076293945,5.860000133514404,6.360000133514404,37551900,4.331499981880188,2.707799987792969,35.51887129435176,116.78114750061393
2025-10-28,5.260000228881836,6.179999828338623,5.239999771118164,5.869999885559082,49525200,4.392499985694886,2.7200499892234804,19.749578736759243,93.3788073646198
2025-10-29,5.070000171661377,5.300000190734863,4.841000080108643,5.199999809265137,31863200,4.453299989700318,2.7347999906539915,13.848161664100234,85.38833512460826
2025-10-30,4.949999809265137,5.046999931335449,4.675000190734863,4.920000076293945,19046400,4.51229998588562,2.7465499901771544,9.700149031505735,80.22609553689057
2025-10-31,4.820000171661377,5.179999828338623,4.639999866485596,5.050000190734863,20070500,4.568899989128113,2.756299991607666,5.495856401557653,74.87211792392804
