setup,class,ticker,entry_date,direction,entry_idx,entry_close,adr,stop,stop_distance_adr,outcome,reason,bars,move_adr,had_earnings,status
base,breakout,AAPL,2024-11-25,long,1233.0,231.6048,3.5520959022888143,228.4918055223945,0.8763824410257754,WIN,exit_fired,20.0,7.092263467258046,1.0,done
base,breakout,ALM,2025-09-15,long,1432.0,4.81,0.2782142857142858,4.51,1.0783055198973033,WIN,exit_fired,1.0,0.21566110397946256,1.0,done
base,breakout,AMN,2021-04-22,long,328.0,78.59,1.7042857142857153,76.85,1.0209555741827374,WIN,exit_fired,1.0,0.786253143336129,1.0,done
base,breakout,APP,2024-09-11,long,857.0,97.57,4.270142857142857,87.12,2.4472249171991542,WIN,earnings_flat_favorable,39.0,15.833193937974645,1.0,done
base,breakout,ASTS,2025-06-04,long,1312.0,28.69,1.6515214285714295,25.4001,1.9920419699584373,WIN,exit_fired,37.0,14.774255772815536,1.0,done
base,breakout,ATI,2025-12-10,long,1493.0,104.73,3.3447857142857154,99.43,1.5845559185939722,WIN,earnings_flat_favorable,35.0,5.094496764687036,1.0,done
base,breakout,AXTI,2025-10-24,long,1461.0,6.06,0.5018571428571429,5.4,1.3151152860802717,WIN,earnings_flat_favorable,3.0,2.01252490748648,1.0,done
base,breakout,BAP,2025-12-02,long,1487.0,261.23,8.337142857142856,256.54,0.5625428375599724,WIN,exit_fired,47.0,10.472412611377658,1.0,done
base,breakout,CLS,2025-05-13,long,1347.0,109.87,5.113571428571428,100.66,1.801089537644924,WIN,exit_fired,10.0,1.613353820365973,1.0,done
base,breakout,DRN,2024-07-11,long,1137.0,9.2653,0.29942988418281874,8.91929294605809,1.1555528429842825,WIN,exit_fired,52.0,12.967977496959561,0.0,done
base,breakout,EAT,2024-09-16,long,1183.0,72.26,2.602328571428573,70.43,0.7032163501918601,WIN,earnings_flat_favorable,31.0,9.510712932922706,1.0,done
base,breakout,EOSE,2025-09-12,long,1324.0,8.2,0.5892142857142859,7.171,1.7463935022426937,WIN,earnings_flat_favorable,37.0,10.013334949690869,1.0,done
base,breakout,ERO,2025-11-24,long,1465.0,22.96,1.028,21.61,1.3132295719844371,WIN,exit_fired,42.0,12.08171206225681,1.0,done
base,breakout,FIX,2023-02-23,long,791.0,134.3156,3.640419080108182,125.75298049999999,2.35209719309172,WIN,exit_fired,8.0,3.5484925542188193,1.0,done
base,breakout,FIX,2025-09-10,long,1429.0,751.2461,23.531073468336665,721.0504217617337,1.2832257006420675,WIN,earnings_flat_favorable,30.0,1.639368473856829,1.0,done
base,breakout,FTAI,2025-12-30,long,1506.0,197.3466033935547,6.7721991539001465,176.38201904296875,3.095683377608929,WIN,exit_fired,37.0,15.662679598158922,1.0,done
base,breakout,IONQ,2025-09-11,long,1177.0,47.05,2.3732214285714273,43.38,1.5464212297329414,WIN,exit_fired,18.0,13.559628112481237,1.0,done
base,breakout,IONQ-WS,2025-09-09,long,402.0,44.0,2.2372999999999985,41.045,1.3207884503642784,WIN,exit_fired,20.0,15.746658919233017,0.0,done
base,breakout,IREN,2025-06-24,long,901.0,11.54,0.6865714285714289,10.92,0.9030378693300025,WIN,earnings_flat_favorable,45.0,15.752184769038696,1.0,done
base,breakout,KTOS,2025-05-16,long,1350.0,35.21,1.3579928571428574,34.02,0.8762932689526015,WIN,exit_fired,1.0,-0.05891047186235862,1.0,done
base,breakout,KTOS,2025-09-11,long,1430.0,67.67,2.8142857142857136,65.6,0.7355329949238607,WIN,exit_fired,23.0,9.81776649746193,1.0,done
base,breakout,LNG,2021-04-23,long,329.0,70.9011,1.7126954179275973,68.71261746866155,1.2778001905245753,WIN,exit_fired,1.0,0.22876221650320694,1.0,done
base,breakout,METC,2021-07-26,long,393.0,5.410900115966797,0.2732413113117218,5.016539573669434,1.4432683711119547,WIN,earnings_flat_favorable,4.0,0.3681718745040741,1.0,done
base,breakout,PAG,2021-09-15,long,429.0,82.457,1.874286076870273,80.54357359189453,1.0208827946374919,WIN,exit_fired,29.0,9.082551596619611,1.0,done
base,breakout,PSIX,2025-05-12,long,1346.0,34.51,2.3606357142857144,31.0,1.4868876119931365,WIN,earnings_flat_favorable,60.0,22.57019144358814,1.0,done
base,breakout,PTON,2024-10-14,long,1203.0,5.4,0.3156142857142857,4.7502,2.058842167202281,WIN,earnings_flat_favorable,12.0,3.9605304847689315,1.0,done
base,breakout,QXO,2025-06-06,long,1364.0,19.0,0.9400000000000003,17.75,1.3297872340425527,WIN,exit_fired,20.0,2.8191489361702105,1.0,done
base,breakout,RCAT,2024-11-05,long,1219.0,3.42,0.23299999999999996,3.17,1.072961373390558,WIN,exit_fired,38.0,40.47210300429185,1.0,done
base,breakout,RGTI,2025-09-12,long,1103.0,19.09,1.157,16.66,2.100259291270527,WIN,exit_fired,32.0,15.54019014693172,1.0,done
base,breakout,RH,2020-07-15,long,134.0,279.9,10.543892857142856,269.565,0.9801882606383501,WIN,earnings_flat_favorable,39.0,3.905578381527561,1.0,done
base,breakout,SA,2025-08-29,long,1422.0,17.44,0.5464285714285712,16.45,1.8117647058823576,WIN,exit_fired,36.0,11.016993464052293,1.0,done
base,breakout,SFM,2023-11-30,long,985.0,43.08,0.9168428571428571,41.27,1.9741660044562812,WIN,earnings_flat_favorable,55.0,10.41617974726936,1.0,done
base,breakout,SIMO,2021-12-03,long,485.0,68.3768,2.191133692509767,66.09878827292111,1.0396498099892808,WIN,exit_fired,26.0,6.695346819844771,1.0,done
base,breakout,SKY,2021-11-03,long,464.0,70.1,2.386428571428571,69.06,0.43579766536964654,WIN,exit_fired,23.0,5.7366058066447225,1.0,done
base,breakout,SNBR,2020-10-02,long,190.0,51.79,2.1623071428571436,48.15,1.6833871228813135,WIN,earnings_flat_favorable,7.0,3.621132190154033,1.0,done
base,breakout,SNDK,2025-08-22,long,131.0,46.37,2.180864285714286,45.63,0.33931501599955216,WIN,earnings_flat_favorable,52.0,78.0103563135192,1.0,done
base,breakout,SNDK,2026-01-02,long,222.0,275.24,17.758421428571427,244.0,1.759165369830572,WIN,earnings_flat_favorable,17.0,14.212411897936553,1.0,done
base,breakout,SOUN,2024-11-21,long,646.0,6.98,0.6526785714285716,6.38,0.9192886456908351,WIN,exit_fired,26.0,19.703419972640216,1.0,done
base,breakout,STRL,2025-09-10,long,1429.0,301.13,11.974999999999998,291.0,0.8459290187891438,WIN,exit_fired,14.0,3.2192066805845525,1.0,done
base,breakout,TSLA,2025-09-11,long,1430.0,368.81,12.368571428571418,347.6,1.7148302148302146,WIN,earnings_flat_favorable,28.0,5.965927465927473,1.0,done
base,breakout,VITL,2024-02-20,long,893.0,16.09,0.4567857142857144,15.44,1.4229867083659113,WIN,earnings_flat_favorable,11.0,6.370602032838153,1.0,done
base,breakout,WLDN,2025-05-09,long,1345.0,42.4,1.3528571428571428,40.57,1.3526927138331561,WIN,earnings_flat_favorable,60.0,33.721224920802534,1.0,done
bf,breakout,AA,2025-12-11,long,1494.0,47.1628,1.662662667515279,44.42727773073666,1.6452659476328784,WIN,earnings_flat_favorable,26.0,9.98566956748455,1.0,done
bf,breakout,AMPX,2025-07-02,long,700.0,4.38,0.37640714285714283,3.92,1.222080953374955,WIN,exit_fired,23.0,10.467389035428964,1.0,done
bf,breakout,ANF,2023-11-01,long,965.0,62.13,2.257914285714285,60.21,0.8503422880787589,WIN,earnings_flat_favorable,13.0,4.49972794108343,1.0,done
bf,breakout,ANF,2023-11-02,long,966.0,63.31,2.235807142857142,62.23,0.48304702999556187,WIN,earnings_flat_favorable,12.0,4.016446601259376,1.0,done
bf,breakout,APLD,2025-10-01,long,1272.0,25.0,1.754928469657898,22.299999237060547,1.5385246804194734,WIN,earnings_flat_favorable,5.0,1.6752822607241278,1.0,done
bf,breakout,AXON,2021-02-04,long,275.0,175.34,8.453571428571426,166.03,1.1013096746937057,WIN,exit_fired,8.0,0.3596113223489641,1.0,done
bf,breakout,AXTI,2025-10-24,long,1461.0,6.06,0.5018571428571429,5.4,1.3151152860802717,WIN,earnings_flat_favorable,3.0,2.01252490748648,1.0,done
bf,breakout,BE,2025-07-23,long,1395.0,26.89,1.4155714285714291,25.74,0.8123927742456365,WIN,earnings_flat_favorable,5.0,7.579977797961444,1.0,done
bf,breakout,BIOA,2025-11-17,long,286.0,8.31,0.4373714285714287,7.84,1.0746015155474273,WIN,exit_fired,38.0,28.305461196759858,1.0,done
bf,breakout,BLDP,2021-01-06,long,255.0,24.305,1.4028428571428566,23.2,0.7876862289840024,WIN,exit_fired,23.0,11.829550199085533,1.0,done
bf,breakout,DAC,2020-12-04,long,234.0,11.5122,1.0084929443914434,10.805022000000001,0.7012225558273316,WIN,exit_fired,25.0,15.475864344710848,1.0,done
bf,breakout,EH,2021-01-05,long,254.0,25.5,2.9139285714285705,21.02,1.5374433141316344,WIN,exit_fired,14.0,22.135065571761253,1.0,done
bf,breakout,EOSE,2025-09-12,long,1324.0,8.2,0.5892142857142859,7.171,1.7463935022426937,WIN,exit_fired,22.0,14.901200145472176,1.0,done
bf,breakout,EOSE,2025-09-18,long,1328.0,9.0,0.6292142857142858,8.44,0.8899988647973669,WIN,exit_fired,18.0,12.68248382336247,1.0,done
bf,breakout,EQX,2025-08-22,long,1417.0,8.0125,0.31627563290024974,7.762733790523691,0.7897105672857266,WIN,exit_fired,45.0,8.0866172855202,0.0,done
bf,breakout,GDXU,2025-08-21,long,1182.0,98.31,5.826785714285713,92.41,1.0125651241189102,WIN,exit_fired,37.0,20.73012565124119,0.0,done
bf,breakout,HROW,2024-09-10,long,1179.0,41.06,2.108571428571429,39.42,0.7777777777777779,WIN,exit_fired,30.0,7.550135501355009,1.0,done
bf,breakout,HUT,2025-10-01,long,1444.0,36.53,2.508664285714287,34.5445,0.7914570360436548,WIN,exit_fired,9.0,5.347467206510006,1.0,done
bf,breakout,HYMC,2025-12-11,long,1494.0,12.36,0.8824285714285718,11.45,1.0312449409098265,WIN,exit_fired,8.0,16.749231018293663,1.0,done
bf,breakout,IONQ,2024-11-07,long,968.0,22.11,1.8917857142857144,16.29,3.076458372663772,WIN,exit_fired,40.0,14.525958089484615,1.0,done
bf,breakout,IREN,2024-06-03,long,637.0,8.0,0.7568571428571429,7.96,0.05285013212533036,WIN,exit_fired,11.0,7.861457153642883,1.0,done
bf,breakout,IREN,2025-06-23,long,900.0,10.66,0.6608571428571433,9.825,1.2635105923043672,WIN,exit_fired,20.0,11.999567661046253,1.0,done
bf,breakout,IREN,2025-06-24,long,901.0,11.54,0.6865714285714289,10.92,0.9030378693300025,WIN,exit_fired,19.0,10.268414481897624,1.0,done
bf,breakout,IZEA,2021-01-08,long,257.0,9.0,1.0965142857142853,7.28,1.5686070144353539,WIN,exit_fired,11.0,15.503673979884313,1.0,done
bf,breakout,JD,2020-05-29,long,102.0,47.6843,2.22132441076948,44.81428967421314,1.292026644947673,WIN,earnings_flat_favorable,54.0,3.0542589669060587,1.0,done
bf,breakout,KTOS,2025-09-11,long,1430.0,67.67,2.8142857142857136,65.6,0.7355329949238607,WIN,exit_fired,18.0,12.798984771573606,1.0,done
bf,breakout,MSTR,2024-02-26,long,1043.0,79.648,5.221904859546377,68.794,2.0785518487870114,WIN,exit_fired,21.0,20.691874499104976,1.0,done
bf,breakout,MU,2025-10-01,long,1444.0,181.8861,5.822266379064351,165.26022261872083,2.8555679693842824,WIN,exit_fired,34.0,7.973819296028276,1.0,done
bf,breakout,ONDS,2025-08-22,long,1216.0,4.489999771118164,0.48928573727607727,3.799999952316284,1.4102185415074762,WIN,exit_fired,36.0,12.09926966040625,1.0,done
bf,breakout,OSCR,2024-01-24,long,728.0,11.69,0.7491428571428572,11.38,0.4138062547673514,WIN,earnings_flat_favorable,9.0,2.536231884057971,1.0,done
bf,breakout,QBTS,2024-11-21,long,992.0,1.97,0.2537142857142857,1.71,1.0247747747747749,WIN,exit_fired,22.0,23.56981981981982,1.0,done
bf,breakout,QUBT,2024-12-16,long,1243.0,11.08,1.629785714285714,6.83,2.6077047815225494,WIN,exit_fired,1.0,3.503528071175001,1.0,done
bf,breakout,QXO,2025-06-06,long,1364.0,19.0,0.9400000000000003,17.75,1.3297872340425527,WIN,exit_fired,11.0,4.797872340425532,1.0,done
bf,breakout,REAL,2024-11-13,long,1225.0,4.14,0.24637142857142846,3.83,1.2582627855734654,WIN,exit_fired,32.0,27.560013916270453,1.0,done
bf,breakout,RGTI,2024-12-06,long,913.0,4.38,0.4889285714285715,3.31,2.1884587289992687,WIN,exit_fired,20.0,28.654492330168004,1.0,done
bf,breakout,RGTI,2025-10-02,long,1117.0,35.4,3.312714285714285,30.46,1.4912242873776356,WIN,exit_fired,8.0,6.254689723575835,1.0,done
bf,breakout,RKLB,2024-09-11,long,953.0,6.68,0.3712142857142857,6.15,1.4277467769867214,WIN,earnings_flat_favorable,43.0,21.82028093130652,1.0,done
bf,breakout,SNBR,2021-01-06,long,255.0,86.77,4.318207142857145,82.83,0.9124157016222001,WIN,earnings_flat_favorable,27.0,8.276583039588187,1.0,done
bf,breakout,SOUN,2024-11-21,long,646.0,6.98,0.6526785714285716,6.38,0.9192886456908351,WIN,exit_fired,26.0,19.703419972640216,1.0,done
bf,breakout,TSE,2020-12-04,long,234.0,39.4692,1.3814428814659887,36.76043969394853,1.9608196201184478,WIN,earnings_flat_favorable,39.0,7.004125997400655,1.0,done
bf,breakout,TSLA,2024-12-05,long,1240.0,369.49,14.35928571428572,359.5,0.6957170571556488,WIN,exit_fired,13.0,6.462020593941197,1.0,done
bf,breakout,UAMY,2025-10-01,long,1443.0,7.55,0.712142857142857,6.67,1.2357071213640924,WIN,exit_fired,13.0,8.2567703109328,0.0,done
bf,breakout,UAN,2022-03-17,long,556.0,60.9084,3.674719485340975,57.55040336576387,0.9138103323618847,WIN,exit_fired,22.0,8.750191716202904,1.0,done
bf,breakout,UPST,2021-08-24,long,172.0,219.45,15.142000000000005,204.2,1.0071324791969354,WIN,exit_fired,39.0,9.749702813366792,1.0,done
bf,breakout,WULF,2025-09-09,long,1404.0,10.3,0.6632642857142856,9.13,1.7640027138503291,WIN,exit_fired,25.0,7.779704276468118,1.0,done
dtss,fade,AAOI,2024-02-16,short,1038.0,21.34,1.8699214285714285,24.75,1.8236060338669693,WIN,earnings_flat_favorable,2.0,1.1497809304439828,1.0,done
dtss,fade,ACHR,2025-07-18,short,1148.0,13.29,0.6821214285714285,13.73,0.6450464412494652,WIN,earnings_flat_favorable,15.0,5.233672261955871,1.0,done
dtss,fade,AEE,2025-11-28,short,1485.0,104.8773,1.3374693812216927,105.12876884344148,0.18801839277380059,WIN,exit_fired,12.0,5.6437927521787605,1.0,done
dtss,fade,AIR,2022-06-08,short,613.0,50.87,1.8071428571428574,52.47,0.8853754940711469,WIN,exit_fired,9.0,5.40079051383399,1.0,done
dtss,fade,ALTS,2025-02-20,short,1290.0,6.95,0.6378571428571427,7.38,0.6741321388577824,WIN,exit_fired,38.0,4.985442329227325,1.0,done
dtss,fade,APP,2025-12-22,short,1178.0,733.6,29.224428571428582,738.01,0.15090115412252844,WIN,earnings_flat_favorable,33.0,8.919934888131746,1.0,done
dtss,fade,ASST,2025-09-10,short,651.0,161.8,26.861285714285714,252.0,3.3579926500699355,WIN,exit_fired,77.0,5.478516611799245,1.0,done
dtss,fade,AVAV,2023-05-23,short,853.0,109.34,2.6158,112.39,1.1659912837372877,WIN,exit_fired,5.0,6.089915131126236,1.0,done
dtss,fade,AX,2022-01-13,short,513.0,60.52,1.4293071428571444,61.7903,0.888752292569325,WIN,earnings_flat_favorable,8.0,5.569131897073002,1.0,done
dtss,fade,BETR,2025-10-24,short,1127.0,79.52,10.209357142857142,92.69,1.2899930735809588,WIN,exit_fired,1.0,0.09990834738440188,1.0,done
dtss,fade,BTBT,2025-10-20,short,1457.0,4.22,0.3971428571428571,4.55,0.8309352517985614,WIN,earnings_flat_favorable,18.0,4.280575539568345,1.0,done
dtss,fade,CELH,2024-05-22,short,1104.0,93.49,4.957142857142857,98.85,1.0812680115273774,WIN,earnings_flat_favorable,50.0,10.51815561959654,1.0,done
dtss,fade,CEPU,2023-08-29,short,920.0,6.3771,0.30459916127285985,6.541950204081633,0.5412037360600612,WIN,exit_fired,24.0,5.355234706436936,1.0,done
dtss,fade,CSL,2022-06-08,short,613.0,255.9063,6.75468109362477,259.7913714660569,0.5751672672931551,WIN,exit_fired,13.0,3.837279605170926,1.0,done
dtss,fade,CVNA,2023-09-15,short,932.0,52.2,3.872714285714285,56.4,1.0845106791102577,WIN,earnings_flat_favorable,33.0,6.767863071304736,1.0,done
dtss,fade,CVNA,2026-01-23,short,1522.0,473.31,20.119999999999997,486.89,0.6749502982107349,WIN,earnings_flat_favorable,16.0,6.0820079522862835,1.0,done
dtss,fade,DELL,2022-02-10,short,532.0,55.4208,1.4016827629060293,56.169236363636365,0.5339556021111901,WIN,earnings_flat_favorable,8.0,2.5655591230532147,1.0,done
dtss,fade,DNLI,2024-11-11,short,1223.0,31.58,1.2921785714285712,33.33,1.3543019817031041,WIN,exit_fired,42.0,9.936707111467346,1.0,done
dtss,fade,DNTH,2024-11-08,short,1222.0,29.06,1.3434214285714288,32.27,2.3894214665114157,WIN,exit_fired,12.0,3.870713902136867,1.0,done
dtss,fade,EBC,2025-02-06,short,1082.0,18.4555,0.4491676306023939,18.469956005221935,0.03218398708416852,WIN,exit_fired,47.0,9.313449400593795,1.0,done
dtss,fade,EME,2025-01-22,short,1270.0,534.8813,13.524966603036082,544.1620628687102,0.6861948824795522,WIN,earnings_flat_favorable,23.0,10.179293157669965,1.0,done
dtss,fade,FFIC,2024-11-25,short,1233.0,16.609,0.5575615496480808,16.964907142857147,0.6383279892269919,WIN,earnings_flat_favorable,40.0,5.4386820646330065,1.0,done
dtss,fade,FITB,2022-02-10,short,532.0,41.592,1.2187049348841958,42.44721009771987,0.7017367971855576,WIN,exit_fired,17.0,4.9747070242036,1.0,done
dtss,fade,FRT,2024-11-29,short,1236.0,109.1978,1.427574685207833,110.54580541791685,0.9442626237944273,WIN,exit_fired,29.0,7.638269376016932,1.0,done
dtss,fade,FTAI,2025-01-10,short,1263.0,172.02650451660156,7.024173259735107,179.5592041015625,1.07239660902741,WIN,exit_fired,11.0,10.414365206843721,1.0,done
dtss,fade,FUBO,2025-09-23,short,1438.0,53.4,3.111428571428571,56.64,1.0413223140495875,WIN,exit_fired,25.0,3.12396694214876,1.0,done
dtss,fade,GAP,2024-06-03,short,1111.0,27.3979,1.0182758948695414,29.021199621081635,1.5941648322035629,WIN,exit_fired,39.0,5.65583456214276,1.0,done
dtss,fade,GFS,2023-04-03,short,358.0,70.71,2.3127214285714315,72.37,0.7177691093671377,WIN,earnings_flat_favorable,24.0,4.717386134455071,1.0,done
dtss,fade,GH,2025-05-01,short,1338.0,48.87,2.4678285714285724,52.92,1.64111885521106,WIN,exit_fired,18.0,4.3276912033713835,1.0,done
dtss,fade,GRPN,2025-08-07,short,1406.0,36.89,2.107857142857143,43.08,2.9366316502880365,WIN,earnings_flat_favorable,63.0,7.789901728227719,1.0,done
dtss,fade,GTM,2025-11-04,short,1362.0,11.69,0.4167857142857145,12.31,1.487574978577551,WIN,exit_fired,15.0,4.966580976863751,1.0,done
dtss,fade,HAL,2022-06-09,short,614.0,38.9539,1.3694143685242426,39.535301492537315,0.4245621383130863,WIN,earnings_flat_favorable,25.0,9.003410715842602,1.0,done
dtss,fade,HCC,2022-06-07,short,612.0,37.4496,1.834047036222497,38.30934149592693,0.46876741923571563,WIN,exit_fired,28.0,4.556644314429762,1.0,done
dtss,fade,HNRG,2022-08-23,short,665.0,7.14,0.49850714285714304,7.95,1.6248513418635644,WIN,exit_fired,24.0,3.249702683727127,1.0,done
dtss,fade,INVA,2022-04-05,short,569.0,19.61,0.6628571428571431,20.71,1.659482758620691,WIN,earnings_flat_favorable,14.0,3.62068965517241,1.0,done
dtss,fade,ISRG,2021-12-31,short,504.0,359.3,8.76957857142857,366.15,0.7811093707874832,WIN,earnings_flat_favorable,12.0,7.507772404766157,1.0,done
dtss,fade,KYMR,2024-11-11,short,1062.0,51.84,2.1848571428571417,53.23,0.636197201516932,WIN,exit_fired,6.0,4.119262455865047,1.0,done
dtss,fade,LABU,2024-11-11,short,1223.0,142.7053,6.758984139358188,150.82053337583986,1.20065873931914,WIN,exit_fired,6.0,5.993134347530287,0.0,done
dtss,fade,LOPE,2024-08-01,short,1152.0,153.22,3.626721428571429,157.53,1.1884011730390105,WIN,earnings_flat_favorable,2.0,1.6212990481367455,1.0,done
dtss,fade,LTH,2025-05-08,short,899.0,30.76,1.4504999999999997,34.99,2.916235780765254,WIN,exit_fired,27.0,2.847294036539127,1.0,done
dtss,fade,MET,2022-04-21,short,580.0,63.3479,1.1868410380739267,64.76389105895502,1.1930755792308743,WIN,earnings_flat_favorable,8.0,3.683644110499391,1.0,done
dtss,fade,MOD,2025-01-22,short,1270.0,142.68,5.037142857142859,145.94,0.647192285876345,WIN,earnings_flat_favorable,8.0,9.173851389676685,1.0,done
dtss,fade,MPC,2023-04-03,short,818.0,127.1693,3.8724172423597603,130.16008492332648,0.7723302361663793,WIN,earnings_flat_favorable,19.0,3.1910042814678734,1.0,done
dtss,fade,MSFT,2025-10-28,short,,,,,,,no_forward_window_after_earnings,,,,skip
dtss,fade,NAIL,2024-10-18,short,1207.0,173.348,8.259482651173773,175.38762007616666,0.24694283677401843,WIN,exit_fired,22.0,5.7834736166207135,0.0,done
dtss,fade,NEOV,2025-01-06,short,1164.0,5.69,0.39315714285714287,5.84,0.38152683405399374,WIN,earnings_flat_favorable,21.0,6.1298644671341895,1.0,done
dtss,fade,NOW,2023-09-11,short,928.0,121.188,2.5051428571428604,121.57999999999998,0.1564781021897735,WIN,exit_fired,31.0,4.115533759124083,1.0,done
dtss,fade,NSP,2023-06-09,short,865.0,113.9249,2.474977769113121,115.61094905927733,0.6812380621428826,WIN,exit_fired,20.0,4.297614359506534,1.0,done
dtss,fade,NUE,2022-01-05,short,507.0,115.1615,3.8472382162717764,118.86821386082138,0.9634739655953583,WIN,exit_fired,13.0,6.9589660153523285,1.0,done
dtss,fade,PACB,2026-01-23,short,1522.0,2.58,0.2005357142857143,2.73,0.747996438112199,WIN,earnings_flat_favorable,13.0,3.690115761353517,1.0,done
dtss,fade,PDS,2024-07-31,short,1151.0,76.85,2.5814285714285723,79.07,0.8599889319313773,WIN,exit_fired,9.0,2.6961815163253977,1.0,done
dtss,fade,PNR,2024-05-15,short,1099.0,83.5779,1.4819373489364014,84.32448208744711,0.5037878881876736,WIN,exit_fired,32.0,6.854203389428116,1.0,done
dtss,fade,PR,2022-06-08,short,613.0,8.1918,0.44531013053822355,8.48030522945571,0.6478748397369912,WIN,exit_fired,27.0,6.144930942156321,1.0,done
dtss,fade,PRKS,2022-04-21,short,580.0,70.43,3.119285714285714,76.57,1.9683993588275661,WIN,earnings_flat_favorable,9.0,0.9970231280055002,1.0,done
dtss,fade,PSIX,2025-09-24,short,1439.0,110.87,6.548478571428572,119.7,1.3484048094050194,WIN,earnings_flat_favorable,30.0,3.4084252939886808,1.0,done
dtss,fade,REPX,2025-01-21,short,1269.0,34.1548,1.0530365263289094,35.07007765928356,0.8691794029922182,WIN,exit_fired,1.0,0.12411725209157763,1.0,done
dtss,fade,ROOT,2024-05-01,short,881.0,69.91,6.4849999999999985,86.57,2.569005397070162,WIN,exit_fired,4.0,1.0701619121048573,1.0,done
dtss,fade,SERV,2025-01-06,short,208.0,22.89,2.84225,24.35,0.5136775441991384,WIN,earnings_flat_favorable,39.0,5.1402937813352105,1.0,done
dtss,fade,SFM,2025-06-03,short,1361.0,175.21,5.454835714285715,182.0,1.244767093941547,WIN,earnings_flat_favorable,38.0,3.3493217682344776,1.0,done
dtss,fade,SLS,2025-10-20,short,1457.0,2.01,0.1577785714285714,2.48,2.9788582552401666,WIN,earnings_flat_favorable,16.0,3.1689981438725146,1.0,done
dtss,fade,SMCI,2022-06-06,short,611.0,5.499,0.2421428571428573,5.765,1.0985250737463121,WIN,exit_fired,20.0,6.562241887905598,1.0,done
dtss,fade,SOUN,2023-06-29,short,293.0,4.5,0.4972928571428573,5.11,1.2266413869378494,WIN,earnings_flat_favorable,26.0,4.966892173338503,1.0,done
dtss,fade,TJX,2022-01-05,short,507.0,70.6122,1.256595359599277,72.67023457545915,1.637786229065373,WIN,exit_fired,13.0,4.83114946559723,1.0,done
dtss,fade,TRNS,2024-07-24,short,1146.0,140.34,4.8576999999999995,147.115,1.39469296168969,WIN,earnings_flat_favorable,2.0,0.06999197150915112,1.0,done
dtss,fade,UTSL,2024-11-27,short,1235.0,40.6418,1.4826077985266228,41.40091408045977,0.5120127394541935,WIN,exit_fired,26.0,6.096622457390705,0.0,done
dtss,fade,VCTR,2025-02-10,short,1283.0,67.4774,2.1308984964802167,69.29981048871106,0.8552310172076638,WIN,exit_fired,40.0,8.302976434224663,1.0,done
dtss,fade,VRTX,2024-11-11,short,1223.0,501.72,12.320671428571432,518.35,1.3497641014462332,WIN,exit_fired,11.0,2.8123467297120888,1.0,done
dtss,fade,WAL,2022-01-12,short,512.0,111.0118,3.2607096113946312,113.64064383808586,0.8062183240418926,WIN,earnings_flat_favorable,9.0,3.4313083142704577,1.0,done
dtss,fade,WGO,2024-04-01,short,1066.0,68.4266,1.9094651501862339,69.5449581101497,0.5856918153445346,WIN,earnings_flat_favorable,55.0,7.65549452346605,1.0,done
dtss,fade,WHD,2024-11-25,short,1233.0,68.3352,2.2276959742790594,68.81705707296014,0.21630288806176998,WIN,exit_fired,20.0,5.311002998884943,1.0,done
dtss,fade,WING,2024-09-24,short,1189.0,424.1215,11.717200430280908,431.076591833388,0.5935796587906669,WIN,earnings_flat_favorable,25.0,4.911446240287652,1.0,done
dtss,fade,ZIM,2024-07-02,short,861.0,13.387,0.5629294654769242,14.098443755535875,1.2638239764783434,WIN,exit_fired,14.0,4.518150418445737,1.0,done
dtss,fade,ZVRA,2024-02-20,short,1039.0,6.89,0.3207142857142858,7.28,1.2160356347438768,WIN,earnings_flat_favorable,26.0,2.962138084632514,1.0,done
htf,breakout,AFG,2021-02-04,long,275.0,57.3097,1.9567505835511665,54.88414423236514,1.2395835156634496,WIN,earnings_flat_favorable,60.0,8.557401306410368,1.0,done
htf,breakout,AGO,2023-12-19,long,998.0,70.444,1.3199979181975061,69.40124342105264,0.7899683511404889,WIN,earnings_flat_favorable,45.0,9.31137832155349,1.0,done
htf,breakout,AR,2020-12-17,long,243.0,5.17,0.40642857142857153,4.78,0.9595782073813698,WIN,earnings_flat_favorable,39.0,10.629173989455182,1.0,done
htf,breakout,ASTS,2024-05-28,long,1057.0,5.33,0.6300785714285715,4.65,1.079230481459228,WIN,earnings_flat_favorable,53.0,24.806430037070207,1.0,done
htf,breakout,BB,2024-12-20,long,1251.0,3.69,0.22035714285714286,2.98,3.2220421393841163,WIN,exit_fired,38.0,9.847649918962725,1.0,done
htf,breakout,CHEF,2024-12-03,long,1238.0,45.0,1.2496428571428564,43.95,0.8402400685910243,WIN,earnings_flat_favorable,46.0,7.586167476421837,1.0,done
htf,breakout,CLNE,2020-11-20,long,225.0,3.48,0.2139142857142857,3.15,1.542673968211567,WIN,exit_fired,58.0,56.3777213837318,1.0,done
htf,breakout,CR,2023-10-31,long,149.0,96.0063,3.2015002844158573,92.2579804685092,1.1708009365911107,WIN,earnings_flat_favorable,59.0,4.888176982578465,1.0,done
htf,breakout,CRCL,2025-06-13,long,7.0,133.56,20.944499999999998,108.8,1.182171930578434,WIN,earnings_flat_favorable,39.0,1.3182458401967099,1.0,done
htf,breakout,EOSE,2025-09-18,long,1328.0,9.0,0.6292142857142858,8.44,0.8899988647973669,WIN,exit_fired,33.0,8.105346804404585,1.0,done
htf,breakout,EQX,2025-08-22,long,1417.0,8.0125,0.31627563290024974,7.762733790523691,0.7897105672857266,WIN,exit_fired,45.0,8.0866172855202,0.0,done
htf,breakout,FORM,2026-01-08,long,1512.0,64.52,1.8851500000000005,60.83,1.9574039201124562,WIN,earnings_flat_favorable,17.0,5.394796170066042,1.0,done
htf,breakout,FTDR,2024-08-06,long,1155.0,44.71,1.700049999999999,43.215,0.8793859004146928,WIN,earnings_flat_favorable,62.0,2.829328549160322,1.0,done
htf,breakout,GME,2021-01-22,long,266.0,16.2525,1.8105357142857146,10.58,3.1330505967057896,WIN,exit_fired,2.0,11.456553900779166,1.0,done
htf,breakout,HTOO,2020-11-25,long,167.0,548.8,31.674750000000014,533.75,0.4751418716801221,WIN,exit_fired,8.0,10.59676871956369,1.0,done
htf,breakout,HTT,2021-01-12,long,259.0,1.91,0.12499999999999997,1.56,2.7999999999999994,WIN,exit_fired,24.0,9.840000000000003,1.0,done
htf,breakout,LMND,2024-11-05,long,1093.0,25.05,1.2619571428571421,23.5,1.2282509027927155,WIN,exit_fired,19.0,15.872171343831019,1.0,done
htf,breakout,LMND,2024-11-06,long,1094.0,29.29,1.4266071428571423,26.29,2.1028914757791974,WIN,exit_fired,18.0,11.068218800851174,1.0,done
htf,breakout,MOD,2023-06-02,long,860.0,30.44,1.2771428571428574,27.44,2.3489932885906035,WIN,earnings_flat_favorable,40.0,5.974272930648768,1.0,done
htf,breakout,NHI,2024-03-04,long,1048.0,52.4149,1.38081880124922,51.413455305356536,0.7252542431617134,WIN,exit_fired,20.0,1.686825235789652,1.0,done
htf,breakout,OGI,2021-02-08,long,277.0,13.2,1.0642857142857143,9.92,3.081879194630872,WIN,exit_fired,10.0,-0.9771812080536905,1.0,done
htf,breakout,OSCR,2024-01-24,long,728.0,11.69,0.7491428571428572,11.38,0.4138062547673514,WIN,earnings_flat_favorable,9.0,2.536231884057971,1.0,done
htf,breakout,PL,2025-09-11,long,1099.0,9.67,0.6317857142857142,9.13,0.8547201808931588,WIN,exit_fired,28.0,5.128321085358961,1.0,done
htf,breakout,PRCH,2023-11-24,long,974.0,1.58,0.16078571428571425,1.33,1.554864504664594,WIN,earnings_flat_favorable,69.0,8.831630386494892,1.0,done
htf,breakout,PRTA,2021-06-07,long,359.0,37.23,2.282542857142857,28.5,3.8246817459224665,WIN,exit_fired,25.0,6.619809986356072,1.0,done
htf,breakout,QUBT,2024-11-20,long,1226.0,3.68,0.5471285714285713,2.85,1.5170108880127424,WIN,exit_fired,8.0,4.551032664038226,1.0,done
htf,breakout,REAL,2024-11-13,long,1225.0,4.14,0.24637142857142846,3.83,1.2582627855734654,WIN,exit_fired,54.0,20.659863156674025,1.0,done
htf,breakout,RHP,2020-11-13,long,220.0,50.5678,2.7808613190326823,47.42881241496598,1.1287824975486038,WIN,earnings_flat_favorable,69.0,5.2171605612633165,1.0,done
htf,breakout,RR,2024-12-23,long,276.0,1.96,0.26157142857142857,1.36,2.2938285090114685,WIN,exit_fired,13.0,2.446750409612234,1.0,done
htf,breakout,SOUN,2024-02-26,long,458.0,5.75,0.49607857142857137,3.84,3.850196541446488,WIN,earnings_flat_favorable,2.0,1.1893277274625274,1.0,done
htf,breakout,SOUN,2024-11-29,long,651.0,9.31,0.8258928571428571,7.905,1.7011891891891895,WIN,exit_fired,21.0,12.749837837837838,1.0,done
htf,breakout,XPEV,2020-11-12,long,54.0,44.73,3.8907142857142856,35.6,2.346612814393243,LOSS,stop_hit,68.0,-2.346612814393243,1.0,done
