setup,class,ticker,entry_date,direction,entry_idx,entry_close,stop,adr,mae_peak_bar,mae_peak_adr,outcome,outcome_bar,first_past_be_bar,had_earnings
base,breakout,AAPL,2024-11-25,long,1233,231.6048,228.4918055223945,3.5520959022888143,1,-0.12879698143539997,WIN,20,1.0,1
base,breakout,ALM,2025-09-15,long,1432,4.81,4.51,0.2782142857142858,1,0.32349165596919066,WIN,1,,1
base,breakout,AMN,2021-04-22,long,328,78.59,76.85,1.7042857142857153,1,0.1642917015926242,WIN,1,,1
base,breakout,APP,2024-09-11,long,857,97.57,87.12,4.270142857142857,1,0.051520524572613566,WIN,39,2.0,1
base,breakout,ASTS,2025-06-04,long,1312,28.69,25.4001,1.6515214285714295,1,0.5872161167408422,WIN,37,2.0,1
base,breakout,ATI,2025-12-10,long,1493,104.73,99.43,3.3447857142857154,1,-0.08371238815213476,WIN,35,1.0,1
base,breakout,AXTI,2025-10-24,long,1461,6.06,5.4,0.5018571428571429,1,0.3985197836606874,WIN,3,3.0,1
base,breakout,BAP,2025-12-02,long,1487,261.23,256.54,8.337142857142856,1,0.280671692940374,WIN,47,2.0,1
base,breakout,CLS,2025-05-13,long,1347,109.87,100.66,5.113571428571428,2,0.17795781533733973,WIN,10,1.0,1
base,breakout,DRN,2024-07-11,long,1137,9.2653,8.91929294605809,0.29942988418281874,2,-0.25695095257384654,WIN,52,1.0,0
base,breakout,EAT,2024-09-16,long,1183,72.26,70.43,2.602328571428573,1,-0.1960167542256088,WIN,31,1.0,1
base,breakout,EOSE,2025-09-12,long,1324,8.2,7.171,0.5892142857142859,2,0.4582373621044966,WIN,37,1.0,1
base,breakout,ERO,2025-11-24,long,1465,22.96,21.61,1.028,1,-0.11284046692606971,WIN,42,1.0,1
base,breakout,FIX,2023-02-23,long,791,134.3156,125.75298049999999,3.640419080108182,1,-0.04068990933785066,WIN,8,1.0,1
base,breakout,FIX,2025-09-10,long,1429,751.2461,721.0504217617337,23.531073468336665,2,0.010616205713851386,WIN,30,1.0,1
base,breakout,FTAI,2025-12-30,long,1506,197.3466033935547,176.38201904296875,6.7721991539001465,1,0.4687748849391937,WIN,37,2.0,1
base,breakout,IONQ,2025-09-11,long,1177,47.05,43.38,2.3732214285714273,1,-0.04213681824885465,WIN,18,1.0,1
base,breakout,IONQ-WS,2025-09-09,long,402,44.0,41.045,2.2372999999999985,2,0.27711974254681887,WIN,20,3.0,0
base,breakout,IREN,2025-06-24,long,901,11.54,10.92,0.6865714285714289,2,-0.08739076154806559,WIN,45,1.0,1
base,breakout,KTOS,2025-05-16,long,1350,35.21,34.02,1.3579928571428574,1,0.41973711201931435,WIN,1,,1
base,breakout,KTOS,2025-09-11,long,1430,67.67,65.6,2.8142857142857136,1,0.007106598984770162,WIN,23,2.0,1
base,breakout,LNG,2021-04-23,long,329,70.9011,68.71261746866155,1.7126954179275973,1,0.10045256714862946,WIN,1,,1
base,breakout,METC,2021-07-26,long,393,5.410900115966797,5.016539573669434,0.2732413113117218,1,0.859688401222229,WIN,4,,1
base,breakout,PAG,2021-09-15,long,429,82.457,80.54357359189453,1.874286076870273,3,-0.2636516497795519,WIN,29,1.0,1
base,breakout,PSIX,2025-05-12,long,1346,34.51,31.0,2.3606357142857144,3,0.3685447927162466,WIN,60,5.0,1
base,breakout,PTON,2024-10-14,long,1203,5.4,4.7502,0.3156142857142857,1,0.9505273163445459,WIN,12,7.0,1
base,breakout,QXO,2025-06-06,long,1364,19.0,17.75,0.9400000000000003,1,-0.05319148936170287,WIN,20,1.0,1
base,breakout,RCAT,2024-11-05,long,1219,3.42,3.17,0.23299999999999996,2,0.9012875536480687,WIN,38,4.0,1
base,breakout,RGTI,2025-09-12,long,1103,19.09,16.66,1.157,1,0.36732929991357016,WIN,32,3.0,1
base,breakout,RH,2020-07-15,long,134,279.9,269.565,10.543892857142856,1,0.4078190150696535,WIN,39,4.0,1
base,breakout,SA,2025-08-29,long,1422,17.44,16.45,0.5464285714285712,3,0.5673202614379129,WIN,36,2.0,1
base,breakout,SFM,2023-11-30,long,985,43.08,41.27,0.9168428571428571,1,-0.032720983499276705,WIN,55,1.0,1
base,breakout,SIMO,2021-12-03,long,485,68.3768,66.09878827292111,2.191133692509767,1,0.8026133060176972,WIN,26,2.0,1
base,breakout,SKY,2021-11-03,long,464,70.1,69.06,2.386428571428571,1,-0.37713259503143015,WIN,23,1.0,1
base,breakout,SNBR,2020-10-02,long,190,51.79,48.15,2.1623071428571436,1,0.1433653868387942,WIN,7,2.0,1
base,breakout,SNDK,2025-08-22,long,131,46.37,45.63,2.180864285714286,1,0.16507216994572896,WIN,52,2.0,1
base,breakout,SNDK,2026-01-02,long,222,275.24,244.0,17.758421428571427,1,0.5017337850573123,WIN,17,2.0,1
base,breakout,SOUN,2024-11-21,long,646,6.98,6.38,0.6526785714285716,1,-0.3064295485636103,WIN,26,1.0,1
base,breakout,STRL,2025-09-10,long,1429,301.13,291.0,11.974999999999998,1,-0.10521920668058381,WIN,14,1.0,1
base,breakout,TSLA,2025-09-11,long,1430,368.81,347.6,12.368571428571418,1,-0.11561561561561627,WIN,28,1.0,1
base,breakout,VITL,2024-02-20,long,893,16.09,15.44,0.4567857142857144,1,0.17294761532447356,WIN,11,2.0,1
base,breakout,WLDN,2025-05-09,long,1345,42.4,40.57,1.3528571428571428,1,-0.3252375923970469,WIN,60,1.0,1
bf,breakout,AA,2025-12-11,long,1494,47.1628,44.42727773073666,1.662662667515279,2,1.104886059394803,WIN,26,6.0,1
bf,breakout,AMPX,2025-07-02,long,700,4.38,3.92,0.37640714285714283,1,0.026566977247281066,WIN,23,2.0,1
bf,breakout,ANF,2023-11-01,long,965,62.13,60.21,2.257914285714285,1,-0.044288660837432804,WIN,13,1.0,1
bf,breakout,ANF,2023-11-02,long,966,63.31,62.23,2.235807142857142,1,-0.1856152939334785,WIN,12,1.0,1
bf,breakout,APLD,2025-10-01,long,1272,25.0,22.299999237060547,1.754928469657898,2,-0.15043345093727112,WIN,5,1.0,1
bf,breakout,AXON,2021-02-04,long,275,175.34,166.03,8.453571428571426,1,0.28035487959442396,WIN,8,2.0,1
bf,breakout,AXTI,2025-10-24,long,1461,6.06,5.4,0.5018571428571429,1,0.3985197836606874,WIN,3,3.0,1
bf,breakout,BE,2025-07-23,long,1395,26.89,25.74,1.4155714285714291,1,-2.12634978302553,WIN,5,1.0,1
bf,breakout,BIOA,2025-11-17,long,286,8.31,7.84,0.4373714285714287,1,0.48014110269140503,WIN,38,4.0,1
bf,breakout,BLDP,2021-01-06,long,255,24.305,23.2,1.4028428571428566,1,-1.3151865090275865,WIN,23,1.0,1
bf,breakout,DAC,2020-12-04,long,234,11.5122,10.805022000000001,1.0084929443914434,1,-3.2058033812629004e-05,WIN,25,1.0,1
bf,breakout,EH,2021-01-05,long,254,25.5,21.02,2.9139285714285705,1,0.7549944846182131,WIN,14,5.0,1
bf,breakout,EOSE,2025-09-12,long,1324,8.2,7.171,0.5892142857142859,2,0.4582373621044966,WIN,22,1.0,1
bf,breakout,EOSE,2025-09-18,long,1328,9.0,8.44,0.6292142857142858,1,-0.270178226813486,WIN,18,1.0,1
bf,breakout,EQX,2025-08-22,long,1417,8.0125,7.762733790523691,0.31627563290024974,1,-0.12621526203310124,WIN,45,1.0,0
bf,breakout,GDXU,2025-08-21,long,1182,98.31,92.41,5.826785714285713,1,0.7396874042292374,WIN,37,2.0,0
bf,breakout,HROW,2024-09-10,long,1179,41.06,39.42,2.108571428571429,1,0.355691056910569,WIN,30,2.0,1
bf,breakout,HUT,2025-10-01,long,1444,36.53,34.5445,2.508664285714287,1,-0.06377896034599947,WIN,9,1.0,1
bf,breakout,HYMC,2025-12-11,long,1494,12.36,11.45,0.8824285714285718,1,0.04532944795207931,WIN,8,2.0,1
bf,breakout,IONQ,2024-11-07,long,968,22.11,16.29,1.8917857142857144,2,0.4281668869171222,WIN,40,4.0,1
bf,breakout,IREN,2024-06-03,long,637,8.0,7.96,0.7568571428571429,1,-0.02906757266893199,WIN,11,1.0,1
bf,breakout,IREN,2025-06-23,long,900,10.66,9.825,0.6608571428571433,1,-0.3934284479031555,WIN,20,1.0,1
bf,breakout,IREN,2025-06-24,long,901,11.54,10.92,0.6865714285714289,2,-0.08739076154806559,WIN,19,1.0,1
bf,breakout,IZEA,2021-01-08,long,257,9.0,7.28,1.0965142857142853,1,0.6894575016936791,WIN,11,3.0,1
bf,breakout,JD,2020-05-29,long,102,47.6843,44.81428967421314,2.22132441076948,1,0.3753469528182895,WIN,54,2.0,1
bf,breakout,KTOS,2025-09-11,long,1430,67.67,65.6,2.8142857142857136,1,0.007106598984770162,WIN,18,2.0,1
bf,breakout,MSTR,2024-02-26,long,1043,79.648,68.794,5.221904859546377,1,-0.8671165258252836,WIN,21,1.0,1
bf,breakout,MU,2025-10-01,long,1444,181.8861,165.26022261872083,5.822266379064351,7,0.4163431390754177,WIN,34,2.0,1
bf,breakout,ONDS,2025-08-22,long,1216,4.489999771118164,3.799999952316284,0.48928573727607727,1,-0.0817527174949646,WIN,36,1.0,1
bf,breakout,OSCR,2024-01-24,long,728,11.69,11.38,0.7491428571428572,1,0.22025171624713843,WIN,9,2.0,1
bf,breakout,QBTS,2024-11-21,long,992,1.97,1.71,0.2537142857142857,1,0.0,WIN,22,1.0,1
bf,breakout,QUBT,2024-12-16,long,1243,11.08,6.83,1.629785714285714,1,-0.932637945391594,WIN,1,1.0,1
bf,breakout,QXO,2025-06-06,long,1364,19.0,17.75,0.9400000000000003,1,-0.05319148936170287,WIN,11,1.0,1
bf,breakout,REAL,2024-11-13,long,1225,4.14,3.83,0.24637142857142846,2,1.217673663458193,WIN,32,5.0,1
bf,breakout,RGTI,2024-12-06,long,913,4.38,3.31,0.4889285714285715,1,0.20452885317750108,WIN,20,3.0,1
bf,breakout,RGTI,2025-10-02,long,1117,35.4,30.46,3.312714285714285,1,-0.10565354262797061,WIN,8,1.0,1
bf,breakout,RKLB,2024-09-11,long,953,6.68,6.15,0.3712142857142857,1,0.1346930921685583,WIN,43,2.0,1
bf,breakout,SNBR,2021-01-06,long,255,86.77,82.83,4.318207142857145,1,0.25473534816863336,WIN,27,2.0,1
bf,breakout,SOUN,2024-11-21,long,646,6.98,6.38,0.6526785714285716,1,-0.3064295485636103,WIN,26,1.0,1
bf,breakout,TSE,2020-12-04,long,234,39.4692,36.76043969394853,1.3814428814659887,6,0.8545201948729181,WIN,39,3.0,1
bf,breakout,TSLA,2024-12-05,long,1240,369.49,359.5,14.35928571428572,1,-0.0912301646520421,WIN,13,1.0,1
bf,breakout,UAMY,2025-10-01,long,1443,7.55,6.67,0.712142857142857,1,0.4633901705115348,WIN,13,3.0,0
bf,breakout,UAN,2022-03-17,long,556,60.9084,57.55040336576387,3.674719485340975,1,-0.13219066950208816,WIN,22,1.0,1
bf,breakout,UPST,2021-08-24,long,172,219.45,204.2,15.142000000000005,2,0.5415400871747448,WIN,39,6.0,1
bf,breakout,WULF,2025-09-09,long,1404,10.3,9.13,0.6632642857142856,4,0.38732674973346104,WIN,25,3.0,1
htf,breakout,AFG,2021-02-04,long,275,57.3097,54.88414423236514,1.9567505835511665,1,0.3524165669413022,WIN,60,2.0,1
htf,breakout,AGO,2023-12-19,long,998,70.444,69.40124342105264,1.3199979181975061,2,0.34373280075857177,WIN,45,3.0,1
htf,breakout,AR,2020-12-17,long,243,5.17,4.78,0.40642857142857153,7,0.09841827768014066,WIN,39,3.0,1
htf,breakout,ASTS,2024-05-28,long,1057,5.33,4.65,0.6300785714285715,1,-0.5554862772216611,WIN,53,1.0,1
htf,breakout,BB,2024-12-20,long,1251,3.69,2.98,0.22035714285714286,1,0.3630470016207459,WIN,38,2.0,1
htf,breakout,CHEF,2024-12-03,long,1238,45.0,43.95,1.2496428571428564,1,0.160045727350674,WIN,46,2.0,1
htf,breakout,CLNE,2020-11-20,long,225,3.48,3.15,0.2139142857142857,1,-0.8414585281154009,WIN,58,1.0,1
htf,breakout,CR,2023-10-31,long,149,96.0063,92.2579804685092,3.2015002844158573,1,0.4174927690041714,WIN,59,2.0,1
htf,breakout,CRCL,2025-06-13,long,7,133.56,108.8,20.944499999999998,2,-0.47601995750674403,WIN,39,1.0,1
htf,breakout,EOSE,2025-09-18,long,1328,9.0,8.44,0.6292142857142858,1,-0.270178226813486,WIN,33,1.0,1
htf,breakout,EQX,2025-08-22,long,1417,8.0125,7.762733790523691,0.31627563290024974,1,-0.12621526203310124,WIN,45,1.0,0
htf,breakout,FORM,2026-01-08,long,1512,64.52,60.83,1.8851500000000005,1,0.25462164814470445,WIN,17,2.0,1
htf,breakout,FTDR,2024-08-06,long,1155,44.71,43.215,1.700049999999999,1,0.5470427340372344,WIN,62,5.0,1
htf,breakout,GME,2021-01-22,long,266,16.2525,10.58,1.8105357142857146,1,0.535753032843476,WIN,2,2.0,1
htf,breakout,HTOO,2020-11-25,long,167,548.8,533.75,31.674750000000014,1,0.08839848775444016,WIN,8,2.0,1
htf,breakout,HTT,2021-01-12,long,259,1.91,1.56,0.12499999999999997,1,1.6,WIN,24,6.0,1
htf,breakout,LMND,2024-11-05,long,1093,25.05,23.5,1.2619571428571421,1,-0.9826007222341707,WIN,19,1.0,1
htf,breakout,LMND,2024-11-06,long,1094,29.29,26.29,1.4266071428571423,1,1.6823131806233569,WIN,18,3.0,1
htf,breakout,MOD,2023-06-02,long,860,30.44,27.44,1.2771428571428574,1,1.1744966442953018,WIN,40,3.0,1
htf,breakout,NHI,2024-03-04,long,1048,52.4149,51.413455305356536,1.38081880124922,1,0.6864009189766109,WIN,20,6.0,1
htf,breakout,OGI,2021-02-08,long,277,13.2,9.92,1.0642857142857143,10,2.668456375838926,WIN,10,1.0,1
htf,breakout,OSCR,2024-01-24,long,728,11.69,11.38,0.7491428571428572,1,0.22025171624713843,WIN,9,2.0,1
htf,breakout,PL,2025-09-11,long,1099,9.67,9.13,0.6317857142857142,1,0.44318824194460055,WIN,28,4.0,1
htf,breakout,PRCH,2023-11-24,long,974,1.58,1.33,0.16078571428571425,3,1.4304753442914262,WIN,69,7.0,1
htf,breakout,PRTA,2021-06-07,long,359,37.23,28.5,2.282542857142857,1,1.1390804741578917,WIN,25,2.0,1
htf,breakout,QUBT,2024-11-20,long,1226,3.68,2.85,0.5471285714285713,1,-0.6397033865113975,WIN,8,1.0,1
htf,breakout,REAL,2024-11-13,long,1225,4.14,3.83,0.24637142857142846,2,1.217673663458193,WIN,54,5.0,1
htf,breakout,RHP,2020-11-13,long,220,50.5678,47.42881241496598,2.7808613190326823,4,0.47315939015013064,WIN,69,6.0,1
htf,breakout,RR,2024-12-23,long,276,1.96,1.36,0.26157142857142857,1,0.8410704533042053,WIN,13,2.0,1
htf,breakout,SOUN,2024-02-26,long,458,5.75,3.84,0.49607857142857137,2,-0.30237145613454164,WIN,2,1.0,1
htf,breakout,SOUN,2024-11-29,long,651,9.31,7.905,0.8258928571428571,2,0.920216216216216,WIN,21,4.0,1
htf,breakout,XPEV,2020-11-12,long,54,44.73,35.6,3.8907142857142856,68,3.0868367908940697,LOSS,68,6.0,1
