feature,entry_mean,entry_std,other_mean,pooled_std,sep_zscore,n_entry,class
es_ext50_ch_pos_5,1.0916091,0.3581476,-0.14468181,0.7128184,1.7343701,118,breakout
es_ext50_rsi_slope_5_off1,24.218693,12.869543,-1.4247898,14.989538,1.7107587,118,breakout
es_ext50_rsi_slope_7_off1,19.13777,10.000573,-0.30934677,11.711894,1.6604587,118,breakout
ct_l_gt_xavgc8_3,1.2605042,1.0928289,2.472689,0.7420279,1.6336107,119,breakout
es_ext50_rsi_slope_9_off1,15.786547,8.353825,0.19619256,9.759985,1.5973748,118,breakout
es_ext200_ch_pos_5,1.0363948,0.39383975,-0.12760061,0.73897904,1.5751401,110,breakout
es_ext50_ch_pos_7,1.1871842,0.62362325,0.060477957,0.7500634,1.5021479,117,breakout
es_ext50_rsi_slope_14_off1,10.983324,6.013192,0.61395186,7.058764,1.4690068,118,breakout
es_ext200_rsi_slope_5_off1,20.550657,11.879103,-0.9679702,14.822162,1.4517874,110,breakout
st_l_gt_xavgc8_50,2.2118645,3.1537569,0.11440678,1.4819058,1.4153785,118,breakout
st_l_gt_xavgc8_20,2.2118645,3.1537569,0.11440678,1.4819058,1.4153785,118,breakout
st_l_gt_xavgc8_30,2.2118645,3.1537569,0.11440678,1.4819058,1.4153785,118,breakout
st_l_gt_xavgc8_15,2.2118645,3.1537569,0.11440678,1.4819058,1.4153785,118,breakout
es_ext200_rsi_slope_7_off1,16.335814,9.040676,-0.044557333,11.629443,1.4085258,110,breakout
es_ext50_tl_dev_5,0.502887,0.34276056,-0.09111968,0.42977387,1.3821377,118,breakout
es_ext200_rsi_slope_9_off1,13.532591,7.362141,0.3757464,9.693041,1.3573495,110,breakout
stoch_5,66.96363,14.072649,82.27817,11.295686,1.3557864,119,breakout
es_ext50_rsi_slope_21_off1,7.725317,4.322117,0.68854296,5.1919994,1.355311,118,breakout
touched_xavgc8,0.49579832,0.5020962,0.069327734,0.31818092,1.3403399,119,breakout
st_l_gt_xavgc8_10,1.8898305,2.7882056,0.11369464,1.3268733,1.3385873,118,breakout
es_ext200_ch_pos_7,1.1121836,0.6324092,0.071642995,0.77916294,1.3354595,110,breakout
stoch_7,68.76006,14.610462,83.46606,11.138883,1.3202395,118,breakout
retrace_low_10,0.5141167,0.16730426,0.69285005,0.13551295,1.3189393,118,breakout
ext_slope_xavgc8_atr14_1b,0.9243384,0.5612899,-0.0050458387,0.7182204,1.2940098,118,breakout
es_ext50_rsi_slope_28_off1,5.9794407,3.374062,0.65161663,4.144912,1.2853891,118,breakout
stoch_10,71.36891,14.391914,85.00546,10.646786,1.2808139,118,breakout
es_ext200_tl_dev_5,0.4682391,0.32924268,-0.08587543,0.43483377,1.2743134,110,breakout
low_vs_xavgc21_atr14,0.9328255,0.66997564,1.9150519,0.77514607,1.2671502,118,breakout
stoch_28,78.523834,10.366129,88.56462,7.9404573,1.2645099,118,breakout
adx_slope_10_off3,1.3236648,7.5792904,10.6812935,7.41883,1.2613349,118,breakout
stoch_9,70.78191,14.537877,84.470634,10.872438,1.2590295,118,breakout
es_ext200_rsi_slope_14_off1,9.489977,5.0761857,0.7159964,6.9889226,1.2554125,110,breakout
low_vs_xavgc8_atr14,0.075346634,0.41858837,0.7371651,0.52768266,1.2541978,118,breakout
ext_slope_xavgc8_adr14_1b,0.99287313,0.60414445,-0.0064390395,0.8065908,1.2389332,118,breakout
ext_slope_xavgc12_atr14_1b,0.98965895,0.5950186,0.046453714,0.7621901,1.2374934,118,breakout
stoch_14,73.58342,13.966154,86.18552,10.2384,1.2308657,118,breakout
adx_slope_14_off3,1.14702,5.7282825,7.623789,5.268143,1.2294216,118,breakout
adx_14_slope_3,1.14702,5.7282825,7.623789,5.268143,1.2294216,118,breakout
ct_h_gt_maxh5_1_5,1.6806723,1.141905,3.0105042,1.0843633,1.2263712,119,breakout
ext_slope_xavgc8_off1,1.0353078,0.6338832,0.07743546,0.78197545,1.2249391,118,breakout
slope_xavgc21_off3_atr14,0.43803743,0.21702248,0.7095326,0.222256,1.2215427,118,breakout
retrace_low_15,0.58524024,0.14176266,0.73206735,0.1209931,1.2135164,118,breakout
stoch_21,76.96319,11.418376,87.67896,8.866909,1.208513,118,breakout
low_vs_xavgc8_adr14,0.09013014,0.45938408,0.8046964,0.59170717,1.2076349,118,breakout
slope_xavgc13_off3_atr14,0.52173835,0.30079767,0.91419184,0.32505482,1.2073455,118,breakout
slope_xavgc12_off3_atr14,0.53645086,0.31578577,0.95176387,0.34510726,1.2034317,118,breakout
ct_cci14_gt_100_3,1.1848739,1.0412378,2.3277311,0.95488614,1.1968518,119,breakout
ct_c_gt_xavgc8_3,2.5630252,0.6056049,2.9516807,0.3256146,1.1936057,119,breakout
low_vs_xavgc21_adr14,1.0187694,0.75579536,2.0803967,0.892563,1.1894144,118,breakout
tir_l_gt_xavgc8_5,1.2184874,1.7032353,3.0168068,1.5126774,1.188832,119,breakout
adx_7_slope_3,1.9828274,10.735929,14.514542,10.577704,1.1847291,118,breakout
adx_slope_7_off3,1.9828274,10.735929,14.514542,10.577704,1.1847291,118,breakout
slope_xavgc9_off3_atr14,0.59258735,0.36951777,1.0939711,0.42330354,1.1844544,118,breakout
ext_slope_xavgc12_adr14_1b,1.0623289,0.63995093,0.0488102,0.8582507,1.1809121,118,breakout
low_vs_xavgc50_atr14,1.9972948,0.92069364,3.1595268,0.98496103,1.1799777,118,breakout
ct_c_lt_xavgc8_3,0.42016807,0.5893946,0.04621849,0.31786734,1.1764328,119,breakout
ct_xavgc8_falling_3,0.42016807,0.5893946,0.04621849,0.31786734,1.1764328,119,breakout
cci_5,138.99889,37.98685,95.19252,37.316525,1.1739134,119,breakout
slope_xavgc8_off3_atr14,0.6178564,0.39121628,1.1549194,0.45799002,1.1726522,118,breakout
bb_pctb_5,0.88034236,0.073648684,0.75262153,0.10898064,1.1719589,119,breakout
ct_h_gt_maxh10_1_5,1.3277311,1.0744272,2.6659663,1.1452298,1.1685297,119,breakout
ns_l_minl5_atr14,1.3131667,0.8487248,2.4843106,1.0038248,1.1666815,118,breakout
ext_slope_xavgc21_atr14_1b,1.0415429,0.6165992,0.111127526,0.7978413,1.166166,118,breakout
ct_h_gt_maxh5_1_3,1.1764706,0.8197468,2.1323528,0.8209443,1.1643691,119,breakout
ct_h_gt_maxh10_1_3,0.92436975,0.72672474,1.9558823,0.88589895,1.1643682,119,breakout
es_ext200_rsi_slope_21_off1,6.7376733,3.6028173,0.7630689,5.1328907,1.1639844,110,breakout
ct_stoch14_gt_80_3,0.7815126,1.0669113,1.9957983,1.0437517,1.1633856,119,breakout
ct_h_gt_maxh20_1_3,0.789916,0.69956344,1.8382353,0.9084106,1.1540148,119,breakout
ext_slope_xavgc13_off1,1.1431885,0.69609886,0.16753897,0.8472969,1.1514847,118,breakout
slope_xavgc50_off3_atr14,0.3007598,0.11578302,0.42923903,0.11230823,1.1439878,118,breakout
slope_xavgc13_off3_adr14,0.5667218,0.342075,0.990268,0.3719282,1.1387849,118,breakout
tir_c_gt_xavgc8_5,3.3865547,1.6109232,4.5357146,1.0096952,1.1381255,119,breakout
ct_xavgc8_rising_3,2.554622,0.63376015,2.9474788,0.34519088,1.1380858,119,breakout
slope_xavgc12_off3_adr14,0.582711,0.35856557,1.0309451,0.39388737,1.1379752,118,breakout
slope_xavgc21_off3_adr14,0.47512352,0.2482354,0.7683633,0.25776318,1.1376325,118,breakout
slope_xavgc9_off3_adr14,0.6436365,0.41752878,1.1847638,0.47921625,1.1291922,118,breakout
tir_xavgc8_rising_5,3.3781512,1.6260157,4.527311,1.0247056,1.1214534,119,breakout
slope_xavgc8_off3_adr14,0.6709502,0.44109285,1.250609,0.5169225,1.1213652,118,breakout
adx_slope_7_off5,-0.2961674,16.515991,16.91236,15.355882,1.1206472,118,breakout
adx_7_slope_5,-0.2961674,16.515991,16.91236,15.355882,1.1206472,118,breakout
low_vs_xavgc50_adr14,2.160117,1.0288314,3.4184747,1.1294665,1.1141169,118,breakout
ct_h_gt_maxh20_1_5,1.1680672,1.0760827,2.4684873,1.1679745,1.1133977,119,breakout
ext_slope_xavgc21_adr14_1b,1.1175959,0.6636028,0.11833103,0.90151167,1.1084325,118,breakout
ns_l_minl5_adr14,1.4279604,0.973169,2.6883867,1.1378716,1.1077051,118,breakout
es_ext200_rsi_slope_28_off1,5.257213,2.8310497,0.7191603,4.105926,1.1052446,110,breakout
adx_slope_10_off5,-0.49155232,13.242786,12.218222,11.506071,1.1046146,118,breakout
adx_slope_20_off3,1.2201651,4.14894,5.2646246,3.6840687,1.0978241,118,breakout
ct_h_gt_maxh50_1_3,0.64705884,0.61875015,1.6659663,0.93358755,1.0913893,119,breakout
ext_slope_xavgc21_off1,1.2208387,0.738925,0.24994516,0.89017975,1.0906713,118,breakout
ct_l_gt_xavgc8_5,2.067227,1.696113,3.4516807,1.2696989,1.0903796,119,breakout
retrace_low_20,0.63004005,0.124582104,0.7552834,0.11514162,1.0877331,118,breakout
es_ext50_tl_dev_7,0.64653254,0.51629364,0.023776963,0.57561845,1.0818895,117,breakout
slope_xavgc50_off3_adr14,0.3245878,0.13093044,0.4636152,0.12914796,1.0764972,118,breakout
ct_c_gt_maxc10_1_5,1.4873949,1.088192,2.722689,1.1511962,1.0730525,119,breakout
slope_xavgc8_off5_atr14,0.8759211,0.7109336,1.5512767,0.6333275,1.0663608,118,breakout
ns_l_minl15_atr14,2.77585,1.06585,3.954116,1.1061779,1.0651686,118,breakout
ns_l_minl7_atr14,1.6773723,0.99493223,2.8328211,1.0924721,1.057646,118,breakout
retrace_low_30,0.6712998,0.11577338,0.78324324,0.1059201,1.0568666,118,breakout
slope_xavgc9_off5_atr14,0.8497869,0.6675585,1.4735779,0.5902737,1.0567826,118,breakout
slope_xavgc50_off2_atr14,0.22025363,0.07726096,0.30573887,0.08128522,1.0516701,118,breakout
aroon_up_7,97.84418,5.676674,62.129738,5.6692543,6.2996716,73,fade
st_h_gt_maxh5_1_30,0.15068494,0.39690593,2.6506848,0.39690596,6.2987213,73,fade
st_h_gt_maxh5_1_20,0.15068494,0.39690593,2.6506848,0.39690596,6.2987213,73,fade
st_h_gt_maxh5_1_50,0.15068494,0.39690593,2.6506848,0.39690596,6.2987213,73,fade
st_h_gt_maxh5_1_10,0.15068494,0.39690593,2.6506848,0.39690596,6.2987213,73,fade
st_h_gt_maxh5_1_15,0.15068494,0.39690593,2.6506848,0.39690596,6.2987213,73,fade
aroon_up_10,97.26028,11.088066,73.49315,6.0985074,3.8972042,73,fade
ct_h_gt_maxh5_1_3,2.2054794,0.7062992,0.6130137,0.42235845,3.7704127,73,fade
ct_h_gt_maxh10_1_3,2.1232877,0.76276565,0.59931505,0.4512793,3.3770053,73,fade
st_h_gt_maxh10_1_10,0.2739726,1.1088065,2.6027398,0.72909737,3.1940415,73,fade
tir_h_gt_maxh5_1_5,2.2328768,1.6374142,0.0,0.73227394,3.049237,73,fade
tir_h_gt_maxh10_1_5,2.0821917,1.5612804,0.0,0.6982258,2.982118,73,fade
tir_h_gt_maxh20_1_5,1.7397261,1.3231633,0.0,0.5917366,2.9400344,73,fade
ct_h_gt_maxh20_1_3,1.9178082,0.81229144,0.57191783,0.48406893,2.780369,73,fade
tir_h_gt_maxh5_1_30,2.369863,1.9401236,0.0,0.8676496,2.7313595,73,fade
tir_h_gt_maxh5_1_15,2.369863,1.9401236,0.0,0.8676496,2.7313595,73,fade
tir_h_gt_maxh5_1_10,2.369863,1.9401236,0.0,0.8676496,2.7313595,73,fade
tir_h_gt_maxh5_1_20,2.369863,1.9401236,0.0,0.8676496,2.7313595,73,fade
tir_h_gt_maxh10_1_30,2.1780822,1.7899603,0.0,0.80049455,2.7209208,73,fade
tir_h_gt_maxh10_1_15,2.1780822,1.7899603,0.0,0.80049455,2.7209208,73,fade
tir_h_gt_maxh10_1_20,2.1780822,1.7899603,0.0,0.80049455,2.7209208,73,fade
tir_h_gt_maxh10_1_10,2.1780822,1.7899603,0.0,0.80049455,2.7209208,73,fade
tir_h_gt_h1_5,2.5616438,1.7239032,0.19863014,0.8704956,2.7145612,73,fade
st_cci14_gt_100_10,0.12328767,0.4392292,2.25,0.80613136,2.638171,73,fade
tir_h_gt_maxh20_1_30,1.8082192,1.5425223,0.0,0.6898369,2.621227,73,fade
tir_h_gt_maxh20_1_20,1.8082192,1.5425223,0.0,0.6898369,2.621227,73,fade
tir_h_gt_maxh20_1_15,1.8082192,1.5425223,0.0,0.6898369,2.621227,73,fade
tir_h_gt_maxh20_1_10,1.8082192,1.5425223,0.0,0.6898369,2.621227,73,fade
st_h_gt_maxh5_1_5,0.15068494,0.39690593,2.4212327,0.8731144,2.6005158,73,fade
nr_h_maxh7_atr14,-0.6763199,0.82769597,1.646947,0.9001484,2.5809822,73,fade
nr_h_maxh5_atr14,-0.6845137,0.8593632,1.6463652,0.9058127,2.5732458,73,fade
cci_5,86.35179,58.600063,-67.18295,59.986027,2.5595086,73,fade
nr_h_maxh10_atr14,-0.64271355,0.7986437,1.6469914,0.8948576,2.5587366,73,fade
nr_h_maxh15_atr14,-0.6008485,0.73333704,1.6471351,0.88340557,2.5446792,73,fade
nr_h_maxh20_atr14,-0.5699062,0.72772163,1.6511292,0.87986064,2.5243037,73,fade
ct_h_gt_h1_3,2.4246576,0.62177616,0.9417808,0.5877361,2.5230315,73,fade
nr_h_maxh25_atr14,-0.53683764,0.72439057,1.6577141,0.87568676,2.506092,73,fade
cci_7,110.50474,50.15722,-57.29016,68.29417,2.4569433,73,fade
st_h_gt_maxh20_1_10,0.24657534,1.1276921,2.5068493,0.9203434,2.4559028,73,fade
nr_h_maxh7_adr14,-0.73180056,0.9174418,1.7794673,1.0240238,2.4523532,73,fade
nr_h_maxh30_atr14,-0.48198962,0.71750265,1.6658192,0.8769342,2.4492247,73,fade
nr_h_maxh5_adr14,-0.7416732,0.9596141,1.778872,1.0315548,2.4434428,73,fade
nr_h_maxh10_adr14,-0.6944379,0.8825037,1.7795162,1.0178372,2.4305992,73,fade
tir_h_gt_h1_15,2.8767123,2.2970102,0.19863014,1.1039227,2.425969,73,fade
tir_h_gt_h1_10,2.8767123,2.2970102,0.19863014,1.1039227,2.425969,73,fade
tir_h_gt_h1_20,2.8767123,2.2970102,0.19863014,1.1039227,2.425969,73,fade
tir_h_gt_h1_30,2.8767123,2.2970102,0.19863014,1.1039227,2.425969,73,fade
nr_h_maxh15_adr14,-0.65027523,0.81233144,1.779666,1.005884,2.415727,73,fade
high_vs_xavgc8_atr14,1.8867856,0.7889798,0.33442527,0.64312214,2.4137876,73,fade
nr_h_maxh20_adr14,-0.61697096,0.8006077,1.783833,1.0013388,2.397594,73,fade
nr_h_maxh25_adr14,-0.5815313,0.79041207,1.7906705,0.9958961,2.3819773,73,fade
stoch_3,68.86965,15.4945345,34.184288,14.5973215,2.3761458,73,fade
nr_h_maxh3_atr14,-0.69952327,0.892831,1.4527327,0.9085638,2.3688552,73,fade
stoch_5,75.40368,13.487752,39.356262,15.256445,2.3627665,73,fade
st_h_gt_maxh10_1_5,0.1369863,0.41883013,2.3732877,0.9489638,2.356572,73,fade
nr_h_maxh35_atr14,-0.35948277,0.69113755,1.6756781,0.87161124,2.3349411,73,fade
nr_h_maxh30_adr14,-0.5227711,0.78110963,1.7993376,0.9972273,2.3285651,73,fade
st_c_gt_maxc10_1_10,0.7808219,0.8206802,3.0958903,0.9963021,2.3236609,73,fade
st_c_gt_maxc10_1_15,0.7808219,0.8206802,3.0958903,0.9963021,2.3236609,73,fade
st_c_gt_maxc10_1_30,0.7808219,0.8206802,3.0958903,0.9963021,2.3236609,73,fade
st_c_gt_maxc10_1_50,0.7808219,0.8206802,3.0958903,0.9963021,2.3236609,73,fade
st_c_gt_maxc10_1_20,0.7808219,0.8206802,3.0958903,0.9963021,2.3236609,73,fade
high_vs_xavgc8_adr14,2.0166752,0.9119118,0.34669656,0.72008127,2.319153,73,fade
nr_h_maxh40_atr14,-0.30621725,0.68913865,1.7002137,0.872595,2.2993839,73,fade
retrace_high_10,0.99113065,0.033596806,0.58011657,0.17878073,2.2989843,73,fade
nr_h_maxh45_atr14,-0.2762768,0.62736696,1.7065722,0.8640566,2.2948139,73,fade
nr_h_maxh55_atr14,-0.22401857,0.58062255,1.7217612,0.8498892,2.2894511,73,fade
nr_h_maxh3_adr14,-0.7580206,0.9970647,1.5699244,1.0251447,2.2708452,73,fade
nr_h_maxh50_atr14,-0.22892813,0.5854751,1.7145883,0.8565435,2.2690225,73,fade
nr_h_maxh60_atr14,-0.19845487,0.57137895,1.7225759,0.84804004,2.2652595,73,fade
nr_h_maxh63_atr14,-0.1673629,0.5331236,1.7291558,0.8403683,2.2567708,73,fade
aroon_up_14,98.04495,7.918679,80.184166,7.919114,2.255402,73,fade
st_h_gt_maxh10_1_15,0.2739726,1.1088065,2.7739725,1.1088065,2.2546766,73,fade
st_h_gt_maxh10_1_20,0.2739726,1.1088065,2.7739725,1.1088065,2.2546766,73,fade
st_h_gt_maxh10_1_50,0.2739726,1.1088065,2.7739725,1.1088065,2.2546766,73,fade
st_h_gt_maxh10_1_30,0.2739726,1.1088065,2.7739725,1.1088065,2.2546766,73,fade
nr_h_maxh65_atr14,-0.163006,0.5331064,1.7315452,0.8416051,2.2511165,73,fade
nr_h_maxh70_atr14,-0.15639412,0.5341489,1.7340385,0.8414436,2.246654,73,fade
tir_h_gt_maxh65_1_30,0.69863015,0.700891,0.0,0.31344798,2.2288551,73,fade
tir_h_gt_maxh65_1_10,0.69863015,0.700891,0.0,0.31344798,2.2288551,73,fade
tir_h_gt_maxh65_1_15,0.69863015,0.700891,0.0,0.31344798,2.2288551,73,fade
tir_h_gt_maxh65_1_20,0.69863015,0.700891,0.0,0.31344798,2.2288551,73,fade
tir_h_gt_maxh65_1_5,0.69863015,0.700891,0.0,0.31344798,2.2288551,73,fade
ct_c_gt_maxc10_1_3,1.6986301,0.77611804,0.45890412,0.5568174,2.2264497,73,fade
nr_h_maxh35_adr14,-0.3917901,0.74903363,1.8094726,0.9906902,2.2219486,73,fade
nr_h_maxh75_atr14,-0.10792612,0.4940713,1.7376889,0.8351281,2.2099783,73,fade
nr_h_maxh80_atr14,-0.10792612,0.4940713,1.7444646,0.8418767,2.2003112,73,fade
nr_h_maxh85_atr14,-0.10792612,0.4940713,1.7444646,0.8418767,2.2003112,73,fade
nr_h_maxh90_atr14,-0.10533087,0.48909083,1.7444646,0.8412948,2.198748,73,fade
nr_h_maxh95_atr14,-0.097705655,0.48011625,1.7444646,0.8402603,2.1923804,73,fade
nr_h_maxh40_adr14,-0.33463654,0.74584246,1.8349868,0.9898788,2.1918073,73,fade
nr_h_maxh45_adr14,-0.3028604,0.67964464,1.8415444,0.980783,2.1864214,73,fade
cci_10,127.88784,51.5366,-36.038918,75.08301,2.1832738,73,fade
nr_h_maxh55_adr14,-0.24804375,0.6292798,1.8572876,0.965938,2.179572,73,fade
nr_h_maxh100_atr14,-0.08438495,0.47679585,1.7444646,0.8398821,2.1775076,73,fade
nr_h_maxh105_atr14,-0.08438495,0.47679585,1.7478509,0.8420244,2.175989,73,fade
nr_h_maxh50_adr14,-0.25343823,0.6348173,1.8498414,0.97295004,2.161755,73,fade
nr_h_maxh126_atr14,-0.063583665,0.44127065,1.7478509,0.8381421,2.1612499,73,fade
nr_h_maxh115_atr14,-0.063583665,0.44127065,1.7478509,0.8381421,2.1612499,73,fade
nr_h_maxh110_atr14,-0.063583665,0.44127065,1.7478509,0.8381421,2.1612499,73,fade
