setup,class,ticker,signal_date,signal_idx,entry_idx,is_example,entry_close,adr,stop,outcome,reason,bars,move_adr
bf,breakout,JD,2020-05-28,101,102,1,47.6843,2.22132441076948,44.81428967421314,WIN,earnings_flat_favorable,54.0,3.0542589669060587
bf,breakout,JD,2020-06-24,120,121,0,53.1084,1.7353662868904896,51.62512126921171,LOSS,stop_hit,2.0,-0.8547352463819616
bf,breakout,RPAY,2020-06-03,105,106,0,23.67,1.2916928571428574,23.04,BE,ratchet_hit,27.0,0.0
bf,breakout,NVAX,2020-06-08,108,109,0,45.93,5.2299999999999995,44.02,LOSS,stop_hit,2.0,-0.365200764818355
bf,breakout,SLP,2020-06-10,110,111,0,46.9745,3.1246944661816913,46.33851947510935,WIN,earnings_flat_favorable,18.0,4.327463099623813
bf,breakout,PLUG,2020-06-17,115,116,0,5.39,0.40071428571428563,5.12,WIN,exit_fired,12.0,9.844919786096261
bf,breakout,PLUG,2020-12-11,239,240,0,25.7,2.2885642857142856,25.7,WIN,exit_fired,19.0,17.618032515706975
bf,breakout,PLUG,2020-12-31,252,253,0,32.17,2.4434357142857155,31.066,LOSS,stop_hit,1.0,-0.4518228138949556
bf,breakout,NET,2020-06-30,124,125,0,36.93,2.310285714285715,34.995,LOSS,stop_hit,8.0,-0.8375587435072973
bf,breakout,QDEL,2020-07-01,125,126,0,227.04,13.741507142857145,218.75,LOSS,stop_hit,2.0,-0.6032817153036336
bf,breakout,OPK,2020-07-16,135,136,0,4.6,0.3710642857142856,4.0201,WIN,exit_fired,2.0,3.6516583572349823
bf,breakout,SITM,2020-07-14,133,134,0,48.59,3.259285714285715,47.56,LOSS,stop_hit,1.0,-0.31602016217400863
bf,breakout,SITM,2020-10-09,195,196,0,89.78,3.955142857142856,86.4,BE,ratchet_hit,12.0,0.0
bf,breakout,CRSP,2020-07-17,136,137,0,95.3,5.664528571428572,93.63,LOSS,stop_hit,1.0,-0.29481712007303623
bf,breakout,SMPL,2020-07-17,136,137,0,22.27,0.9520071428571428,22.19,WIN,exit_fired,31.0,2.54199773411064
bf,breakout,AMZN,2020-07-27,142,143,0,150.0165,6.533218088781128,149.788,WIN,earnings_flat_favorable,1.0,0.25408611459803493
bf,breakout,PINS,2020-08-13,155,156,0,34.68,2.099714285714286,34.455,LOSS,stop_hit,1.0,-0.1071574363859035
bf,breakout,TECL,2020-08-14,156,157,0,27.6376,1.1506277111895937,27.457574423396476,LOSS,stop_hit,1.0,-0.15645857895895857
bf,breakout,EBS,2020-08-17,157,158,0,129.92,7.003114285714289,126.02,LOSS,stop_hit,4.0,-0.556895095651321
bf,breakout,RPD,2020-08-17,157,158,0,61.19,1.7552214285714283,59.56,BE,ratchet_hit,13.0,0.0
bf,breakout,CALX,2020-08-18,158,159,0,20.62,0.9254285714285714,20.58,LOSS,stop_hit,1.0,-0.04322321704229992
bf,breakout,ZM,2020-09-15,177,178,0,408.17,28.058571428571423,404.22,LOSS,stop_hit,1.0,-0.14077694618400247
bf,breakout,HYLN,2020-09-18,180,181,0,50.4,6.5596428571428556,47.56,WIN,exit_fired,1.0,-0.3414820057712205
bf,breakout,PTON,2020-09-17,179,180,0,89.7,7.92275,83.28,WIN,exit_fired,22.0,5.330219936259507
bf,breakout,AEO,2020-09-25,185,186,0,12.7634,0.5467582977590935,12.436574393531,LOSS,stop_hit,1.0,-0.5977515253239064
bf,breakout,ZG,2020-09-28,186,187,0,101.39,4.4719357142857135,100.06,WIN,exit_fired,10.0,0.03577868963743653
bf,breakout,ZG,2020-12-31,252,253,0,136.51,6.086092857142859,131.49,BE,ratchet_hit,16.0,0.0
bf,breakout,CX,2020-09-29,187,188,0,3.7117,0.16186488855799075,3.5358826315789478,LOSS,stop_hit,2.0,-1.0861983101298882
bf,breakout,AMSC,2020-10-05,191,192,0,15.79,1.005714285714286,14.67,WIN,exit_fired,10.0,1.6704545454545447
bf,breakout,AMSC,2020-10-12,196,197,0,17.29,1.2942857142857143,16.88,WIN,exit_fired,5.0,0.139072847682119
bf,breakout,ALTO,2020-10-13,197,198,0,9.55,0.7328571428571428,8.92,WIN,exit_fired,4.0,1.4873294346978558
bf,breakout,BKE,2020-10-15,199,200,0,12.6093,0.5176052734219592,12.587294240837695,LOSS,stop_hit,1.0,-0.04251455750599593
bf,breakout,CLF,2020-10-15,199,200,0,7.61,0.37321428571428583,7.37,WIN,earnings_flat_favorable,4.0,1.7684210526315765
bf,breakout,CLF,2020-11-19,224,225,0,9.23,0.3950499999999999,9.15,WIN,exit_fired,39.0,19.82027591444121
bf,breakout,LNW,2020-10-14,198,199,0,35.36,2.060714285714284,34.4,LOSS,stop_hit,2.0,-0.46585788561525204
bf,breakout,BYD,2020-10-19,201,202,0,32.2435,1.2811723849870016,32.03338240521327,WIN,earnings_flat_favorable,3.0,0.7007644018249055
bf,breakout,NIO,2020-10-27,207,208,0,27.51,1.5674999999999994,26.51,WIN,earnings_flat_favorable,13.0,11.527910685805425
bf,breakout,TTD,2020-10-27,207,208,0,59.649,2.432187857142857,58.538000000000004,LOSS,stop_hit,2.0,-0.45679037362891556
bf,breakout,CMBM,2020-10-29,209,210,0,23.04,2.1907142857142854,21.8,LOSS,stop_hit,1.0,-0.5660254320182583
bf,breakout,REPL,2020-11-10,217,218,0,46.5,3.8411642857142847,44.25,LOSS,stop_hit,1.0,-0.5857598979476091
bf,breakout,SNAP,2020-11-13,220,221,0,39.08,2.509314285714285,38.7,LOSS,stop_hit,1.0,-0.15143579350078387
bf,breakout,AVNS,2020-11-16,221,222,0,42.97,2.0678428571428573,41.51,LOSS,stop_hit,2.0,-0.7060497827273422
bf,breakout,QCLN,2020-11-16,221,222,0,55.9534,2.1485854064524816,54.56483257602237,WIN,exit_fired,61.0,11.515762848288343
bf,breakout,BL,2020-11-18,223,224,0,110.64,4.852492857142856,107.26,WIN,exit_fired,54.0,7.816600892913657
bf,breakout,SOXL,2020-11-19,224,225,0,23.2694,1.4342757934127397,23.18280869931201,WIN,exit_fired,16.0,4.357530140788951
bf,breakout,TROX,2020-11-20,225,226,0,10.0303,0.4607479820552295,9.811368633791432,LOSS,stop_hit,3.0,-0.4751651113738913
bf,breakout,SAIA,2020-11-23,226,227,0,174.83,5.847742857142856,168.845,BE,ratchet_hit,42.0,0.0
bf,breakout,ALRM,2020-11-24,227,228,0,73.04,3.131071428571431,70.725,WIN,exit_fired,31.0,10.526748032394195
bf,breakout,CYH,2020-11-24,227,228,0,8.54,0.8238,8.42,LOSS,stop_hit,1.0,-0.14566642388929257
bf,breakout,TSE,2020-11-27,229,230,0,34.7655,1.4319707916888709,34.66483653593051,WIN,earnings_flat_favorable,43.0,10.041755099655889
bf,breakout,TSE,2020-12-03,233,234,1,39.4692,1.3814428814659887,36.76043969394853,WIN,earnings_flat_favorable,39.0,7.004125997400655
bf,breakout,AXTI,2020-11-30,230,231,0,9.56,0.6616714285714288,9.51,LOSS,stop_hit,1.0,-0.07556620679232352
bf,breakout,AXTI,2025-10-23,1460,1461,1,6.06,0.5018571428571429,5.4,WIN,earnings_flat_favorable,3.0,2.01252490748648
bf,breakout,BIPC,2020-11-27,168,169,0,36.1558,0.9629628270341328,35.7489455363841,LOSS,stop_hit,1.0,-0.4225027718556774
bf,breakout,FIZZ,2020-11-30,230,231,0,40.8406,1.8337934651404528,39.699804346103306,WIN,exit_fired,5.0,0.05873071425290107
bf,breakout,MTSI,2020-12-01,231,232,0,44.79,1.4868642857142846,44.06,WIN,earnings_flat_favorable,37.0,7.519179865584817
bf,breakout,NVMI,2020-12-01,231,232,0,65.17,1.6220714285714297,64.36,WIN,earnings_flat_favorable,51.0,11.035272358976604
bf,breakout,CDNA,2020-12-02,232,233,0,61.35,3.4050000000000007,59.3,WIN,exit_fired,31.0,10.05873715124816
bf,breakout,CPS,2020-12-03,233,234,0,41.13,2.6882000000000006,38.69,WIN,exit_fired,2.0,-0.6844728814820337
bf,breakout,MTCH,2020-12-02,232,233,0,135.272,4.547905596252376,133.20633652062224,WIN,exit_fired,31.0,1.589698784855518
bf,breakout,DAC,2020-12-04,234,235,0,11.7507,0.9438840387662207,11.512232330300911,WIN,exit_fired,24.0,16.282508622657737
bf,breakout,DAC,2022-02-08,530,531,0,81.6314,3.798944430793758,80.77398029039233,LOSS,stop_hit,1.0,-0.22569946079166997
bf,breakout,SONO,2020-12-03,233,234,0,22.94,1.0549571428571425,22.37,LOSS,stop_hit,1.0,-0.5403063089902099
bf,breakout,VCEL,2020-12-04,234,235,0,25.5,1.1210714285714283,24.42,WIN,exit_fired,52.0,19.50812360624403
bf,breakout,ARAY,2020-12-07,235,236,0,4.38,0.2734357142857142,4.15,WIN,exit_fired,10.0,0.256001671847654
bf,breakout,RVLV,2020-12-10,238,239,0,24.07,1.3723571428571428,23.3,WIN,earnings_flat_favorable,48.0,9.494613022432729
bf,breakout,RVLV,2024-12-06,1241,1242,0,36.19,1.9132142857142858,35.55,LOSS,stop_hit,1.0,-0.3345155870823225
bf,breakout,ARLO,2020-12-11,239,240,0,8.43,0.9067214285714285,7.96,LOSS,stop_hit,10.0,-0.5183510449736489
bf,breakout,ESTC,2020-12-11,239,240,0,139.5,5.969264285714284,139.18,LOSS,stop_hit,1.0,-0.05360794642077099
bf,breakout,QTWO,2020-12-11,239,240,0,120.09,3.322999999999998,117.31,BE,ratchet_hit,15.0,0.0
bf,breakout,TAN,2020-12-11,239,240,0,85.4554,2.878741491935699,83.86736374872152,WIN,exit_fired,43.0,10.27139813798205
bf,breakout,TBHC,2020-12-16,242,243,0,19.73,1.8795214285714288,18.31,LOSS,stop_hit,7.0,-0.7555114713851938
bf,breakout,AGYS,2020-12-17,243,244,0,39.67,1.6393571428571423,39.51,LOSS,stop_hit,1.0,-0.09759923314888469
bf,breakout,SNBR,2020-12-21,245,246,0,83.68,4.262492857142859,82.38,LOSS,stop_hit,1.0,-0.30498584832149117
bf,breakout,SNBR,2021-01-05,254,255,1,86.77,4.318207142857145,82.83,WIN,earnings_flat_favorable,27.0,8.276583039588187
bf,breakout,MTA,2020-12-22,246,247,0,11.1632,0.6524625450347241,11.1632,LOSS,stop_hit,1.0,0.0
bf,breakout,MTA,2020-12-30,251,252,0,12.4964,0.6877833678496933,11.53131178343949,LOSS,stop_hit,5.0,-1.4031863253364074
bf,breakout,CDE,2020-12-28,249,250,0,9.82,0.6028571428571426,9.51,WIN,exit_fired,4.0,1.924170616113745
bf,breakout,AMRC,2020-12-30,251,252,0,52.24,2.5010999999999988,51.76,LOSS,stop_hit,1.0,-0.19191555715485356
bf,breakout,AMRC,2021-01-19,263,264,0,58.44,3.152564285714285,56.6,LOSS,stop_hit,3.0,-0.583651857104986
bf,breakout,CDXS,2020-12-30,251,252,0,21.83,1.1082642857142861,21.58,LOSS,stop_hit,1.0,-0.22557796296654348
bf,breakout,CDXS,2021-08-26,416,417,0,26.65,1.1576642857142858,25.29,LOSS,stop_hit,11.0,-1.1747792661331615
bf,breakout,BLDP,2020-12-31,252,253,0,22.53,1.3278214285714278,22.18,LOSS,stop_hit,1.0,-0.2635896608300397
bf,breakout,BLDP,2021-01-05,254,255,1,24.305,1.4028428571428566,23.2,WIN,exit_fired,23.0,11.829550199085533
bf,breakout,BLDP,2025-10-13,1452,1453,0,3.98,0.2887142857142857,3.302,WIN,exit_fired,1.0,-0.7619990103908963
bf,breakout,IZEA,2020-12-31,252,253,0,7.24,0.9965142857142857,6.92,LOSS,stop_hit,1.0,-0.3211193302368258
bf,breakout,IZEA,2021-01-05,254,255,0,6.88,0.9930857142857141,6.8,WIN,exit_fired,13.0,19.253121583520343
bf,breakout,IZEA,2021-01-07,256,257,1,9.0,1.0965142857142853,7.28,WIN,exit_fired,11.0,15.503673979884313
bf,breakout,WOLF,2020-12-31,252,253,0,106.9875,5.22119398619608,105.71752967567062,LOSS,stop_hit,1.0,-0.24323369859211452
bf,breakout,EH,2021-01-04,253,254,1,25.5,2.9139285714285705,21.02,WIN,exit_fired,14.0,22.135065571761253
bf,breakout,ENPH,2021-01-04,253,254,0,181.48,10.863571428571431,173.55,WIN,exit_fired,14.0,0.5394174501939653
bf,breakout,SDGR,2021-01-05,230,231,0,79.67,4.155285714285713,78.52,WIN,exit_fired,37.0,6.51218757520542
bf,breakout,BLNK,2021-01-06,255,256,0,44.2,6.274685714285716,42.27,LOSS,stop_hit,1.0,-0.30758512663127113
bf,breakout,LMND,2021-01-06,129,130,0,152.18,12.705000000000004,122.69,WIN,exit_fired,3.0,1.6379378197560013
bf,breakout,CSIQ,2021-01-12,259,260,0,54.45,3.4428999999999994,53.4001,LOSS,stop_hit,2.0,-0.30494641145545937
bf,breakout,CSIQ,2021-01-14,261,262,0,51.27,3.3428999999999993,51.04,WIN,exit_fired,6.0,2.7491100541446047
bf,breakout,IMMR,2021-01-12,259,260,0,11.0063,0.9602034928589939,10.865948169477582,LOSS,stop_hit,1.0,-0.14616883979928258
bf,breakout,FFBC,2021-01-14,261,262,0,16.5231,0.5647232729907047,16.124855090998526,LOSS,stop_hit,3.0,-0.705203642294424
bf,breakout,DRS,2021-01-15,262,263,0,10.0011,0.6409513488524461,9.813332312252964,LOSS,stop_hit,6.0,-0.292951544736138
bf,breakout,PENG,2021-01-15,262,263,0,20.64,0.9297607142857142,19.795,LOSS,stop_hit,4.0,-0.9088359908271318
bf,breakout,PENG,2021-02-02,273,274,0,19.64,0.6946785714285709,19.43,WIN,earnings_flat_favorable,41.0,7.341524857333815
bf,breakout,TSEM,2021-01-19,263,264,0,30.1,1.0469999999999993,29.85,LOSS,stop_hit,3.0,-0.23877745940783207
bf,breakout,TDAY,2021-01-21,265,266,0,4.19,0.3478571428571428,3.9,WIN,earnings_flat_favorable,22.0,4.082135523613964
bf,breakout,TDAY,2021-01-26,268,269,0,4.61,0.3778571428571428,3.97,WIN,earnings_flat_favorable,19.0,2.6465028355387528
bf,breakout,GCO,2021-01-28,270,271,0,38.81,2.7204285714285725,38.19,WIN,earnings_flat_favorable,27.0,4.433125032820455
bf,breakout,SPT,2021-01-29,271,272,0,64.0,4.3200714285714295,63.24,LOSS,stop_hit,1.0,-0.17592301714588002
bf,breakout,SPT,2021-08-20,412,413,0,111.03,5.388928571428572,105.32,WIN,exit_fired,25.0,1.0243223540327382
bf,breakout,AXON,2021-02-01,272,273,0,166.53,8.643571428571429,165.01,LOSS,stop_hit,1.0,-0.17585323526981358
bf,breakout,AXON,2021-02-03,274,275,1,175.34,8.453571428571426,166.03,WIN,exit_fired,8.0,0.3596113223489641
bf,breakout,NIU,2021-02-02,273,274,0,48.9,3.739635714285715,47.91,LOSS,stop_hit,1.0,-0.26473166790501035
bf,breakout,NIU,2021-02-04,275,276,0,45.84,3.784635714285715,43.865,LOSS,stop_hit,2.0,-0.521846790311957
bf,breakout,OMER,2021-02-01,272,273,0,21.06,1.106207142857143,20.57,WIN,exit_fired,14.0,0.9853489077865807
bf,breakout,PHR,2021-02-01,272,273,0,68.94,2.919378571428571,67.72,WIN,exit_fired,10.0,2.2436281694000426
bf,breakout,EOLS,2021-02-03,274,275,0,7.13,0.848942857142857,6.85,LOSS,stop_hit,1.0,-0.3298219634503419
bf,breakout,ECOR,2021-02-03,274,275,0,39.75,5.535000000000003,37.949999999999996,LOSS,stop_hit,1.0,-0.32520325203252093
bf,breakout,ECOR,2021-02-11,280,281,0,42.9,4.831071428571429,40.65,LOSS,stop_hit,2.0,-0.4657351962741184
bf,breakout,PI,2021-02-03,274,275,0,60.47,3.436357142857143,58.61,WIN,earnings_flat_favorable,3.0,1.03307073520547
bf,breakout,PI,2024-05-08,1094,1095,0,158.49,7.805214285714281,157.41,BE,ratchet_hit,12.0,0.0
bf,breakout,SYNA,2021-02-03,274,275,0,106.87,3.6746428571428567,101.33,WIN,exit_fired,61.0,7.736806297988146
bf,breakout,GM,2021-02-04,275,276,0,52.3725,1.9629206047800787,52.1222362617166,WIN,earnings_flat_favorable,2.0,0.8091004782019388
bf,breakout,MU,2021-02-04,275,276,0,79.0958,2.9565137778054407,78.72519082614056,BE,ratchet_hit,33.0,0.0
bf,breakout,MU,2025-09-30,1443,1444,1,181.8861,5.822266379064351,165.26022261872083,WIN,exit_fired,34.0,7.973819296028276
bf,breakout,AVAV,2021-02-05,276,277,0,132.08,7.09097857142857,123.78,WIN,exit_fired,6.0,-0.35397089057827275
bf,breakout,CLFD,2021-02-05,276,277,0,34.57,2.4506357142857147,33.51,LOSS,stop_hit,2.0,-0.4325408275986706
bf,breakout,CLFD,2021-10-26,458,459,0,54.49,2.0528428571428585,52.4368,WIN,earnings_flat_favorable,5.0,2.630498472501546
bf,breakout,LFMD,2021-02-05,276,277,0,26.65,3.8750000000000004,22.8,LOSS,stop_hit,10.0,-0.9935483870967735
bf,breakout,SHAK,2021-02-05,276,277,0,122.27,7.877071428571429,116.01,LOSS,stop_hit,10.0,-0.7947115951359721
bf,breakout,TBCH,2021-02-08,277,278,0,31.49,1.9452857142857138,30.8,LOSS,stop_hit,1.0,-0.3547036792244977
bf,breakout,SEED,2021-02-09,278,279,0,18.88,1.929285714285715,18.45,LOSS,stop_hit,1.0,-0.22288041466123637
bf,breakout,KBH,2021-02-10,279,280,0,41.3754,1.652777877448639,40.55177875195706,LOSS,stop_hit,1.0,-0.49832543094922604
bf,breakout,SWKS,2021-02-10,279,280,0,163.9548,6.5862676698589775,160.02009326128416,LOSS,stop_hit,6.0,-0.5974106938778718
bf,breakout,NMM,2021-02-17,283,284,0,16.7229,1.4420465880204627,16.083067304347825,LOSS,stop_hit,3.0,-0.4436976592625141
bf,breakout,NMM,2021-02-19,285,286,0,17.1979,1.341020581391957,16.887678579481403,LOSS,stop_hit,1.0,-0.2313323336145918
bf,breakout,UEC,2021-02-19,285,286,0,2.44,0.18821428571428572,2.43,LOSS,stop_hit,1.0,-0.05313092979127021
bf,breakout,UEC,2021-03-25,309,310,0,3.05,0.3053571428571429,2.78,LOSS,stop_hit,1.0,-0.8842105263157894
bf,breakout,UEC,2021-11-02,463,464,0,4.38,0.3131142857142857,3.99,BE,ratchet_hit,12.0,0.0
bf,breakout,ARCB,2021-02-22,286,287,0,55.1473,2.1038695323596452,54.16912561984787,WIN,earnings_flat_favorable,48.0,8.545777066239934
bf,breakout,ARCB,2021-09-24,436,437,0,77.4361,2.875815053019686,74.96275909607374,LOSS,stop_hit,2.0,-0.8600486673609903
bf,breakout,ENVA,2021-02-22,286,287,0,29.64,1.417664285714286,28.21,WIN,exit_fired,15.0,4.655545086737239
bf,breakout,HGV,2021-02-26,290,291,0,41.84,1.6378571428571445,39.12,LOSS,stop_hit,3.0,-1.6607064980375075
bf,breakout,MGM,2021-03-02,292,293,0,38.8098,1.587531254769394,38.32005490600052,LOSS,stop_hit,1.0,-0.3084947729552713
bf,breakout,MGM,2021-03-08,296,297,0,37.463,1.891857111674527,37.27808391141943,LOSS,stop_hit,1.0,-0.09774315800039363
bf,breakout,LYV,2021-03-02,292,293,0,91.75,3.7932142857142828,88.81,LOSS,stop_hit,1.0,-0.7750682609923736
bf,breakout,PRIM,2021-03-01,291,292,0,33.3255,1.3128153656563843,33.19061795316565,WIN,exit_fired,10.0,3.852864715268657
bf,breakout,URBN,2021-03-01,291,292,0,33.77,1.6771428571428566,33.46,LOSS,stop_hit,1.0,-0.18483816013628762
bf,breakout,URI,2021-03-01,291,292,0,283.5393,11.950686331996154,282.5729742553337,LOSS,stop_hit,2.0,-0.08085943499990826
bf,breakout,ASIX,2021-03-03,293,294,0,24.5179,1.5016594509558492,24.345749186991874,WIN,exit_fired,8.0,0.4283927355103856
bf,breakout,CVI,2021-03-03,293,294,0,15.012,0.8868970914865331,14.306442299622327,WIN,exit_fired,8.0,0.30544693696755987
bf,breakout,XHR,2021-03-04,294,295,0,16.3646,0.9360588541755489,15.935105945366898,BE,ratchet_hit,14.0,0.0
bf,breakout,RHP,2021-03-08,296,297,0,69.7458,3.5726751500524547,67.77640564734895,WIN,exit_fired,5.0,0.688447702826797
bf,breakout,SABR,2021-03-09,297,298,0,8.0658,0.5945837717427515,7.9770500970873774,LOSS,stop_hit,8.0,-0.14926391726516863
bf,breakout,SABR,2021-03-12,300,301,0,8.7445,0.5242918375510315,8.488690746268658,LOSS,stop_hit,1.0,-0.48791385905649126
bf,breakout,SKYW,2021-03-09,297,298,0,57.47,3.113042857142859,57.41,LOSS,stop_hit,1.0,-0.01927374686228062
bf,breakout,SKYW,2021-03-11,299,300,0,60.0,3.071907142857144,57.56,LOSS,stop_hit,2.0,-0.7942948424315271
bf,breakout,UAA,2021-03-08,296,297,0,22.41,0.8932428571428576,22.4,LOSS,stop_hit,1.0,-0.011195163689287973
bf,breakout,NMRK,2021-03-10,298,299,0,10.2427,0.5275088678591261,9.833372769516728,LOSS,stop_hit,8.0,-0.7759627475922999
bf,breakout,RCL,2021-03-12,300,301,0,92.4248,5.291194825250604,89.93211634056055,LOSS,stop_hit,1.0,-0.47110033589084305
bf,breakout,FTAI,2021-03-12,300,301,0,21.859800338745117,0.8434939980506897,21.39792251586914,LOSS,stop_hit,1.0,-0.5475768931887764
bf,breakout,FTAI,2024-07-18,1142,1143,0,100.4103012084961,4.306953430175781,100.21353149414062,LOSS,stop_hit,1.0,-0.045686520076312485
bf,breakout,MX,2021-03-17,303,304,0,21.75,1.5157785714285719,21.4,LOSS,stop_hit,1.0,-0.23090443854879003
bf,breakout,CENTA,2021-03-22,306,307,0,37.296,1.2677542857142865,37.160000000000004,WIN,earnings_flat_favorable,29.0,2.8522877348922933
bf,breakout,OLN,2021-03-30,312,313,0,34.3089,1.9433399886384997,33.29689136160127,WIN,earnings_flat_favorable,17.0,1.678501970355315
bf,breakout,OLN,2021-04-07,317,318,0,35.0588,1.6884015951476627,34.45340319587629,WIN,earnings_flat_favorable,12.0,1.487797694114538
bf,breakout,OLN,2021-11-02,463,464,0,55.6416,1.9549758868273075,53.31750368550368,BE,ratchet_hit,12.0,0.0
bf,breakout,CPF,2021-03-30,312,313,0,21.3943,0.6572425440771956,21.129677848575714,LOSS,stop_hit,1.0,-0.4026248054222226
bf,breakout,ANF,2021-04-06,316,317,0,37.71,1.829221428571428,36.385,LOSS,stop_hit,1.0,-0.7243518905389117
bf,breakout,ANF,2021-04-14,322,323,0,39.83,1.6224142857142847,39.2,LOSS,stop_hit,2.0,-0.3883101902807959
bf,breakout,ANF,2023-11-01,965,966,1,63.31,2.235807142857142,62.23,WIN,earnings_flat_favorable,12.0,4.016446601259376
bf,breakout,GAP,2021-04-05,315,316,0,25.3918,1.1160613620051627,24.698395838751626,WIN,exit_fired,35.0,1.4052990752964938
bf,breakout,PAG,2021-04-06,316,317,0,71.7932,2.5726160421862474,71.22418887925697,LOSS,stop_hit,1.0,-0.22117996289079875
bf,breakout,ABG,2021-04-12,320,321,0,198.77,7.094285714285716,195.72,WIN,earnings_flat_favorable,9.0,1.292589609343534
bf,breakout,FCX,2021-04-28,332,333,0,35.9324,1.6219455371834142,35.224419431250006,LOSS,stop_hit,1.0,-0.4365008272592418
bf,breakout,DXC,2021-05-06,338,339,0,34.5,0.9642857142857151,33.33,LOSS,stop_hit,2.0,-1.213333333333334
bf,breakout,WCC,2021-05-26,352,353,0,103.4623,3.2137478017002326,103.30705318390697,LOSS,stop_hit,1.0,-0.04830709367141153
bf,breakout,NVRI,2021-05-27,353,354,0,22.42,0.7417857142857139,22.25,LOSS,stop_hit,3.0,-0.22917669715936687
bf,breakout,GOLF,2021-05-28,354,355,0,49.8689,1.1744298840118315,49.440840772532184,LOSS,stop_hit,2.0,-0.36448257430709285
bf,breakout,GTX,2021-06-16,366,367,0,7.8086,0.30269278899028546,7.8086,LOSS,stop_hit,1.0,0.0
bf,breakout,ASO,2021-06-21,179,180,0,39.2237,1.690701051946839,38.63462010268407,LOSS,stop_hit,9.0,-0.34842345229371513
bf,breakout,SHOP,2021-07-13,384,385,0,146.3,5.29885,145.9,LOSS,stop_hit,1.0,-0.07548807760174485
bf,breakout,CROX,2021-08-03,399,400,0,140.43,5.305764285714288,136.0,LOSS,stop_hit,11.0,-0.8349409739003546
bf,breakout,CLDX,2021-08-04,400,401,0,47.7,2.359999999999999,44.18,LOSS,stop_hit,1.0,-1.4915254237288156
bf,breakout,SKIN,2021-08-24,187,188,0,23.01,1.1715214285714286,22.66,WIN,earnings_flat_favorable,52.0,4.805716620024022
bf,breakout,U,2021-08-23,233,234,0,125.11,5.516285714285716,124.242,LOSS,stop_hit,1.0,-0.15735225565856847
bf,breakout,U,2025-07-14,1208,1209,0,29.69,1.3366428571428575,29.12,WIN,exit_fired,5.0,3.3965692299470915
bf,breakout,U,2025-08-28,1241,1242,0,39.41,2.0466357142857134,38.77,LOSS,stop_hit,1.0,-0.31270831224762285
bf,breakout,UPST,2021-08-23,171,172,1,219.45,15.142000000000005,204.2,WIN,exit_fired,39.0,9.749702813366792
bf,breakout,UPST,2024-10-30,973,974,0,48.68,3.647928571428572,48.65,LOSS,stop_hit,1.0,-0.00822384523506522
bf,breakout,GDYN,2021-08-25,415,416,0,24.9,1.3042857142857138,24.22,WIN,exit_fired,22.0,3.7185104052573954
bf,breakout,GDYN,2021-09-15,429,430,0,30.79,1.4985714285714287,29.93,LOSS,stop_hit,1.0,-0.573879885605338
bf,breakout,CIO,2021-09-16,430,431,0,12.4137,0.3418143662933058,12.398877671641792,LOSS,stop_hit,1.0,-0.043363678709425334
bf,breakout,LEU,2021-10-07,445,446,0,38.87,2.7050000000000005,38.2,LOSS,stop_hit,1.0,-0.24768946395563565
bf,breakout,HRI,2021-10-11,447,448,0,163.1544,7.0335893107193925,158.54212582913894,WIN,earnings_flat_favorable,6.0,1.3552682107089113
bf,breakout,OXY-WT,2021-10-22,294,295,0,16.03,0.8831714285714283,15.49,LOSS,stop_hit,2.0,-0.6114328232667995
bf,breakout,OXY-WT,2021-11-01,300,301,0,15.56,0.776035714285714,15.53,LOSS,stop_hit,1.0,-0.038658014634821304
bf,breakout,MUR,2021-10-22,456,457,0,25.0051,0.9989742107907666,24.772293896551727,LOSS,stop_hit,1.0,-0.23304515865728695
bf,breakout,LC,2021-10-26,458,459,0,31.62,1.8645714285714274,31.28,WIN,exit_fired,14.0,5.9262948207171355
bf,breakout,LC,2024-11-05,1219,1220,0,15.43,0.7303571428571429,14.859,LOSS,stop_hit,1.0,-0.7818092909535448
bf,breakout,LC,2024-11-20,1230,1231,0,15.9,0.6350714285714287,15.001,BE,ratchet_hit,11.0,0.0
bf,breakout,MARA,2021-10-29,461,462,0,55.51,3.935714285714287,52.29,WIN,exit_fired,6.0,5.229038112522686
bf,breakout,SOFI,2021-10-28,230,231,0,20.09,1.027857142857142,19.69,WIN,earnings_flat_favorable,7.0,1.99444058373871
bf,breakout,LAR,2021-11-17,474,475,0,13.3615,0.9538212508463142,12.983078487496233,WIN,exit_fired,7.0,2.583083568135959
bf,breakout,EXTR,2021-12-02,484,485,0,13.21,0.654064285714286,13.1,LOSS,stop_hit,1.0,-0.16817918727953962
bf,breakout,EXTR,2021-12-06,486,487,0,14.01,0.6345642857142859,13.68,LOSS,stop_hit,1.0,-0.5200418735015027
bf,breakout,UAN,2022-03-16,555,556,1,60.9084,3.674719485340975,57.55040336576387,WIN,exit_fired,22.0,8.750191716202904
bf,breakout,SQM,2022-03-17,556,557,0,69.4484,3.6237189967618364,67.3068193832599,WIN,exit_fired,21.0,1.9939735963127418
bf,breakout,SQM,2025-12-09,1492,1493,0,63.96,2.2192857142857143,62.79,WIN,exit_fired,31.0,9.196652719665273
bf,breakout,GUSH,2022-03-18,557,558,0,35.4297,2.4394816197992517,34.389513303875965,LOSS,stop_hit,1.0,-0.42639661134631957
bf,breakout,GUSH,2022-03-22,559,560,0,36.4161,2.449205494319657,35.62648561372635,LOSS,stop_hit,4.0,-0.32239613544268486
bf,breakout,FLNG,2022-04-11,573,574,0,18.431,0.9662962025451887,18.29093713298791,LOSS,stop_hit,4.0,-0.14494817080225553
bf,breakout,SJT,2022-04-28,585,586,0,8.2525,0.5977100680199471,8.089314971751412,LOSS,stop_hit,1.0,-0.27301703113212733
bf,breakout,TMDX,2022-08-18,662,663,0,45.58,3.765714285714285,44.1,WIN,exit_fired,16.0,1.8854324734446137
bf,breakout,WFRD,2022-11-14,723,724,0,41.9677,1.8355990920089253,40.680586524163566,LOSS,stop_hit,2.0,-0.7011953108060136
bf,breakout,ASC,2022-11-16,725,726,0,11.6997,0.5463691444071979,11.323100214592273,LOSS,stop_hit,1.0,-0.6892771842310604
bf,breakout,RNR,2022-11-21,728,729,0,181.1261,5.8433172574353325,178.63676317236178,LOSS,stop_hit,6.0,-0.4260143199431227
bf,breakout,HALO,2022-11-23,730,731,0,54.67,1.7623142857142855,54.02,BE,ratchet_hit,26.0,0.0
bf,breakout,BORR,2023-02-23,791,792,0,6.3153,0.2990244621132784,6.130048689819645,BE,ratchet_hit,11.0,0.0
bf,breakout,BORR,2023-02-27,793,794,0,6.695,0.31324525681356763,6.454208554194845,LOSS,stop_hit,7.0,-0.7686994154502574
bf,breakout,ASRT,2023-03-21,809,810,0,87.3,7.539214285714285,86.99999999999999,LOSS,stop_hit,1.0,-0.039791944973426176
bf,breakout,CERT,2023-03-27,574,575,0,23.8,1.0390714285714278,23.57,LOSS,stop_hit,4.0,-0.2213514814051013
bf,breakout,CXM,2023-04-13,454,455,0,13.13,0.38371428571428573,12.93,LOSS,stop_hit,2.0,-0.5212211466865254
bf,breakout,THC,2023-05-15,846,847,0,71.5,1.8450357142857143,70.68,LOSS,stop_hit,5.0,-0.4444358413503379
bf,breakout,GOOG,2023-05-26,856,857,0,123.625,3.058745120481998,121.88925104300384,LOSS,stop_hit,6.0,-0.567470936160461
bf,breakout,CRVS,2023-05-31,858,859,0,3.24,0.4495785714285714,2.9811,WIN,exit_fired,3.0,0.46710411337601876
bf,breakout,TCMD,2023-05-31,858,859,0,21.9,0.9574500000000002,20.76,WIN,exit_fired,31.0,3.2482113948509084
bf,breakout,XFOR,2023-05-31,858,859,0,66.6,7.2771428571428585,59.99999999999999,WIN,exit_fired,8.0,1.1130742049469975
bf,breakout,ONCY,2023-06-29,878,879,0,2.6,0.34169285714285713,2.53,WIN,exit_fired,6.0,1.7852290068357126
bf,breakout,BTBT,2023-07-03,880,881,0,4.45,0.4302142857142858,4.3,LOSS,stop_hit,1.0,-0.3486634567491291
bf,breakout,BTBT,2023-12-18,997,998,0,3.28,0.2746428571428571,3.165,WIN,exit_fired,5.0,6.18985695708713
bf,breakout,NVDL,2023-07-10,141,142,0,12.6462,0.5186115533297154,12.481574911242605,BE,ratchet_hit,21.0,0.0
bf,breakout,TDW,2023-07-18,890,891,0,58.87,2.4242857142857135,57.74,LOSS,stop_hit,2.0,-0.46611667648791816
bf,breakout,RIG,2023-07-19,891,892,0,8.19,0.38325714285714296,8.11,LOSS,stop_hit,1.0,-0.20873714030117801
bf,breakout,RIG,2023-07-28,898,899,0,8.8,0.3407071428571431,8.555,LOSS,stop_hit,1.0,-0.7190926434516471
bf,breakout,IONQ,2023-07-20,639,640,0,14.42,1.2612857142857146,14.195,LOSS,stop_hit,1.0,-0.1783893985728845
bf,breakout,IONQ,2024-11-06,967,968,1,22.11,1.8917857142857144,16.29,WIN,exit_fired,40.0,14.525958089484615
bf,breakout,OPEN,2023-07-24,778,779,0,4.35,0.3547857142857143,4.295,LOSS,stop_hit,1.0,-0.1550231528085355
bf,breakout,RIOT,2023-07-26,896,897,0,17.6,1.5054642857142864,17.44,LOSS,stop_hit,3.0,-0.10627950561051412
bf,breakout,RIOT,2023-07-28,898,899,0,18.52,1.4143928571428575,18.17,LOSS,stop_hit,1.0,-0.24745600080801802
bf,breakout,HLX,2023-08-23,916,917,0,9.45,0.27533571428571413,9.3138,WIN,exit_fired,22.0,6.137961449658866
bf,breakout,MNSO,2023-08-28,720,721,0,23.16,1.0041753056784846,21.470769230769232,WIN,exit_fired,9.0,2.9956920698895972
bf,breakout,TSHA,2023-09-19,750,751,0,3.06,0.39335714285714296,2.78,WIN,exit_fired,1.0,-0.07626656982022942
bf,breakout,HNRG,2023-10-06,947,948,0,14.77,0.6922214285714288,14.26,LOSS,stop_hit,2.0,-0.7367584691108331
bf,breakout,TNK,2023-11-10,972,973,0,48.54560089111328,1.9557372331619263,48.19622039794922,LOSS,stop_hit,1.0,-0.17864388284882407
bf,breakout,METC,2023-11-27,982,983,0,15.422800064086914,1.4768617153167725,15.222503662109375,LOSS,stop_hit,1.0,-0.13562299022327723
bf,breakout,DUOL,2023-12-04,592,593,0,219.31,9.15492857142857,211.01,LOSS,stop_hit,2.0,-0.9066154842434612
bf,breakout,SRRK,2023-12-19,998,999,0,17.75,1.4316071428571426,17.65,WIN,exit_fired,4.0,1.089684420606211
bf,breakout,SRRK,2023-12-22,1001,1002,0,19.19,1.3383857142857143,18.48,WIN,exit_fired,1.0,0.08966025168913319
bf,breakout,FBK,2023-12-22,1001,1002,0,39.1751,1.0975691293204275,38.615179891572204,LOSS,stop_hit,3.0,-0.5101456422835776
bf,breakout,OSCR,2024-01-23,727,728,1,11.69,0.7491428571428572,11.38,WIN,earnings_flat_favorable,9.0,2.536231884057971
bf,breakout,FROG,2024-02-23,864,865,0,44.21,2.316,43.29,LOSS,stop_hit,5.0,-0.39723661485319595
bf,breakout,MSTR,2024-02-23,1042,1043,1,79.648,5.221904859546377,68.794,WIN,exit_fired,21.0,20.691874499104976
bf,breakout,TSM,2024-02-26,1043,1044,0,125.3401,3.5187638792554643,125.3401,LOSS,stop_hit,1.0,0.0
bf,breakout,BLOK,2024-03-01,1047,1048,0,32.4874,1.1496750636368838,32.1777280762565,LOSS,stop_hit,1.0,-0.26935604114425554
bf,breakout,ACMR,2024-03-12,1054,1055,0,28.75,2.3599857142857137,28.52,LOSS,stop_hit,1.0,-0.0974582170594255
bf,breakout,BCYC,2024-03-12,1054,1055,0,25.55,1.4986714285714284,24.97,LOSS,stop_hit,1.0,-0.3870094464621058
bf,breakout,STRL,2024-03-20,1060,1061,0,109.95,4.177992857142856,109.54,LOSS,stop_hit,6.0,-0.098133245799845
bf,breakout,DELL,2024-03-22,1062,1063,0,109.301,3.9601767619144925,106.70099037168141,WIN,exit_fired,10.0,2.6207668556144337
bf,breakout,PSTG,2024-03-22,1062,1063,0,52.68,2.058321428571429,51.55,LOSS,stop_hit,4.0,-0.5489910294449373
bf,breakout,DFTX,2024-04-01,1067,1068,0,9.85,1.006285714285714,8.973,WIN,exit_fired,1.0,1.8881317433276557
bf,breakout,CEG,2024-04-08,556,557,0,185.8782,7.774148928818467,182.86422599681023,LOSS,stop_hit,1.0,-0.3876918272065865
bf,breakout,IAG,2024-04-17,1079,1080,0,3.64,0.1837714285714286,3.61,LOSS,stop_hit,2.0,-0.16324626865671774
bf,breakout,GGAL,2024-04-19,1081,1082,0,27.8327,1.3727917129702145,25.275537040618957,LOSS,earnings_flat_adverse,3.0,-1.000006036625735
bf,breakout,SMTC,2024-04-23,1083,1084,0,33.9,1.9215214285714286,32.655,WIN,exit_fired,28.0,1.8110648927747006
bf,breakout,IREN,2024-05-31,636,637,1,8.0,0.7568571428571429,7.96,WIN,exit_fired,11.0,7.861457153642883
bf,breakout,IREN,2025-06-23,900,901,1,11.54,0.6865714285714289,10.92,WIN,exit_fired,19.0,10.268414481897624
bf,breakout,WRBY,2024-05-31,671,672,0,17.63,0.5757142857142857,17.44,LOSS,stop_hit,1.0,-0.3300248138957777
bf,breakout,ASTS,2024-06-05,1063,1064,0,9.32,1.2013000000000003,8.7,LOSS,stop_hit,1.0,-0.5161075501540006
bf,breakout,NATL,2024-06-05,163,164,0,26.82,0.7782142857142854,26.78,LOSS,stop_hit,1.0,-0.051399724644331186
bf,breakout,NATL,2025-08-19,464,465,0,38.0,1.5569999999999993,37.935,LOSS,stop_hit,1.0,-0.041746949261398686
bf,breakout,AD,2024-06-18,1122,1123,0,30.1838,1.8145006535055614,30.010163566634713,LOSS,stop_hit,1.0,-0.09569378386821092
bf,breakout,AAPB,2024-06-25,471,472,0,24.9093,1.286239374710749,24.343833012697193,LOSS,stop_hit,2.0,-0.4396281115480328
bf,breakout,AAPU,2024-06-25,471,472,0,26.6709,1.4038435754252567,26.071464129457596,LOSS,stop_hit,2.0,-0.4269961988897667
bf,breakout,RNA,2024-06-26,1015,1016,0,40.54,2.372842857142858,39.33,LOSS,stop_hit,3.0,-0.5099368448937082
bf,breakout,NRIX,2024-07-08,993,994,0,20.81,1.6116428571428578,20.06,LOSS,stop_hit,1.0,-0.46536364845100364
bf,breakout,ZETA,2024-07-31,789,790,0,23.99,1.1077142857142857,23.22,LOSS,stop_hit,1.0,-0.695125096724271
bf,breakout,ZETA,2024-08-13,798,799,0,23.72,1.3568571428571423,23.54,LOSS,stop_hit,5.0,-0.13265950726468714
bf,breakout,CVLT,2024-08-12,1159,1160,0,151.35,6.669485714285721,149.25,LOSS,stop_hit,2.0,-0.31486685630076305
bf,breakout,CRS,2024-08-13,1160,1161,0,142.1393,6.178212459873896,137.94909499825357,BE,ratchet_hit,13.0,0.0
bf,breakout,GENI,2024-08-14,970,971,0,7.29,0.4032071428571428,7.1,BE,ratchet_hit,12.0,0.0
bf,breakout,VNO,2024-08-14,1161,1162,0,30.6157,1.346325025815835,30.125002105593964,WIN,earnings_flat_favorable,55.0,6.724824857588643
bf,breakout,HROW,2024-09-09,1178,1179,1,41.06,2.108571428571429,39.42,WIN,exit_fired,30.0,7.550135501355009
bf,breakout,INTA,2024-09-09,802,803,0,44.23,1.2325000000000013,44.155,LOSS,stop_hit,1.0,-0.06085192697768411
bf,breakout,RKLB,2024-09-10,952,953,1,6.68,0.3712142857142857,6.15,WIN,earnings_flat_favorable,43.0,21.82028093130652
bf,breakout,RKLB,2024-10-10,974,975,0,9.7,0.6999999999999998,9.2,WIN,earnings_flat_favorable,21.0,7.257142857142859
bf,breakout,RKLB,2025-06-17,1144,1145,0,27.85,1.7428571428571427,26.23,WIN,exit_fired,22.0,10.918852459016396
bf,breakout,RKLB,2025-07-03,1155,1156,0,38.88,2.6435714285714282,35.275,WIN,exit_fired,11.0,3.026209132666847
bf,breakout,SEZL,2024-09-16,254,255,0,24.7967,1.5698571428571435,24.1667,LOSS,stop_hit,1.0,-0.4013104013104028
bf,breakout,BVS,2024-10-01,914,915,0,11.78,0.5367357142857143,11.6266,LOSS,stop_hit,1.0,-0.2858017380195086
bf,breakout,TGLS,2024-10-02,1195,1196,0,68.6068,1.8564213418606934,67.69020290188192,LOSS,stop_hit,1.0,-0.4937441072506647
bf,breakout,VRDN,2024-10-04,1197,1198,0,23.26,1.3561857142857143,23.09,LOSS,stop_hit,1.0,-0.12535156373442446
bf,breakout,USLM,2024-10-07,1198,1199,0,95.6732,2.6403796996530633,93.16099343544857,WIN,exit_fired,49.0,17.170409243017986
bf,breakout,SMG,2024-10-08,1199,1200,0,79.9855,2.2600826152772533,78.91514585045194,WIN,exit_fired,19.0,3.4397415153986857
bf,breakout,MASI,2024-10-11,1202,1203,0,144.35,4.612114285714284,140.94,LOSS,stop_hit,4.0,-0.739357220735454
bf,breakout,QFIN,2024-10-17,1206,1207,0,31.8889,1.3415005791000048,31.32508666466887,LOSS,stop_hit,1.0,-0.4202855698425301
bf,breakout,QFIN,2024-10-21,1208,1209,0,32.7872,1.316934533492422,31.936701369863012,LOSS,stop_hit,2.0,-0.645816939648109
bf,breakout,QFIN,2024-10-24,1211,1212,0,33.2746,1.284512056210786,31.822061458931643,LOSS,stop_hit,3.0,-1.1308095817747608
bf,breakout,CRDO,2024-10-24,689,690,0,39.18,1.9454428571428568,38.895,LOSS,stop_hit,4.0,-0.1464962072535799
bf,breakout,CRDO,2024-12-24,731,732,0,72.02,4.831864285714286,71.31,LOSS,stop_hit,1.0,-0.14694121316675923
bf,breakout,CRDO,2024-12-30,734,735,0,67.21,4.340014285714284,67.04,LOSS,stop_hit,1.0,-0.03917037797768647
bf,breakout,DCOM,2024-10-29,1214,1215,0,29.5248,1.1298994341382242,29.50565291828794,LOSS,stop_hit,1.0,-0.0169458282158209
bf,breakout,POWL,2024-10-29,1214,1215,0,84.2949,3.809801615253213,82.45920178938468,LOSS,stop_hit,1.0,-0.4818356429021863
bf,breakout,POWL,2024-10-31,1216,1217,0,92.5554,4.008134240894575,85.32543041753794,WIN,exit_fired,7.0,5.334601766039603
bf,breakout,CORZ,2024-10-30,194,195,0,13.29,0.7450000000000001,13.1,LOSS,stop_hit,1.0,-0.25503355704697916
bf,breakout,CORZ,2025-10-24,440,441,0,19.87,1.2069285714285711,18.88,WIN,exit_fired,6.0,1.5493874652305126
bf,breakout,HUT,2024-11-05,1219,1220,0,18.59,1.58595,18.0,WIN,earnings_flat_favorable,4.0,3.3229294744474918
bf,breakout,HUT,2025-10-01,1444,1445,0,39.04,2.622235714285716,36.69,WIN,exit_fired,8.0,4.158665043188335
bf,breakout,QNCX,2024-11-12,1224,1225,0,15.899999618530273,2.2642858028411865,15.800000190734863,LOSS,stop_hit,1.0,-0.04416378341900683
bf,breakout,REAL,2024-11-12,1224,1225,1,4.14,0.24637142857142846,3.83,WIN,exit_fired,32.0,27.560013916270453
bf,breakout,REAL,2024-11-18,1228,1229,0,4.32,0.2704499999999999,3.8929,WIN,exit_fired,28.0,24.440746903309304
bf,breakout,REAL,2025-08-29,1422,1423,0,7.65,0.39069999999999994,7.3,WIN,exit_fired,25.0,7.013053493729205
bf,breakout,IGIC,2024-11-18,1218,1219,0,22.8817,0.9955183850586887,22.561995608782432,LOSS,stop_hit,1.0,-0.3211436333229738
bf,breakout,ADTN,2024-11-19,1229,1230,0,7.73,0.38807857142857133,7.605,WIN,exit_fired,18.0,1.7264545103163942
bf,breakout,ADTN,2024-12-03,1238,1239,0,8.77,0.3412285714285716,8.59,LOSS,stop_hit,1.0,-0.5275056518462686
bf,breakout,CORT,2024-11-19,1229,1230,0,56.09,2.8708571428571434,54.02,WIN,exit_fired,13.0,0.9474522292993625
bf,breakout,CORT,2024-11-27,1235,1236,0,57.68,2.1844928571428572,57.425,LOSS,stop_hit,1.0,-0.11673189919857292
bf,breakout,LITE,2024-11-20,1230,1231,0,85.61,3.567464285714288,84.72,LOSS,stop_hit,4.0,-0.24947691938051236
bf,breakout,LITE,2024-12-02,1237,1238,0,88.7,3.5535642857142875,86.24,LOSS,stop_hit,5.0,-0.6922626980154752
bf,breakout,LITE,2024-12-06,1241,1242,0,89.8,3.8410642857142867,88.8,LOSS,stop_hit,1.0,-0.26034451017110205
bf,breakout,QBTS,2024-11-20,991,992,1,1.97,0.2537142857142857,1.71,WIN,exit_fired,22.0,23.56981981981982
bf,breakout,QBTS,2024-12-04,1000,1001,0,3.77,0.5278571428571428,2.88,WIN,exit_fired,13.0,7.918809201623816
bf,breakout,SOUN,2024-11-20,645,646,1,6.98,0.6526785714285716,6.38,WIN,exit_fired,26.0,19.703419972640216
bf,breakout,TSL,2024-11-21,576,577,0,15.41,0.91545,14.63,LOSS,stop_hit,2.0,-0.8520399803375382
bf,breakout,TSL,2024-11-29,581,582,0,15.66,0.8411,15.33,LOSS,stop_hit,1.0,-0.39234335988586383
bf,breakout,TSL,2024-12-04,584,585,0,16.3,0.7253642857142857,15.77,WIN,exit_fired,13.0,7.127453200854741
bf,breakout,TSLA,2024-11-21,1231,1232,0,352.56,18.04785714285714,337.7,LOSS,stop_hit,2.0,-0.8233664463529514
bf,breakout,TSLA,2024-12-04,1239,1240,1,369.49,14.35928571428572,359.5,WIN,exit_fired,13.0,6.462020593941197
bf,breakout,TSLY,2024-11-21,501,502,0,26.8983,1.0531003441784896,26.125853605615827,LOSS,stop_hit,3.0,-0.7334974284779554
bf,breakout,TSLY,2024-11-29,506,507,0,27.602,0.9465454715828344,27.32206085192698,LOSS,stop_hit,1.0,-0.2957482302513147
bf,breakout,BKCH,2024-11-22,847,848,0,63.3126,4.489180427113985,61.15907276836158,LOSS,stop_hit,1.0,-0.47971500958870694
bf,breakout,DAPP,2024-11-25,911,912,0,16.3839,1.2884780288370454,16.157149911660778,WIN,exit_fired,14.0,1.6100390954065416
bf,breakout,DAPP,2024-11-27,913,914,0,18.14,1.3157018806613041,17.966319148936172,LOSS,stop_hit,1.0,-0.13200623455560623
bf,breakout,PWP,2024-11-22,1007,1008,0,25.3422,1.172672809558056,25.047979411764704,LOSS,stop_hit,1.0,-0.2508974249570748
bf,breakout,BTSG,2024-11-25,210,211,0,18.74,0.7003571428571426,18.22,LOSS,stop_hit,8.0,-0.7424783273839874
bf,breakout,GLXY,2024-12-02,1234,1235,0,18.57,1.337171428571428,17.301,WIN,exit_fired,10.0,1.087818636353924
bf,breakout,BFLY,2024-12-03,1106,1107,0,3.31,0.30295,3.19,LOSS,stop_hit,3.0,-0.3961049678164717
bf,breakout,RGTI,2024-12-05,912,913,1,4.38,0.4889285714285715,3.31,WIN,exit_fired,20.0,28.654492330168004
bf,breakout,RGTI,2025-10-01,1116,1117,1,35.4,3.312714285714285,30.46,WIN,exit_fired,8.0,6.254689723575835
bf,breakout,DAVE,2024-12-06,897,898,0,84.28,7.936085714285717,82.7272,LOSS,stop_hit,2.0,-0.1956632092827344
bf,breakout,MRVL,2024-12-12,1245,1246,0,120.3047,4.438178983756527,114.65654525130412,LOSS,stop_hit,2.0,-1.2726288798554062
bf,breakout,RBLX,2024-12-12,947,948,0,59.6,2.116857142857142,58.776,LOSS,stop_hit,1.0,-0.3892563098933722
bf,breakout,QUBT,2024-12-13,1242,1243,1,11.08,1.629785714285714,6.83,WIN,exit_fired,1.0,3.503528071175001
bf,breakout,LX,2024-12-19,1250,1251,0,5.6449,0.3588622149125906,5.396562605752961,LOSS,stop_hit,7.0,-0.6920132126686206
bf,breakout,RDW,2024-12-19,989,990,0,13.89,1.2511285714285716,11.9804,WIN,exit_fired,10.0,2.3338928281894042
bf,breakout,QURE,2024-12-23,1252,1253,0,17.35,1.6886428571428571,16.81,LOSS,stop_hit,2.0,-0.31978342709699414
bf,breakout,NVCR,2024-12-27,1255,1256,0,30.08,1.9288500000000006,29.7842,LOSS,stop_hit,1.0,-0.1533556264095185
bf,breakout,BBAR,2024-12-30,1256,1257,0,18.6846,1.2274802153412587,18.419917838405034,BE,ratchet_hit,27.0,0.0
bf,breakout,LQDT,2025-01-06,1260,1261,0,33.98,1.2556785714285719,32.8,LOSS,stop_hit,2.0,-0.9397309366022919
bf,breakout,EHTH,2025-01-15,1266,1267,0,9.89,0.6618357142857142,9.51,BE,ratchet_hit,11.0,0.0
bf,breakout,SLQT,2025-01-17,1171,1172,0,4.43,0.32852142857142846,4.23,LOSS,stop_hit,1.0,-0.6087882938708045
bf,breakout,OPFI,2025-01-23,1046,1047,0,12.2527,1.0106301559144253,11.53537420886076,LOSS,stop_hit,1.0,-0.7097807115108283
bf,breakout,EQX,2025-02-13,1286,1287,0,6.7737,0.27503557579597837,6.713755752212389,LOSS,stop_hit,3.0,-0.2179508873138555
bf,breakout,EQX,2025-08-21,1416,1417,1,8.0125,0.31627563290024974,7.762733790523691,WIN,exit_fired,45.0,8.0866172855202
bf,breakout,KGC,2025-04-30,1338,1339,0,14.1226,0.520352344947984,13.874137649542577,LOSS,stop_hit,1.0,-0.4774886725690841
bf,breakout,KGC,2025-08-18,1413,1414,0,18.6228,0.6032136503875509,18.5730064171123,WIN,exit_fired,44.0,7.274536969083416
bf,breakout,QXO,2025-05-30,1359,1360,0,16.55,0.9178571428571433,16.16,WIN,exit_fired,15.0,7.5828793774319045
bf,breakout,QXO,2025-06-05,1363,1364,1,19.0,0.9400000000000003,17.75,WIN,exit_fired,11.0,4.797872340425532
bf,breakout,TMC,2025-06-11,1245,1246,0,4.8,0.4689142857142857,4.26,WIN,exit_fired,7.0,3.8599805020716564
bf,breakout,TSSI,2025-06-16,1212,1213,0,21.79,2.056428571428571,20.93,WIN,exit_fired,9.0,2.343869399096909
bf,breakout,SLDP,2025-06-24,1029,1030,0,1.95,0.1888857142857143,1.88,WIN,earnings_flat_favorable,28.0,8.841325064286796
bf,breakout,SLDP,2025-08-06,1059,1060,0,4.48,0.5225357142857142,3.5,WIN,exit_fired,8.0,-0.6889481238466277
bf,breakout,AMPX,2025-06-24,694,695,0,3.78,0.3024857142857143,3.64,WIN,exit_fired,28.0,15.00897326910362
bf,breakout,AMPX,2025-07-02,700,701,0,4.68,0.3549785714285714,4.37,WIN,exit_fired,22.0,10.254140088938971
bf,breakout,JOBY,2025-06-24,1159,1160,0,8.52,0.5566214285714286,8.5,WIN,exit_fired,28.0,19.708188432763993
bf,breakout,JOBY-WS,2025-06-24,384,385,0,8.52,0.5566214285714286,8.5,WIN,exit_fired,28.0,19.708188432763993
bf,breakout,ABCL,2025-07-03,1143,1144,0,4.03,0.3110857142857143,3.71,WIN,exit_fired,11.0,2.8609478324761195
bf,breakout,ONDS,2025-07-08,1183,1184,0,1.840000033378601,0.2014285773038864,1.7949999570846558,WIN,exit_fired,9.0,1.2907794650295175
bf,breakout,ONDS,2025-08-21,1215,1216,1,4.489999771118164,0.48928573727607727,3.799999952316284,WIN,exit_fired,36.0,12.09926966040625
bf,breakout,ATAI,2025-07-10,1018,1019,0,2.62,0.22569285714285717,2.59,LOSS,stop_hit,2.0,-0.1329240117732707
bf,breakout,ATAI,2025-08-05,1036,1037,0,4.19,0.3752857142857144,3.78,LOSS,earnings_flat_adverse,5.0,-0.37304910544347303
bf,breakout,ATAI,2025-08-08,1039,1040,0,3.96,0.35851428571428584,3.871,WIN,earnings_flat_favorable,2.0,0.25103602167676076
bf,breakout,ATAI,2025-08-12,1041,1042,0,,,,,no_race_window,,
bf,breakout,AEHR,2025-07-16,1390,1391,0,15.48,1.1406500000000002,14.72,WIN,exit_fired,8.0,2.8930872747994565
bf,breakout,CIFR,2025-07-16,1188,1189,0,6.42,0.5092857142857143,6.06,LOSS,stop_hit,1.0,-0.7068723702664802
bf,breakout,CIFR,2025-07-18,1190,1191,0,6.25,0.5299285714285714,6.22,LOSS,stop_hit,1.0,-0.05661140315406436
bf,breakout,CIFR,2025-09-08,1225,1226,0,9.22,0.8051357142857144,7.9,WIN,earnings_flat_favorable,38.0,11.7123111454147
bf,breakout,MGA,2025-07-17,1391,1392,0,40.2367,1.0343806658206256,40.139509903381644,LOSS,stop_hit,8.0,-0.09395969958627338
bf,breakout,BE,2025-07-18,1392,1393,0,25.36,1.463785714285715,25.2,LOSS,stop_hit,1.0,-0.10930561655199342
bf,breakout,BE,2025-07-22,1394,1395,1,26.89,1.4155714285714291,25.74,WIN,earnings_flat_favorable,5.0,7.579977797961444
bf,breakout,SLI,2025-07-23,1395,1396,0,2.67,0.20342857142857146,2.62,LOSS,stop_hit,1.0,-0.24578651685393169
bf,breakout,FEIM,2025-08-04,1401,1402,0,27.4,1.9253000000000007,25.88,LOSS,stop_hit,11.0,-0.7894873526203704
bf,breakout,METCB,2025-08-07,536,537,0,13.008399963378906,1.118543267250061,12.970803260803223,WIN,exit_fired,2.0,0.8907118506928632
bf,breakout,CYD,2025-08-21,1416,1417,0,31.27,1.718171428571429,30.35,LOSS,stop_hit,1.0,-0.5354529732606081
bf,breakout,CYD,2026-02-02,1528,1529,0,48.36,2.1984428571428567,46.47,BE,ratchet_hit,14.0,0.0
bf,breakout,GDXU,2025-08-20,1181,1182,1,98.31,5.826785714285713,92.41,WIN,exit_fired,37.0,20.73012565124119
bf,breakout,NUGT,2025-08-20,1415,1416,0,94.1201,3.818644530624464,90.46098170550846,WIN,exit_fired,37.0,17.561362274543416
bf,breakout,IDR,2025-08-22,1413,1414,0,25.68,2.0436142857142863,24.99,WIN,exit_fired,39.0,7.100165672862502
bf,breakout,IDR,2025-09-11,1426,1427,0,30.31,1.7878714285714292,29.0372,LOSS,stop_hit,1.0,-0.7119080151177376
bf,breakout,TILE,2025-08-25,1418,1419,0,26.8485,0.8192463771846769,26.150359212481426,LOSS,stop_hit,4.0,-0.8521743970571118
bf,breakout,RKT,2025-08-26,1269,1270,0,18.08,0.8235714285714282,18.06,LOSS,stop_hit,1.0,-0.02428447528187287
bf,breakout,WULF,2025-09-08,1403,1404,1,10.3,0.6632642857142856,9.13,WIN,exit_fired,25.0,7.779704276468118
bf,breakout,EOSE,2025-09-09,1321,1322,0,6.87,0.5164285714285716,6.8,LOSS,stop_hit,1.0,-0.13554633471645972
bf,breakout,EOSE,2025-09-11,1323,1324,1,8.2,0.5892142857142859,7.171,WIN,exit_fired,22.0,14.901200145472176
bf,breakout,EOSE,2025-09-17,1327,1328,1,9.0,0.6292142857142858,8.44,WIN,exit_fired,18.0,12.68248382336247
bf,breakout,KTOS,2025-09-10,1429,1430,1,67.67,2.8142857142857136,65.6,WIN,exit_fired,18.0,12.798984771573606
bf,breakout,NBIS,2025-09-17,769,770,0,94.12,5.179464285714287,92.03,WIN,exit_fired,18.0,6.570177555593862
bf,breakout,TVTX,2025-09-23,1438,1439,0,24.41,1.4082714285714282,23.97,LOSS,stop_hit,3.0,-0.3124397691191846
bf,breakout,APLD,2025-09-30,1271,1272,1,25.0,1.754928469657898,22.299999237060547,WIN,earnings_flat_favorable,5.0,1.6752822607241278
bf,breakout,UAMY,2025-09-30,1442,1443,1,7.55,0.712142857142857,6.67,WIN,exit_fired,13.0,8.2567703109328
bf,breakout,RGTIW,2025-10-01,900,901,0,23.95,3.1889285714285713,19.1116,WIN,exit_fired,8.0,6.510023518871095
bf,breakout,SES,2025-10-01,1153,1154,0,1.75,0.17857142857142858,1.69,WIN,exit_fired,8.0,7.951999999999999
bf,breakout,KYTX,2025-10-14,421,422,0,7.26,0.6201428571428573,6.82,LOSS,stop_hit,2.0,-0.709513936880902
bf,breakout,BIOA,2025-11-04,277,278,0,,,,,no_race_window,,
bf,breakout,BIOA,2025-11-14,285,286,1,8.31,0.4373714285714287,7.84,WIN,exit_fired,38.0,28.305461196759858
bf,breakout,AGX,2025-11-24,1482,1483,0,372.8204,26.32897608999632,359.54711886201073,WIN,exit_fired,1.0,0.27804727289723524
bf,breakout,BTE,2025-11-24,1482,1483,0,3.1365,0.15336352002475623,3.0573454258675077,LOSS,stop_hit,9.0,-0.5161238743067118
bf,breakout,BTE,2025-12-01,1486,1487,0,3.1365,0.14276200701931066,3.0870283911671925,LOSS,stop_hit,5.0,-0.3465320351381412
bf,breakout,B,2025-11-25,1483,1484,0,40.4646,1.6588714369078983,38.8945972181552,WIN,exit_fired,40.0,6.7938959881107
bf,breakout,HYMC,2025-11-26,1484,1485,0,11.7,0.8056428571428574,10.66,WIN,exit_fired,17.0,19.16481957620356
bf,breakout,HYMC,2025-12-04,1489,1490,0,11.45,0.8853571428571432,11.41,LOSS,stop_hit,1.0,-0.04517950786607405
bf,breakout,HYMC,2025-12-10,1493,1494,1,12.36,0.8824285714285718,11.45,WIN,exit_fired,8.0,16.749231018293663
bf,breakout,AA,2025-12-10,1493,1494,1,47.1628,1.662662667515279,44.42727773073666,WIN,earnings_flat_favorable,26.0,9.98566956748455
bf,breakout,AXGN,2025-12-15,1496,1497,0,29.35,1.4878571428571434,28.98,WIN,earnings_flat_favorable,45.0,4.052808449351896
bf,breakout,AXGN,2025-12-17,1498,1499,0,31.7,1.6928571428571442,31.0,LOSS,stop_hit,9.0,-0.41350210970464063
bf,breakout,ANNX,2025-12-17,1357,1358,0,4.82,0.28071428571428575,4.805,LOSS,stop_hit,9.0,-0.05343511450381881
bf,breakout,COHR,2025-12-19,1500,1501,0,190.98,12.02642857142857,189.5,LOSS,stop_hit,1.0,-0.12306230326067506
bf,breakout,EFXT,2025-12-23,1502,1503,0,15.1686,0.5021502697226436,14.9788676761027,LOSS,stop_hit,7.0,-0.3778397331183267
bf,breakout,EFXT,2026-02-17,1538,1539,0,19.3927,0.9101464531856023,19.093121730175078,LOSS,stop_hit,3.0,-0.32915391668711136
bf,breakout,EFXT,2026-02-20,1541,1542,0,19.2828,0.8801886712156701,18.993208493008805,WIN,earnings_flat_favorable,1.0,0.7260943260236558
bf,breakout,EGO,2026-01-05,1509,1510,0,37.7377,1.1074585261453298,36.75931518518519,LOSS,stop_hit,1.0,-0.8834505236238688
bf,breakout,NGD,2026-01-05,1509,1510,0,9.52,0.47214285714285703,9.08,LOSS,stop_hit,1.0,-0.9319213313161867
bf,breakout,SLVP,2026-01-05,1509,1510,0,37.24,1.2061428571428583,35.55,LOSS,stop_hit,1.0,-1.4011607248608342
bf,breakout,TATT,2026-01-14,1511,1512,0,51.56,2.0664285714285726,51.41,LOSS,stop_hit,1.0,-0.0725890079502274
bf,breakout,TATT,2026-01-20,1514,1515,0,53.12,2.147142857142858,51.54,LOSS,stop_hit,5.0,-0.735861610113106
bf,breakout,HAL,2026-01-15,1516,1517,0,32.413,0.994105507026221,32.17913279091188,LOSS,stop_hit,1.0,-0.23525391161719914
bf,breakout,OIS,2026-01-27,1524,1525,0,8.39,0.28357142857142836,8.24,LOSS,stop_hit,3.0,-0.5289672544080621
bf,breakout,CC,2026-02-05,1531,1532,0,18.2269,0.9336599915424507,17.013099890829697,WIN,exit_fired,7.0,3.015658832449803
bf,breakout,GORO,2026-02-06,1532,1533,0,1.68,0.22999999999999998,1.52,LOSS,stop_hit,10.0,-0.6956521739130432
bf,breakout,GORO,2026-02-17,1538,1539,0,1.67,0.1335714285714285,1.59,LOSS,stop_hit,3.0,-0.5989304812834216
bf,breakout,IBRX,2026-02-12,1536,1537,0,5.945,0.6918571428571427,5.94,LOSS,stop_hit,1.0,-0.007226925459425823
bf,breakout,SDRL,2026-02-17,854,855,0,43.8,1.9548214285714285,43.11,WIN,earnings_flat_favorable,4.0,0.7110623915227919
bf,breakout,NGL,2026-02-18,1539,1540,0,11.9,0.752142857142857,11.9,LOSS,stop_hit,1.0,0.0
bf,breakout,WLK,2026-02-18,1539,1540,0,94.5882,4.759475211961584,92.63792783505154,LOSS,stop_hit,1.0,-0.40976621961324755
bf,breakout,ALM,2026-02-19,1540,1541,0,14.74,1.2235714285714288,14.3,WIN,exit_fired,17.0,2.795096322241681
bf,breakout,TRX,2026-02-24,1542,1543,0,1.82,0.15459285714285717,1.8,LOSS,stop_hit,1.0,-0.1293720833525852
bf,breakout,GPRE,2026-02-25,1544,1545,0,14.2,0.7876785714285716,13.7575,LOSS,stop_hit,1.0,-0.5617773747449545
bf,breakout,OXY,2026-02-27,1546,1547,0,53.9538,1.6265555849268314,53.068006198118425,LOSS,stop_hit,1.0,-0.5445825584383102
bf,breakout,OXY,2026-03-03,1548,1549,0,53.3567,1.7808231061681359,52.1225588323074,LOSS,stop_hit,4.0,-0.6930172701701668
bf,breakout,GTE,2026-03-13,1556,1557,0,8.43,0.5932000000000001,8.0,LOSS,stop_hit,2.0,-0.7248819959541465
bf,breakout,VLO,2026-03-13,1556,1557,0,232.57,8.595,230.0,BE,ratchet_hit,16.0,0.0
bf,breakout,REPX,2026-03-16,1557,1558,0,33.79,1.391307142857143,33.555,LOSS,stop_hit,1.0,-0.16890591068008973
bf,breakout,DOW,2026-03-24,1563,1564,0,39.62,1.568285714285715,38.0,LOSS,stop_hit,9.0,-1.032975040991071
