class,setup,feature,n_w,n_l,w_p50,l_p50,w_p50_quantile_in_loser,auc
breakout,ALL,m_di_spread_7,131,1569,64.6875,35.625,0.9139579349904398,0.8443239482531296
breakout,base,m_di_spread_7,47,599,56.65625,28.359375,0.9398998330550918,0.8715234610876283
breakout,bf,m_di_spread_7,55,474,73.5625,47.75,0.9135021097046413,0.8475067126965861
breakout,htf,m_di_spread_7,29,496,63.59375,34.375,0.9213709677419355,0.8395091768631813
breakout,ALL,m_ext_avgc8_pct,131,1545,38.59375,18.9375,0.8815533980582524,0.8228958225252601
breakout,base,m_ext_avgc8_pct,47,599,35.03125,14.2734375,0.9599332220367279,0.869925052392285
breakout,bf,m_ext_avgc8_pct,55,464,48.46875,28.4453125,0.9181034482758621,0.7957288401253918
breakout,htf,m_ext_avgc8_pct,29,482,39.375,17.09375,0.8941908713692946,0.8166046644727429
breakout,ALL,m_ns_c_minl2_pct,133,1588,52.65625,26.09375,0.8998740554156172,0.8187084524914301
breakout,base,m_ns_c_minl2_pct,47,599,39.65625,17.890625,0.9348914858096828,0.883298405143324
breakout,bf,m_ns_c_minl2_pct,56,474,62.90625,37.0625,0.9113924050632911,0.7895569620253164
breakout,htf,m_ns_c_minl2_pct,30,515,55.75,25.78125,0.9145631067961165,0.8212297734627831
breakout,ALL,m_ext_avgc10_pct,128,1459,42.5625,22.453125,0.8779986291980809,0.8158814898903358
breakout,base,m_ext_avgc10_pct,45,554,36.5625,17.7890625,0.9259927797833934,0.8563377456879262
breakout,bf,m_ext_avgc10_pct,55,446,50.71875,32.5625,0.8834080717488789,0.7844068487566246
breakout,htf,m_ext_avgc10_pct,28,459,44.515625,19.765625,0.906318082788671,0.8264861500155618
breakout,ALL,m_ext_avgc5_pct,133,1587,30.6875,12.2890625,0.9124133585381222,0.8171468368463692
breakout,base,m_ext_avgc5_pct,47,599,24.0625,8.3125,0.9532554257095158,0.8932085390544524
breakout,bf,m_ext_avgc5_pct,56,474,37.234375,19.796875,0.8924050632911392,0.78833257986739
breakout,htf,m_ext_avgc5_pct,30,514,27.171875,12.88671875,0.8599221789883269,0.7628728923476005
breakout,ALL,m_ext_avgc13_pct,122,1331,46.5625,25.6875,0.873779113448535,0.8117063467625723
breakout,base,m_ext_avgc13_pct,43,527,39.15625,20.921875,0.8975332068311196,0.8449759498698204
breakout,bf,m_ext_avgc13_pct,53,396,55.65625,36.671875,0.8914141414141414,0.776705736611397
breakout,htf,m_ext_avgc13_pct,26,408,48.265625,20.96875,0.9215686274509803,0.8229166666666666
breakout,ALL,m_ns_c_minl3_pct,133,1588,56.1875,31.0625,0.8803526448362721,0.8065164485521108
breakout,base,m_ns_c_minl3_pct,47,599,45.5,22.9375,0.9398998330550918,0.8737967534543388
breakout,bf,m_ns_c_minl3_pct,56,474,67.15625,44.0625,0.8755274261603375,0.7819092827004219
breakout,htf,m_ns_c_minl3_pct,30,515,58.375,30.984375,0.887378640776699,0.7826860841423948
breakout,ALL,m_ext_slope_xavgc13_off3,106,1167,1.95947265625,0.67529296875,0.9023136246786633,0.8190813406412184
breakout,base,m_ext_slope_xavgc13_off3,43,492,1.5966796875,0.263916015625,0.9471544715447154,0.8712894687086405
breakout,bf,m_ext_slope_xavgc13_off3,44,314,2.0732421875,1.2119140625,0.8057324840764332,0.7526418645049219
breakout,htf,m_ext_slope_xavgc13_off3,19,361,2.046875,0.892578125,0.9113573407202216,0.8643388249015892
breakout,ALL,m_ext_xavgc8_pct,131,1545,31.46875,15.234375,0.8763754045307444,0.8084340028162751
breakout,base,m_ext_xavgc8_pct,47,599,29.015625,12.3828125,0.9465776293823038,0.8703157745178134
breakout,bf,m_ext_xavgc8_pct,55,464,37.78125,22.9765625,0.8793103448275862,0.7836990595611285
breakout,htf,m_ext_xavgc8_pct,29,482,26.234375,13.96875,0.8423236514522822,0.7859493489769638
breakout,ALL,m_ext_slope_xavgc21_off2,100,939,1.98388671875,0.6494140625,0.9148029818956337,0.8171725239616613
breakout,base,m_ext_slope_xavgc21_off2,39,367,1.6455078125,0.374755859375,0.9427792915531336,0.8797945923286523
breakout,bf,m_ext_slope_xavgc21_off2,42,255,2.0283203125,0.85400390625,0.8470588235294118,0.7451447245564893
breakout,htf,m_ext_slope_xavgc21_off2,19,317,2.1640625,0.8212890625,0.9242902208201893,0.8557197409928607
breakout,ALL,m_ext_slope_xavgc13_off2,110,1232,1.56982421875,0.4324951171875,0.900974025974026,0.8155512101534829
breakout,base,m_ext_slope_xavgc13_off2,43,508,1.37109375,0.1854248046875,0.9468503937007874,0.8801730452298114
breakout,bf,m_ext_slope_xavgc13_off2,45,346,1.7802734375,0.568359375,0.869942196531792,0.7624919717405266
breakout,htf,m_ext_slope_xavgc13_off2,22,378,1.853515625,0.6640625,0.9285714285714286,0.8172198172198172
breakout,ALL,m_ext_slope_xavgc21_off3,99,923,2.32421875,0.982421875,0.8959913326110509,0.8106306838701205
breakout,base,m_ext_slope_xavgc21_off3,38,365,1.98291015625,0.5029296875,0.9534246575342465,0.8729632299927902
breakout,bf,m_ext_slope_xavgc21_off3,42,246,2.4931640625,1.63525390625,0.7723577235772358,0.7151084010840109
breakout,htf,m_ext_slope_xavgc21_off3,19,312,2.423828125,1.0625,0.9102564102564102,0.8620951417004049
breakout,ALL,w_ext_slope_xavgc100_off2,96,904,1.986328125,0.84375,0.8772123893805309,0.8082365412979351
breakout,base,w_ext_slope_xavgc100_off2,36,357,1.5009765625,0.8203125,0.8739495798319328,0.7722533457827575
breakout,bf,w_ext_slope_xavgc100_off2,42,238,2.208984375,0.696533203125,0.9033613445378151,0.8911064425770309
breakout,htf,w_ext_slope_xavgc100_off2,18,309,2.2939453125,1.01171875,0.8737864077669902,0.7633045667026249
breakout,ALL,w_ext_slope_avgc50_off2,117,1293,2.099609375,0.7626953125,0.9095127610208816,0.8207342627296224
breakout,base,w_ext_slope_avgc50_off2,43,516,1.4912109375,0.744384765625,0.8701550387596899,0.7818190012619434
breakout,bf,w_ext_slope_avgc50_off2,49,378,2.265625,0.63427734375,0.9417989417989417,0.8882680056149443
breakout,htf,w_ext_slope_avgc50_off2,25,399,2.73828125,0.97607421875,0.9097744360902256,0.8124310776942356
breakout,ALL,m_ext_xavgc9_pct,129,1499,33.21875,16.4375,0.8692461641094062,0.8046294428844035
breakout,base,m_ext_xavgc9_pct,45,570,30.984375,13.796875,0.9403508771929825,0.862027290448343
breakout,bf,m_ext_xavgc9_pct,55,456,40.375,24.859375,0.881578947368421,0.7818979266347688
breakout,htf,m_ext_xavgc9_pct,29,473,27.75,14.828125,0.854122621564482,0.7968943646569949
breakout,ALL,m_ext_xavgc5_pct,133,1587,24.65625,10.2109375,0.9004410838059231,0.8067380170653476
breakout,base,m_ext_xavgc5_pct,47,599,20.40625,7.609375,0.9482470784641068,0.8812204738393777
breakout,bf,m_ext_xavgc5_pct,56,474,28.65625,15.765625,0.8860759493670886,0.7791591320072333
breakout,htf,m_ext_xavgc5_pct,30,514,20.15625,9.77734375,0.8482490272373541,0.7430933852140078
breakout,ALL,m_ext_xavgc10_pct,128,1459,35.578125,17.9375,0.8786840301576422,0.8046152116175462
breakout,base,m_ext_xavgc10_pct,45,554,32.78125,14.9296875,0.9368231046931408,0.8575411151223425
breakout,bf,m_ext_xavgc10_pct,55,446,42.375,26.671875,0.8968609865470852,0.7820627802690583
breakout,htf,m_ext_xavgc10_pct,28,459,27.8203125,15.8671875,0.8366013071895425,0.8063725490196079
breakout,ALL,m_ns_c_minl2_atr14,116,1277,2.923828125,1.5908203125,0.884886452623336,0.8052412712985716
breakout,base,m_ns_c_minl2_atr14,43,513,2.642578125,1.220703125,0.9200779727095516,0.8665624008341266
breakout,bf,m_ns_c_minl2_atr14,48,366,3.2841796875,2.06640625,0.8360655737704918,0.7434540072859745
breakout,htf,m_ns_c_minl2_atr14,25,398,2.75390625,1.59326171875,0.8743718592964824,0.8005527638190955
breakout,ALL,m_ns_c_minl2_adr14,116,1277,2.955078125,1.6083984375,0.8880187940485513,0.8047079631679853
breakout,base,m_ns_c_minl2_adr14,43,513,2.68359375,1.2333984375,0.9298245614035088,0.8667210662314702
breakout,bf,m_ns_c_minl2_adr14,48,366,3.28515625,2.103515625,0.8278688524590164,0.7405225409836066
breakout,htf,m_ns_c_minl2_adr14,25,398,2.75390625,1.599609375,0.8693467336683417,0.8009045226130653
breakout,ALL,m_ext_slope_xavgc8_off3,116,1277,1.4267578125,0.455810546875,0.8707909162098669,0.7969817460103151
breakout,base,m_ext_slope_xavgc8_off3,43,513,1.40234375,0.134765625,0.9629629629629629,0.8689877147649485
breakout,bf,m_ext_slope_xavgc8_off3,48,366,1.58642578125,0.83154296875,0.8169398907103825,0.7437101548269581
breakout,htf,m_ext_slope_xavgc8_off3,25,398,1.2138671875,0.6552734375,0.7814070351758794,0.7693969849246232
breakout,ALL,w_ext_slope_xavgc50_off2,117,1293,1.81640625,0.7119140625,0.8816705336426914,0.8111064839603123
breakout,base,w_ext_slope_xavgc50_off2,43,516,1.431640625,0.71875,0.8624031007751938,0.7662249864791779
breakout,bf,w_ext_slope_xavgc50_off2,49,378,1.8349609375,0.55126953125,0.8941798941798942,0.8765252132599072
breakout,htf,w_ext_slope_xavgc50_off2,25,399,2.56640625,0.91943359375,0.9072681704260651,0.8117293233082706
breakout,ALL,m_cci_10,128,1459,188.4375,135.0,0.8615490061686086,0.7932927090472927
breakout,base,m_cci_10,45,554,167.875,113.625,0.8935018050541517,0.8662855996791015
breakout,bf,m_cci_10,55,446,198.875,152.375,0.8609865470852018,0.7618426416632694
breakout,htf,m_cci_10,28,459,197.125,144.0,0.8366013071895425,0.7631107998755058
breakout,ALL,m_ext_avgc5_atr14,116,1277,1.759765625,0.74462890625,0.8927173061863743,0.7973260335376556
breakout,base,m_ext_avgc5_atr14,43,513,1.654296875,0.5380859375,0.9454191033138402,0.8708010335917312
breakout,bf,m_ext_avgc5_atr14,48,366,2.05908203125,1.05322265625,0.8497267759562842,0.7426855646630237
breakout,htf,m_ext_avgc5_atr14,25,398,1.4287109375,0.726318359375,0.8266331658291457,0.7435175879396985
breakout,ALL,m_ext_avgc5_adr14,116,1277,1.77392578125,0.751953125,0.8950665622552858,0.7968231037183053
breakout,base,m_ext_avgc5_adr14,43,513,1.65625,0.541015625,0.9454191033138402,0.8711863638424225
breakout,bf,m_ext_avgc5_adr14,48,366,2.05908203125,1.06640625,0.8497267759562842,0.7399817850637522
breakout,htf,m_ext_avgc5_adr14,25,398,1.4296875,0.7275390625,0.8266331658291457,0.7443718592964824
breakout,ALL,m_di_spread_14,116,1277,49.546875,26.234375,0.8880187940485513,0.8032126751815948
breakout,base,m_di_spread_14,43,513,37.78125,23.75,0.8167641325536062,0.8206401015458543
breakout,bf,m_di_spread_14,48,366,54.671875,36.0,0.8360655737704918,0.7559767759562842
breakout,htf,m_di_spread_14,25,398,55.28125,22.9921875,0.9447236180904522,0.8375879396984924
breakout,ALL,m_di_spread_20,102,1003,44.453125,21.703125,0.8763708873379861,0.8022745489023126
breakout,base,m_di_spread_20,41,405,37.1875,20.53125,0.8518518518518519,0.8080999698885878
breakout,bf,m_di_spread_20,42,267,49.25,34.0,0.7790262172284644,0.7302924915284466
breakout,htf,m_di_spread_20,19,331,45.28125,17.625,0.9486404833836858,0.8340753696931149
breakout,ALL,m_ext_slope_xavgc8_off2,116,1277,1.2138671875,0.270263671875,0.8833202819107283,0.7981124942618746
breakout,base,m_ext_slope_xavgc8_off2,43,513,1.1611328125,0.09625244140625,0.9512670565302144,0.8764449884400924
breakout,bf,m_ext_slope_xavgc8_off2,48,366,1.37060546875,0.326171875,0.8415300546448088,0.7570298269581056
breakout,htf,m_ext_slope_xavgc8_off2,25,398,1.3818359375,0.486083984375,0.8793969849246231,0.7511557788944724
breakout,ALL,m_bb_pctb_30,94,813,1.234375,0.953125,0.8733087330873309,0.8120959933003585
breakout,base,m_bb_pctb_30,36,325,1.228515625,0.96044921875,0.9446153846153846,0.8546581196581197
breakout,bf,m_bb_pctb_30,40,223,1.32958984375,1.0556640625,0.8295964125560538,0.7180493273542601
breakout,htf,m_bb_pctb_30,18,265,1.2060546875,0.79736328125,0.8981132075471698,0.8682389937106918
breakout,ALL,m_ext_xavgc12_pct,126,1383,37.578125,19.84375,0.8705712219812003,0.8038052772326091
breakout,base,m_ext_xavgc12_pct,44,532,34.90625,16.65625,0.9360902255639098,0.8556476418318524
breakout,bf,m_ext_xavgc12_pct,54,420,44.109375,28.5859375,0.8690476190476191,0.7782848324514992
breakout,htf,m_ext_xavgc12_pct,28,431,34.734375,16.953125,0.8816705336426914,0.7997596950613192
breakout,ALL,m_ns_c_minl5_pct,132,1583,63.75,41.28125,0.8610233733417562,0.7781781810524704
breakout,base,m_ns_c_minl5_pct,47,599,56.46875,31.46875,0.9232053422370617,0.8137676268958903
breakout,bf,m_ns_c_minl5_pct,56,474,71.1875,54.421875,0.8417721518987342,0.7522227245328511
breakout,htf,m_ns_c_minl5_pct,29,510,63.125,38.84375,0.8705882352941177,0.7724814063556457
fade,ALL,w_es_ext50_pullback_50,91,1253,3.78515625,1.8876953125,0.8659217877094972,0.7456872736202345
fade,dtss,w_es_ext50_pullback_50,91,1253,3.78515625,1.8876953125,0.8659217877094972,0.7456872736202345
fade,ALL,w_es_ext50_pullback_65,91,1253,3.884765625,1.9951171875,0.8403830806065443,0.7376362663673118
fade,dtss,w_es_ext50_pullback_65,91,1253,3.884765625,1.9951171875,0.8403830806065443,0.7376362663673118
fade,ALL,w_es_ext50_pullback_20,91,1253,2.359375,1.3056640625,0.810853950518755,0.7504450856406164
fade,dtss,w_es_ext50_pullback_20,91,1253,2.359375,1.3056640625,0.810853950518755,0.7504450856406164
fade,ALL,w_es_ext50_pullback_30,91,1253,2.486328125,1.5400390625,0.7948922585794094,0.7388684739043877
fade,dtss,w_es_ext50_pullback_30,91,1253,2.486328125,1.5400390625,0.7948922585794094,0.7388684739043877
fade,ALL,m_st_c_upper_half_50,49,499,2.0,1.0,0.9198396793587175,0.719929655228825
fade,dtss,m_st_c_upper_half_50,49,499,2.0,1.0,0.9198396793587175,0.719929655228825
fade,ALL,m_stoch_7,92,1277,61.6875,72.1875,0.21848081440877057,0.26793010112015253
fade,dtss,m_stoch_7,92,1277,61.6875,72.1875,0.21848081440877057,0.26793010112015253
fade,ALL,w_ns_c_minl120_pct,77,799,72.3125,53.46875,0.804755944931164,0.7211205565398306
fade,dtss,w_ns_c_minl120_pct,77,799,72.3125,53.46875,0.804755944931164,0.7211205565398306
fade,ALL,w_ns_c_minl126_pct,75,779,75.0,54.28125,0.8241335044929397,0.72132648694908
fade,dtss,w_ns_c_minl126_pct,75,779,75.0,54.28125,0.8241335044929397,0.72132648694908
fade,ALL,w_ns_l_minl120_pct,77,799,69.375,50.8125,0.8160200250312891,0.7205029013539652
fade,dtss,w_ns_l_minl120_pct,77,799,69.375,50.8125,0.8160200250312891,0.7205029013539652
fade,ALL,w_es_ext50_peak_50,91,1253,0.32421875,0.52880859375,0.2011173184357542,0.2702305675170799
fade,dtss,w_es_ext50_peak_50,91,1253,0.32421875,0.52880859375,0.2011173184357542,0.2702305675170799
fade,ALL,m_ns_c_minl30_pct,75,774,72.75,51.40625,0.8359173126614987,0.7197416020671835
fade,dtss,m_ns_c_minl30_pct,75,774,72.75,51.40625,0.8359173126614987,0.7197416020671835
fade,ALL,w_es_ext50_peak_20,91,1253,0.404541015625,0.62939453125,0.2011173184357542,0.2614735623514554
fade,dtss,w_es_ext50_peak_20,91,1253,0.404541015625,0.62939453125,0.2011173184357542,0.2614735623514554
fade,ALL,w_ns_l_minl126_pct,75,779,71.0625,51.46875,0.8254172015404364,0.7181172443303381
fade,dtss,w_ns_l_minl126_pct,75,779,71.0625,51.46875,0.8254172015404364,0.7181172443303381
fade,ALL,w_es_ext50_pullback_120,91,1253,4.26171875,2.3828125,0.8332003192338387,0.7239635862939933
fade,dtss,w_es_ext50_pullback_120,91,1253,4.26171875,2.3828125,0.8332003192338387,0.7239635862939933
fade,ALL,m_stoch_5,92,1277,54.671875,66.8125,0.2169146436961629,0.2785528242143611
fade,dtss,m_stoch_5,92,1277,54.671875,66.8125,0.2169146436961629,0.2785528242143611
fade,ALL,w_nr_ratio_maxh15,92,1277,0.869384765625,0.94140625,0.1644479248238058,0.271666780157298
fade,dtss,w_nr_ratio_maxh15,92,1277,0.869384765625,0.94140625,0.1644479248238058,0.271666780157298
fade,ALL,w_es_ext50_pullback_15,91,1253,2.166015625,1.162109375,0.8212290502793296,0.7314576883611201
fade,dtss,w_es_ext50_pullback_15,91,1253,2.166015625,1.162109375,0.8212290502793296,0.7314576883611201
fade,ALL,m_ns_c_minl55_pct,38,385,86.28125,67.4375,0.8857142857142857,0.7373205741626794
fade,dtss,m_ns_c_minl55_pct,38,385,86.28125,67.4375,0.8857142857142857,0.7373205741626794
fade,ALL,w_nr_ratio_maxh7,92,1277,0.87548828125,0.9462890625,0.15426781519185592,0.2794550747335807
fade,dtss,w_nr_ratio_maxh7,92,1277,0.87548828125,0.9462890625,0.15426781519185592,0.2794550747335807
fade,ALL,m_stoch_9,92,1277,63.71875,75.5,0.19107282693813626,0.2779569983997821
fade,dtss,m_stoch_9,92,1277,63.71875,75.5,0.19107282693813626,0.2779569983997821
fade,ALL,w_es_ext50_peak_30,91,1253,0.373291015625,0.5859375,0.18994413407821228,0.27166887382370225
fade,dtss,w_es_ext50_peak_30,91,1253,0.373291015625,0.5859375,0.18994413407821228,0.27166887382370225
fade,ALL,w_nr_ratio_maxh10,92,1277,0.87548828125,0.94384765625,0.16836335160532498,0.2872901841952947
fade,dtss,w_nr_ratio_maxh10,92,1277,0.87548828125,0.94384765625,0.16836335160532498,0.2872901841952947
fade,ALL,m_ns_l_minl55_pct,38,385,78.59375,58.8125,0.8987012987012987,0.7282296650717703
fade,dtss,m_ns_l_minl55_pct,38,385,78.59375,58.8125,0.8987012987012987,0.7282296650717703
fade,ALL,w_nr_ratio_maxh5,92,1277,0.8828125,0.94775390625,0.16288175411119812,0.29408259848149537
fade,dtss,w_nr_ratio_maxh5,92,1277,0.8828125,0.94775390625,0.16288175411119812,0.29408259848149537
fade,ALL,w_nr_ratio_maxh40,92,1277,0.861572265625,0.93896484375,0.16366483946750196,0.27458632664873517
fade,dtss,w_nr_ratio_maxh40,92,1277,0.861572265625,0.93896484375,0.16366483946750196,0.27458632664873517
fade,ALL,m_stoch_3,92,1277,45.71875,58.46875,0.2255285826155051,0.2948529161417725
fade,dtss,m_stoch_3,92,1277,45.71875,58.46875,0.2255285826155051,0.2948529161417725
fade,ALL,m_stoch_10,92,1277,65.53125,76.5,0.20360219263899765,0.28852439481120834
fade,dtss,m_stoch_10,92,1277,65.53125,76.5,0.20360219263899765,0.28852439481120834
fade,ALL,w_nr_ratio_maxh2,92,1277,0.8828125,0.9521484375,0.15113547376664058,0.29898964965442104
fade,dtss,w_nr_ratio_maxh2,92,1277,0.8828125,0.9521484375,0.15113547376664058,0.29898964965442104
fade,ALL,w_nr_ratio_maxh35,92,1277,0.865234375,0.93896484375,0.16836335160532498,0.2751183139831807
fade,dtss,w_nr_ratio_maxh35,92,1277,0.865234375,0.93896484375,0.16836335160532498,0.2751183139831807
fade,ALL,w_nr_ratio_maxh25,92,1277,0.865234375,0.93994140625,0.15896632732967894,0.2729095025705628
fade,dtss,w_nr_ratio_maxh25,92,1277,0.865234375,0.93994140625,0.15896632732967894,0.2729095025705628
