setup,class,type,features,direction,threshold,ori,auc,kept_winner_frac,kept_loser_frac,lift
htf,breakout,single,m_bb_pctb_30,>=,1.0595703125,1.0,0.8682389937106918,0.9444444444444444,0.2339622641509434,0.7104821802935011
htf,breakout,single,m_ext_slope_xavgc13_off3,>=,1.3253905773162842,1.0,0.8643388249015892,0.8947368421052632,0.2770083102493075,0.6177285318559557
htf,breakout,single,w_ext_slope_avgc50_off2,>=,0.9417968988418579,1.0,0.8124310776942356,0.88,0.5288220551378446,0.35117794486215537
htf,breakout,pair,m_bb_pctb_30&m_ext_slope_xavgc13_off3,AND,"m_bb_pctb_30>=1.0596, m_ext_slope_xavgc13_off3>=1.3187",,,0.8333333333333334,0.15471698113207547,0.6786163522012579
htf,breakout,pair,m_bb_pctb_30&w_ext_slope_avgc50_off2,AND,"m_bb_pctb_30>=1.0596, w_ext_slope_avgc50_off2>=0.5207",,,0.8333333333333334,0.1811320754716981,0.6522012578616353
htf,breakout,pair,m_ext_slope_xavgc13_off3&w_ext_slope_avgc50_off2,AND,"m_ext_slope_xavgc13_off3>=1.3254, w_ext_slope_avgc50_off2>=0.5731",,,0.8421052631578947,0.23268698060941828,0.6094182825484764
bf,breakout,single,w_ext_slope_xavgc100_off2,>=,1.2780272960662842,1.0,0.8911064425770309,0.8809523809523809,0.25630252100840334,0.6246498599439776
bf,breakout,single,m_di_spread_7,>=,54.368751525878906,1.0,0.8475067126965861,0.8909090909090909,0.3227848101265823,0.5681242807825087
bf,breakout,single,m_ns_c_minl2_pct,>=,34.953125,1.0,0.7895569620253164,0.8928571428571429,0.5443037974683544,0.34855334538878846
bf,breakout,single,m_ext_slope_xavgc21_off2,>=,0.3914550840854645,1.0,0.7451447245564893,0.8809523809523809,0.7294117647058823,0.15154061624649862
bf,breakout,single,m_di_spread_20,>=,33.1875,1.0,0.7302924915284466,0.9047619047619048,0.5205992509363296,0.38416265382557513
bf,breakout,single,m_bb_pctb_30,>=,0.818359375,1.0,0.7180493273542601,0.9,0.7713004484304933,0.12869955156950674
bf,breakout,pair,w_ext_slope_xavgc100_off2&m_di_spread_7,AND,"w_ext_slope_xavgc100_off2>=1.2780, m_di_spread_7>=54.3500",,,0.7857142857142857,0.1638655462184874,0.6218487394957983
bf,breakout,pair,w_ext_slope_xavgc100_off2&m_di_spread_20,AND,"w_ext_slope_xavgc100_off2>=1.2780, m_di_spread_20>=33.1875",,,0.7857142857142857,0.1722689075630252,0.6134453781512605
bf,breakout,pair,w_ext_slope_xavgc100_off2&m_bb_pctb_30,AND,"w_ext_slope_xavgc100_off2>=1.2676, m_bb_pctb_30>=0.8184",,,0.825,0.21524663677130046,0.6097533632286996
bf,breakout,pair,w_ext_slope_xavgc100_off2&m_ns_c_minl2_pct,AND,"w_ext_slope_xavgc100_off2>=1.2780, m_ns_c_minl2_pct>=35.2094",,,0.8095238095238095,0.21428571428571427,0.5952380952380952
bf,breakout,pair,w_ext_slope_xavgc100_off2&m_ext_slope_xavgc21_off2,AND,"w_ext_slope_xavgc100_off2>=1.2780, m_ext_slope_xavgc21_off2>=0.3915",,,0.7857142857142857,0.226890756302521,0.5588235294117647
bf,breakout,pair,m_di_spread_7&m_ns_c_minl2_pct,AND,"m_di_spread_7>=54.3688, m_ns_c_minl2_pct>=35.1250",,,0.8181818181818182,0.2805907172995781,0.5375911008822402
bf,breakout,pair,m_di_spread_7&m_di_spread_20,AND,"m_di_spread_7>=54.3500, m_di_spread_20>=33.1875",,,0.8095238095238095,0.3295880149812734,0.47993579454253615
bf,breakout,pair,m_di_spread_7&m_bb_pctb_30,AND,"m_di_spread_7>=54.2094, m_bb_pctb_30>=0.8184",,,0.8,0.32286995515695066,0.4771300448430494
bf,breakout,pair,m_ns_c_minl2_pct&m_di_spread_20,AND,"m_ns_c_minl2_pct>=35.2094, m_di_spread_20>=33.1875",,,0.8571428571428571,0.3970037453183521,0.460139111824505
bf,breakout,pair,m_ext_slope_xavgc21_off2&m_di_spread_20,AND,"m_ext_slope_xavgc21_off2>=0.3915, m_di_spread_20>=33.1875",,,0.8571428571428571,0.41568627450980394,0.44145658263305315
bf,breakout,pair,m_di_spread_7&m_ext_slope_xavgc21_off2,AND,"m_di_spread_7>=54.3500, m_ext_slope_xavgc21_off2>=0.3915",,,0.7619047619047619,0.34901960784313724,0.4128851540616246
bf,breakout,pair,m_ns_c_minl2_pct&m_bb_pctb_30,AND,"m_ns_c_minl2_pct>=35.1250, m_bb_pctb_30>=0.8184",,,0.9,0.5022421524663677,0.3977578475336323
bf,breakout,pair,m_di_spread_20&m_bb_pctb_30,AND,"m_di_spread_20>=32.3281, m_bb_pctb_30>=0.8184",,,0.875,0.49327354260089684,0.38172645739910316
bf,breakout,pair,m_ns_c_minl2_pct&m_ext_slope_xavgc21_off2,AND,"m_ns_c_minl2_pct>=35.2094, m_ext_slope_xavgc21_off2>=0.3915",,,0.8333333333333334,0.5333333333333333,0.30000000000000004
bf,breakout,pair,m_ext_slope_xavgc21_off2&m_bb_pctb_30,AND,"m_ext_slope_xavgc21_off2>=0.3574, m_bb_pctb_30>=0.8184",,,0.875,0.6053811659192825,0.2696188340807175
base,breakout,single,m_ext_avgc5_pct,>=,12.962499618530273,1.0,0.8932085390544524,0.8936170212765957,0.27879799666110183,0.6148190246154939
base,breakout,single,m_bb_pctb_30,>=,1.0517578125,1.0,0.8546581196581197,0.8888888888888888,0.31076923076923074,0.5781196581196582
base,breakout,single,m_di_spread_20,>=,26.546875,1.0,0.8080999698885878,0.9024390243902439,0.3333333333333333,0.5691056910569106
base,breakout,single,w_ext_slope_avgc50_off2,>=,0.6455078125,1.0,0.7818190012619434,0.9069767441860465,0.5562015503875969,0.35077519379844957
base,breakout,pair,m_ext_avgc5_pct&m_bb_pctb_30,AND,"m_ext_avgc5_pct>=16.1367, m_bb_pctb_30>=1.0518",,,0.8333333333333334,0.15076923076923077,0.6825641025641026
base,breakout,pair,m_bb_pctb_30&m_di_spread_20,AND,"m_bb_pctb_30>=1.0518, m_di_spread_20>=25.5156",,,0.8611111111111112,0.2246153846153846,0.6364957264957265
base,breakout,pair,m_ext_avgc5_pct&m_di_spread_20,AND,"m_ext_avgc5_pct>=13.0625, m_di_spread_20>=26.5469",,,0.8048780487804879,0.18765432098765433,0.6172237277928335
base,breakout,pair,m_ext_avgc5_pct&w_ext_slope_avgc50_off2,AND,"m_ext_avgc5_pct>=12.8625, w_ext_slope_avgc50_off2>=0.6455",,,0.813953488372093,0.1996124031007752,0.6143410852713178
base,breakout,pair,m_di_spread_20&w_ext_slope_avgc50_off2,AND,"m_di_spread_20>=26.5469, w_ext_slope_avgc50_off2>=0.6675",,,0.8048780487804879,0.19753086419753085,0.607347184582957
base,breakout,pair,m_bb_pctb_30&w_ext_slope_avgc50_off2,AND,"m_bb_pctb_30>=1.0518, w_ext_slope_avgc50_off2>=0.6565",,,0.7777777777777778,0.23384615384615384,0.543931623931624
dtss,fade,single,w_es_ext50_pullback_20,>=,1.130859375,1.0,0.7504450856406164,0.9010989010989011,0.5802075019952115,0.3208913991036896
dtss,fade,single,w_es_ext50_pullback_50,>=,1.130859375,1.0,0.7456872736202345,0.9120879120879121,0.7086991221069433,0.20338878998096876
dtss,fade,single,w_es_ext50_peak_20,<=,0.69189453125,-1.0,0.7385264376485445,0.9010989010989011,0.6073423782920989,0.2937565228068022
dtss,fade,single,m_ns_c_minl55_pct,>=,56.875,1.0,0.7373205741626794,0.8947368421052632,0.6831168831168831,0.21161995898838004
dtss,fade,single,m_stoch_7,<=,76.6937484741211,-1.0,0.7320698988798475,0.8913043478260869,0.6546593578700078,0.23664498995607908
dtss,fade,single,w_es_ext50_pullback_15,>=,0.6796875,1.0,0.7314576883611201,0.9120879120879121,0.7206703910614525,0.1914175210264596
dtss,fade,single,w_nr_ratio_maxh15,<=,0.9638671875,-1.0,0.7283332198427019,0.9021739130434783,0.711824588880188,0.1903493241632903
dtss,fade,single,m_st_c_upper_half_50,>=,1.0,1.0,0.719929655228825,0.9183673469387755,0.6833667334669339,0.23500061347184165
dtss,fade,pair,m_ns_c_minl55_pct&m_stoch_7,AND,"m_ns_c_minl55_pct>=56.8750, m_stoch_7<=73.9375",,,0.8421052631578947,0.38701298701298703,0.45509227614490766
dtss,fade,pair,w_es_ext50_pullback_20&m_stoch_7,AND,"w_es_ext50_pullback_20>=1.1309, m_stoch_7<=77.0000",,,0.8461538461538461,0.4397446129289705,0.40640923322487565
dtss,fade,pair,w_es_ext50_peak_20&m_stoch_7,AND,"w_es_ext50_peak_20<=0.6919, m_stoch_7<=77.0000",,,0.8461538461538461,0.46288906624102155,0.3832647799128246
dtss,fade,pair,m_stoch_7&m_st_c_upper_half_50,AND,"m_stoch_7<=73.7875, m_st_c_upper_half_50>=1.0000",,,0.8163265306122449,0.43687374749499,0.37945278311725494
dtss,fade,pair,w_nr_ratio_maxh15&m_st_c_upper_half_50,AND,"w_nr_ratio_maxh15<=0.9673, m_st_c_upper_half_50>=1.0000",,,0.8367346938775511,0.48096192384769537,0.3557727700298557
dtss,fade,pair,m_stoch_7&w_es_ext50_pullback_15,AND,"m_stoch_7<=77.0000, w_es_ext50_pullback_15>=0.6797",,,0.8681318681318682,0.5195530726256983,0.3485787955061699
dtss,fade,pair,w_es_ext50_pullback_20&w_nr_ratio_maxh15,AND,"w_es_ext50_pullback_20>=1.1309, w_nr_ratio_maxh15<=0.9639",,,0.8571428571428571,0.509976057462091,0.34716679968076614
dtss,fade,pair,w_es_ext50_pullback_20&w_es_ext50_peak_20,AND,"w_es_ext50_pullback_20>=1.1309, w_es_ext50_peak_20<=0.6919",,,0.8901098901098901,0.547486033519553,0.342623856590337
dtss,fade,pair,w_es_ext50_pullback_50&m_stoch_7,AND,"w_es_ext50_pullback_50>=1.1309, m_stoch_7<=77.0000",,,0.8571428571428571,0.5219473264166001,0.33519553072625696
dtss,fade,pair,m_ns_c_minl55_pct&m_st_c_upper_half_50,AND,"m_ns_c_minl55_pct>=56.8750, m_st_c_upper_half_50>=0.7000",,,0.7894736842105263,0.4623376623376623,0.327136021872864
dtss,fade,pair,w_es_ext50_peak_20&w_nr_ratio_maxh15,AND,"w_es_ext50_peak_20<=0.6919, w_nr_ratio_maxh15<=0.9639",,,0.8681318681318682,0.5426975259377494,0.3254343421941187
dtss,fade,pair,w_es_ext50_peak_20&m_st_c_upper_half_50,AND,"w_es_ext50_peak_20<=0.8105, m_st_c_upper_half_50>=1.0000",,,0.8571428571428571,0.5350701402805611,0.322072716862296
dtss,fade,pair,w_es_ext50_pullback_20&w_es_ext50_pullback_50,AND,"w_es_ext50_pullback_20>=1.1309, w_es_ext50_pullback_50>=1.1309",,,0.9010989010989011,0.5802075019952115,0.3208913991036896
dtss,fade,pair,w_es_ext50_pullback_20&m_st_c_upper_half_50,AND,"w_es_ext50_pullback_20>=0.6797, m_st_c_upper_half_50>=1.0000",,,0.8367346938775511,0.531062124248497,0.3056725696290541
dtss,fade,pair,w_es_ext50_pullback_20&w_es_ext50_pullback_15,AND,"w_es_ext50_pullback_20>=1.1309, w_es_ext50_pullback_15>=0.6797",,,0.8571428571428571,0.5514764565043895,0.3056664006384676
dtss,fade,pair,w_es_ext50_pullback_50&w_es_ext50_peak_20,AND,"w_es_ext50_pullback_50>=1.1309, w_es_ext50_peak_20<=0.6919",,,0.8901098901098901,0.5857940941739824,0.30431579593590763
dtss,fade,pair,w_es_ext50_pullback_50&m_st_c_upper_half_50,AND,"w_es_ext50_pullback_50>=0.9590, m_st_c_upper_half_50>=1.0000",,,0.8571428571428571,0.5551102204408818,0.30203263670197533
dtss,fade,pair,w_es_ext50_pullback_50&w_nr_ratio_maxh15,AND,"w_es_ext50_pullback_50>=1.1309, w_nr_ratio_maxh15<=0.9639",,,0.8681318681318682,0.573024740622506,0.2951071275093622
dtss,fade,pair,w_es_ext50_pullback_15&m_st_c_upper_half_50,AND,"w_es_ext50_pullback_15>=0.5236, m_st_c_upper_half_50>=1.0000",,,0.8163265306122449,0.5270541082164328,0.2892724223958121
dtss,fade,pair,m_ns_c_minl55_pct&w_nr_ratio_maxh15,AND,"m_ns_c_minl55_pct>=56.8750, w_nr_ratio_maxh15<=0.9649",,,0.7894736842105263,0.5064935064935064,0.2829801777170199
dtss,fade,pair,w_es_ext50_peak_20&w_es_ext50_pullback_15,AND,"w_es_ext50_peak_20<=0.6919, w_es_ext50_pullback_15>=0.6797",,,0.8571428571428571,0.5762170790103751,0.280925778132482
dtss,fade,pair,m_stoch_7&w_nr_ratio_maxh15,AND,"m_stoch_7<=76.6937, w_nr_ratio_maxh15<=0.9639",,,0.7934782608695652,0.5129209083790133,0.2805573524905519
dtss,fade,pair,w_es_ext50_peak_20&m_ns_c_minl55_pct,AND,"w_es_ext50_peak_20<=0.7346, m_ns_c_minl55_pct>=56.8750",,,0.7894736842105263,0.5142857142857142,0.2751879699248121
dtss,fade,pair,w_es_ext50_pullback_50&m_ns_c_minl55_pct,AND,"w_es_ext50_pullback_50>=1.3184, m_ns_c_minl55_pct>=56.8750",,,0.7894736842105263,0.5298701298701298,0.2596035543403965
dtss,fade,pair,m_ns_c_minl55_pct&w_es_ext50_pullback_15,AND,"m_ns_c_minl55_pct>=56.8750, w_es_ext50_pullback_15>=0.3855",,,0.8157894736842105,0.5688311688311688,0.2469583048530417
dtss,fade,pair,w_es_ext50_pullback_20&m_ns_c_minl55_pct,AND,"w_es_ext50_pullback_20>=0.8028, m_ns_c_minl55_pct>=56.8750",,,0.7894736842105263,0.5428571428571428,0.2466165413533835
dtss,fade,pair,w_es_ext50_pullback_15&w_nr_ratio_maxh15,AND,"w_es_ext50_pullback_15>=0.6797, w_nr_ratio_maxh15<=0.9639",,,0.8351648351648352,0.6025538707102953,0.23261096445453988
dtss,fade,pair,w_es_ext50_pullback_50&w_es_ext50_pullback_15,AND,"w_es_ext50_pullback_50>=1.1309, w_es_ext50_pullback_15>=0.6797",,,0.8571428571428571,0.6296887470071828,0.2274541101356743
