setup,direction,ticker,cluster_leftmost,cluster_rightmost,cluster_size,is_winner,rightmost_date,rightmost_close,adr14,bar_f1_max,bar_f2_max,had_earnings,race_bars,max_fav_adr,max_adv_adr,bars_to_fav,bars_to_adv,rule_pass,t1,t2
base,long,PAAS,128,128,1,0,2020-07-07,27.109,1.184187562662654,14.6953125,,1,20,7.000004930609655,-0.5928373568140343,14,5,0,12.9625,1.0517578125
base,long,TXG,128,128,1,0,2020-07-07,88.66,3.388214285714288,19.703125,,1,24,3.777801201644352,0.8618108991251185,19,5,0,12.9625,1.0517578125
base,long,VECO,129,129,1,0,2020-07-08,13.73,0.6322857142857146,-3.56640625,,1,17,1.1150022593764117,1.992769995481246,3,12,0,12.9625,1.0517578125
base,long,SHW,131,131,1,0,2020-07-10,185.0005,4.4353017407304804,9.9609375,,1,11,3.435193457640841,0.6108762587009409,11,2,0,12.9625,1.0517578125
base,long,FRPT,132,132,1,0,2020-07-13,85.07,3.5144571428571436,21.5,,1,14,3.2010633627627914,0.24470351039786656,14,1,0,12.9625,1.0517578125
base,long,HRL,132,132,1,0,2020-07-13,40.7625,0.7855816100718164,3.853515625,,1,30,5.301158378457739,4.122994780512491e-06,30,1,0,12.9625,1.0517578125
base,long,LEN,132,132,1,0,2020-07-13,51.1081,1.9820407696352333,14.734375,,1,43,7.188339795000584,0.131901974001082,30,1,0,12.9625,1.0517578125
base,long,LEN,1043,1043,1,0,2024-02-26,132.2372,2.5097059655966274,12.0390625,1.12890625,1,11,4.1911289222647525,0.44444391545998907,9,1,0,12.9625,1.0517578125
base,long,CC,133,133,1,0,2020-07-14,13.2226,0.6309238479371301,24.0625,,1,11,3.1190572053960355,0.3287145230819814,11,4,0,12.9625,1.0517578125
base,long,MTH,133,134,2,0,2020-07-15,38.796,1.7573665871840956,18.0625,,1,4,1.1708210463986413,0.17453899391140676,4,1,0,12.9625,1.0517578125
base,long,RH,133,133,1,1,2020-07-14,267.22,10.62317857142857,25.734375,,1,40,7.3650272819878335,-0.22074372413421858,35,1,0,12.9625,1.0517578125
base,long,ARE,137,137,1,0,2020-07-20,130.7,2.688811889167482,2.962890625,,1,4,1.3911810912910207,0.24411558488423687,3,2,0,12.9625,1.0517578125
base,long,PRAA,137,137,1,0,2020-07-20,38.69,1.418928571428571,19.96875,,1,12,2.255222753586713,0.5426629750817995,12,9,0,12.9625,1.0517578125
base,long,AMH,138,138,1,0,2020-07-21,24.007,0.5528748551105035,6.546875,,1,11,2.9390904216925025,0.9006885117125051,11,4,0,12.9625,1.0517578125
base,long,NVMI,138,139,2,0,2020-07-22,49.95,1.4288428571428575,10.0703125,,1,8,2.862456133334663,1.224767294214099,8,2,0,12.9625,1.0517578125
base,long,NVMI,146,146,1,0,2020-07-31,51.4,1.6040928571428574,10.0703125,,1,1,1.6457900103752454,-0.0623405306960329,1,1,0,12.9625,1.0517578125
base,long,EGP,139,140,2,0,2020-07-23,103.1891,2.380774545308365,9.1015625,,1,2,0.8903516858853188,0.5805205797631672,2,2,0,12.9625,1.0517578125
base,long,AEIS,142,142,1,0,2020-07-27,69.4767,2.257200688248176,8.8203125,,1,6,2.1588381787452593,1.1511056763003678,5,1,0,12.9625,1.0517578125
base,long,AEIS,144,144,1,0,2020-07-29,68.0354,2.1122300950979374,8.8203125,,1,4,2.989367037963478,0.4409692833265296,3,1,0,12.9625,1.0517578125
base,long,UI,142,142,1,0,2020-07-27,175.3268,4.809794519139792,2.478515625,,1,18,1.9226678820894967,1.2771859131755883,9,1,0,12.9625,1.0517578125
base,long,IWO,143,143,1,0,2020-07-28,204.2585,4.229600641266627,9.1875,,0,60,7.14792974211596,0.2935117217693574,55,41,0,12.9625,1.0517578125
base,long,QRVO,144,144,1,0,2020-07-29,115.28,3.3238999999999987,11.171875,,0,60,7.644634315111768,0.9777670808387741,51,28,0,12.9625,1.0517578125
base,long,RAMP,144,144,1,0,2020-07-29,45.95,1.438571428571427,16.84375,,1,7,5.51241310824231,1.056603773584909,7,1,0,12.9625,1.0517578125
base,long,RAMP,994,994,1,0,2023-12-13,34.62,0.9392857142857147,15.390625,0.68408203125,1,37,8.55969581749049,0.22357414448669283,23,1,0,12.9625,1.0517578125
base,long,UNH,144,144,1,0,2020-07-29,278.3601,6.7139550481695585,3.693359375,,1,53,3.8387186584073523,2.142272082836542,53,40,0,12.9625,1.0517578125
base,long,NSC,145,145,1,0,2020-07-30,167.9269,4.233450435142247,12.9296875,,0,60,7.817153650801061,0.8295921370758625,33,1,0,12.9625,1.0517578125
base,long,PAR,147,147,1,0,2020-08-03,31.31,1.5414285714285716,23.96875,,1,3,3.211306765523632,0.4151992585727506,2,1,0,12.9625,1.0517578125
base,long,UHAL,147,147,1,0,2020-08-03,32.0564,0.8154967670337633,11.1015625,,1,1,0.035276382678183435,0.12508459324160834,1,1,0,12.9625,1.0517578125
base,long,UHAL,282,283,2,0,2021-02-17,50.2364,1.64311131749342,17.859375,,0,60,9.315325653503793,-0.037592530954421284,22,1,0,12.9625,1.0517578125
base,long,NG,149,149,1,0,2020-08-05,9.56,0.3921428571428569,6.25,,0,60,6.477231329690348,3.595628415300549,38,4,0,12.9625,1.0517578125
base,long,WWW,149,149,1,0,2020-08-05,21.2792,0.8466248569440449,7.7734375,,0,60,4.877864666632546,1.8807165839227615,50,1,0,12.9625,1.0517578125
base,long,MMSI,151,152,2,0,2020-08-10,43.77,2.026607142857143,-4.80859375,,1,55,3.2602766763591484,2.1341087320468777,21,32,0,12.9625,1.0517578125
base,long,MMSI,154,154,1,0,2020-08-12,45.27,2.0291214285714285,-4.80859375,,1,53,2.517000672352916,2.870700549498905,19,30,0,12.9625,1.0517578125
base,long,IBKR,155,155,1,0,2020-08-13,12.6411,0.28804942490364194,2.724609375,,1,46,2.5435432111276612,3.7346220733734294,16,30,0,12.9625,1.0517578125
base,long,IBKR,1269,1269,1,0,2025-01-21,48.0352,1.2369924107151706,7.80859375,1.0703125,1,58,8.80033412400386,12.394965010589047,18,53,0,12.9625,1.0517578125
base,long,NOW,157,159,3,0,2020-08-19,87.426,2.298571428571428,9.3125,,1,48,8.373896830329395,0.37240522063393183,42,13,0,12.9625,1.0517578125
base,long,NOW,161,161,1,0,2020-08-21,89.884,2.3652857142857138,9.3125,,1,46,7.098508183849729,1.401099232952827,40,11,0,12.9625,1.0517578125
base,long,AVNS,158,158,1,0,2020-08-18,32.22,1.3114214285714283,6.83984375,,1,53,5.4597247261695365,0.991290802237483,36,3,0,12.9625,1.0517578125
base,long,CALY,158,158,1,0,2020-08-18,13.8793,0.555065293777725,3.9921875,,1,57,4.105105811926224,5.455701592183174,49,50,0,12.9625,1.0517578125
base,long,ZBH,158,158,1,0,2020-08-18,128.5723,3.021779146478447,3.5703125,,1,56,3.5420425161349964,2.9581738733179535,38,26,0,12.9625,1.0517578125
base,long,ZBH,315,315,1,0,2021-04-05,151.4508,2.8352622848017655,2.35546875,,1,20,5.798054050682206,0.46622237271069256,18,2,0,12.9625,1.0517578125
base,long,DKNG,162,162,1,0,2020-08-24,35.81,2.173428571428572,31.84375,,1,57,13.05771000394373,0.6165373997633773,28,9,0,12.9625,1.0517578125
base,long,DKNG,270,270,1,0,2021-01-28,56.17,3.1653571428571428,18.75,,1,19,2.720072210312535,1.1246756177366588,7,1,0,12.9625,1.0517578125
base,long,GGB,167,167,1,0,2020-08-31,1.8516,0.0774458191906058,13.515625,,1,40,5.055325889165568,-0.1368698802696111,40,20,0,12.9625,1.0517578125
base,long,LAUR,169,169,1,0,2020-09-02,6.0016,0.19687404050450732,5.46875,,1,44,6.049963007310382,2.032078041416474,6,3,0,12.9625,1.0517578125
base,long,OEC,169,169,1,0,2020-09-02,12.2891,0.44382933786482187,18.03125,,1,44,6.642622894154852,1.7539864219535544,43,16,0,12.9625,1.0517578125
base,long,PKG,175,176,2,0,2020-09-14,90.0523,2.20850847502717,9.4296875,,1,29,5.68921766324463,1.220220803963083,25,8,0,12.9625,1.0517578125
base,long,PKG,322,322,1,0,2021-04-14,118.6576,2.046182217555564,6.4453125,,1,7,2.2342662508505047,-0.1475700224874504,6,1,0,12.9625,1.0517578125
base,long,VRT,175,175,1,0,2020-09-11,16.8638,0.6104523459497677,10.1875,,1,37,3.6393600339626397,1.0756295020261084,30,9,0,12.9625,1.0517578125
base,long,DDOG,185,185,1,0,2020-09-25,90.65,4.722492857142859,-0.77587890625,,1,31,5.818960627634613,0.8787731661093046,12,27,0,12.9625,1.0517578125
base,long,ARES,187,187,1,0,2020-09-29,33.7203,0.7644746736526657,4.66796875,,1,20,5.749524133460812,0.4388341073128094,14,3,0,12.9625,1.0517578125
base,long,ARES,307,307,1,0,2021-03-23,46.4074,1.3982672390755673,4.21875,,1,25,2.900484335594323,1.1833202228220867,8,4,0,12.9625,1.0517578125
base,long,PALL,188,188,1,0,2020-09-30,216.51,5.664285714285713,2.185546875,,0,60,3.2625472887768012,1.9825977301387125,28,21,0,12.9625,1.0517578125
base,long,AJG,189,189,1,0,2020-10-01,99.4508,1.7831371386480908,0.05413818359375,,1,19,2.6140861283456642,1.0931819300778527,8,19,0,12.9625,1.0517578125
base,long,SIG,189,189,1,0,2020-10-01,17.9806,1.0675856990078827,28.84375,,1,43,11.55431237539936,0.7579125953305901,38,1,0,12.9625,1.0517578125
base,long,SNBR,189,189,1,1,2020-10-01,49.46,2.143221428571429,21.59375,,1,8,4.852508406904158,0.611229424331198,8,1,0,12.9625,1.0517578125
base,long,HD,192,192,1,0,2020-10-06,241.8234,5.194987541865514,1.267578125,,1,29,2.7242345399731582,2.4312691372925954,8,18,0,12.9625,1.0517578125
base,long,INMD,193,193,1,0,2020-10-07,18.855,0.7829892857142856,16.515625,,1,25,4.655236114342014,1.0664258314061963,23,17,0,12.9625,1.0517578125
base,long,CSX,195,195,1,0,2020-10-09,24.3096,0.5416283493292534,12.6328125,,1,7,1.6356216673008037,0.02871632317297878,5,1,0,12.9625,1.0517578125
base,long,MHO,195,195,1,0,2020-10-09,47.51,2.305600000000001,4.68359375,,1,12,0.8370922970159607,2.8062109646079096,5,10,0,12.9625,1.0517578125
base,long,GLPI,200,200,1,0,2020-10-16,27.1904,0.8010488659034957,10.265625,,1,6,1.4142703549619635,0.9667503557862649,5,1,0,12.9625,1.0517578125
base,long,HBAN,202,202,1,0,2020-10-20,7.7413,0.25017086306390984,17.0625,,1,1,-0.00011756670758696021,0.814431610173083,1,1,0,12.9625,1.0517578125
base,long,WSC,203,203,1,0,2020-10-21,17.2457,0.5056852869304217,16.5625,,1,10,3.5076550517201643,-0.1752477694519654,8,1,0,12.9625,1.0517578125
base,long,WSC,500,500,1,0,2021-12-27,40.3943,1.0570529754374942,1.490234375,,1,40,0.9415733586503142,5.631027322526536,7,19,0,12.9625,1.0517578125
base,long,SONO,212,212,1,0,2020-11-03,15.22,0.7025285714285711,23.484375,,1,10,3.103076641519408,0.16340972405799564,10,1,0,12.9625,1.0517578125
base,long,BBIO,214,214,1,0,2020-11-05,40.99,1.5703571428571428,36.125,,0,60,19.645212644985218,1.2544916988856032,39,1,0,12.9625,1.0517578125
base,long,EAT,214,214,1,0,2020-11-05,45.58,2.537435714285716,15.8671875,,1,54,8.650465458660454,0.5399151561897403,53,1,0,12.9625,1.0517578125
base,long,EAT,297,297,1,0,2021-03-09,70.83,4.069349999999999,3.998046875,,1,34,1.8430461867374401,1.501468293462101,4,34,0,12.9625,1.0517578125
base,long,EAT,826,826,1,0,2023-04-14,37.3,1.3914285714285721,-4.953125,0.38720703125,1,12,2.5872689938398357,0.5390143737166322,11,1,0,12.9625,1.0517578125
base,long,EAT,828,828,1,0,2023-04-18,38.22,1.3660714285714295,-4.953125,0.38720703125,1,10,1.9618300653594756,0.2928104575163386,9,7,0,12.9625,1.0517578125
base,long,EAT,1181,1183,3,1,2024-09-16,72.26,2.602328571428573,24.0625,1.28125,1,31,10.225457420002959,-0.1960167542256088,30,1,1,12.9625,1.0517578125
base,long,NEO,221,221,1,0,2020-11-16,42.7398,1.9954416504346923,20.046875,,0,60,9.060751035271494,0.6116824297882005,60,3,0,12.9625,1.0517578125
base,long,PJT,227,227,1,0,2020-11-24,64.6699,2.02456341516087,11.828125,,1,45,5.17680169117092,0.870678268412789,36,44,0,12.9625,1.0517578125
base,long,PJT,234,234,1,0,2020-12-04,66.1311,1.6729156308105597,0.95751953125,,1,38,5.391523126075048,1.927140442248179,29,37,0,12.9625,1.0517578125
base,long,PJT,1432,1432,1,0,2025-09-15,180.7896,4.35084158311452,-6.8515625,0.7568359375,1,35,1.945097640146778,4.937201296345471,3,35,0,12.9625,1.0517578125
base,long,APPS,238,239,2,0,2020-12-11,43.545,3.006114285714287,23.03125,,1,32,8.932228600756547,-0.32433896629726117,28,1,0,12.9625,1.0517578125
base,long,CMG,238,238,1,0,2020-12-10,26.3446,0.5846571428571428,10.7890625,,1,34,6.823144211503691,0.6971607291208561,34,2,0,12.9625,1.0517578125
base,long,CMG,240,240,1,0,2020-12-14,26.1904,0.5742857142857142,10.7890625,,1,32,7.214875621890548,-0.09820895522388062,32,13,0,12.9625,1.0517578125
base,long,TECH,241,241,1,0,2020-12-15,75.0653,1.8007333222133417,11.03125,,1,31,7.209842217494416,0.878597821996264,23,1,0,12.9625,1.0517578125
base,long,TECH,243,243,1,0,2020-12-17,75.4526,1.7485366390650674,11.03125,,1,29,7.203568313945979,0.2632695141593155,21,1,0,12.9625,1.0517578125
base,long,TECH,375,375,1,0,2021-06-29,109.2546,2.706335936922101,10.625,,1,25,3.644833904432649,0.7762193982764994,22,10,0,12.9625,1.0517578125
base,long,VCEL,241,241,1,0,2020-12-15,27.14,1.2904999999999998,34.6875,,1,46,20.798372723750486,0.8678806664083698,40,1,0,12.9625,1.0517578125
base,long,ISRG,242,242,1,0,2020-12-16,255.3533,5.481191863138354,1.8671875,,1,22,3.694469169080971,-0.07237555168729468,5,1,0,12.9625,1.0517578125
base,long,TVTX,243,243,1,0,2020-12-17,26.29,1.3664285714285713,9.59375,,1,47,4.976403554626242,1.785676947203344,30,26,0,12.9625,1.0517578125
base,long,NBP,233,233,1,0,2020-12-18,39.83,1.6414285714285708,15.8359375,,0,60,15.906875543951267,0.4934725848563941,47,1,0,12.9625,1.0517578125
base,long,LAD,251,252,2,0,2020-12-31,282.9646,11.118228123744233,14.796875,,1,21,5.286281948048813,1.1448209704188843,15,1,0,12.9625,1.0517578125
base,long,SITM,253,253,1,0,2021-01-04,110.31,6.634714285714283,19.953125,,1,20,4.995995090756412,0.41448657494132607,13,2,0,12.9625,1.0517578125
base,long,SITM,1526,1527,2,0,2026-01-30,363.11,20.970499999999994,14.46875,1.10546875,1,2,1.691900526930687,0.7181516892777953,2,2,1,12.9625,1.0517578125
base,long,JACK,254,254,1,0,2021-01-05,83.5426,2.4600407525666688,10.0,,1,28,4.140482942556304,0.5803014735278281,13,16,0,12.9625,1.0517578125
base,long,CARS,263,263,1,0,2021-01-19,12.68,0.6074214285714287,8.9296875,,1,25,2.8727995390350323,1.9426380837027708,25,8,0,12.9625,1.0517578125
base,long,CNDT,273,273,1,0,2021-02-02,5.09,0.28842857142857153,22.28125,,1,10,3.328380386329865,0.4091134224863773,9,2,0,12.9625,1.0517578125
base,long,CNDT,276,276,1,0,2021-02-05,5.16,0.2711428571428572,22.28125,,1,7,3.2824025289778698,-0.036880927291885406,6,2,0,12.9625,1.0517578125
base,long,MANH,273,273,1,0,2021-02-02,116.61,3.6807142857142856,4.41796875,,1,57,8.120706384630314,1.7659615757810985,7,22,0,12.9625,1.0517578125
base,long,MANH,323,323,1,0,2021-04-15,122.3,3.953614285714287,7.8125,,1,7,1.7351212091648502,0.9839098401824008,7,3,0,12.9625,1.0517578125
base,long,PPC,273,273,1,0,2021-02-02,17.036,0.5651637436726766,12.515625,,1,5,4.496924306874696,-0.007472247690221876,5,1,0,12.9625,1.0517578125
base,long,CIBR,276,276,1,0,2021-02-05,44.3783,0.825188399817374,-0.859375,,0,60,1.552466587797838,7.346277397534448,6,19,0,12.9625,1.0517578125
base,long,SSP,278,278,1,0,2021-02-09,16.4,0.6472214285714283,16.03125,,1,11,5.546787917581753,0.3708159053536524,11,1,0,12.9625,1.0517578125
base,long,UTHR,280,281,2,0,2021-02-12,167.64,5.065271428571429,6.4140625,,1,6,2.179547563379769,-0.021716506519185136,5,1,0,12.9625,1.0517578125
base,long,MFA,281,281,1,0,2021-02-12,7.9785,0.2278865264427145,6.79296875,,1,5,2.4819107472812116,1.1518708851278505,5,3,0,12.9625,1.0517578125
base,long,AXGN,282,282,1,0,2021-02-16,19.22,0.8871428571428576,9.28125,,1,3,2.1755233494363915,0.5861513687600637,3,1,0,12.9625,1.0517578125
base,long,SBCF,284,284,1,0,2021-02-18,29.656,1.0847452274910585,13.1640625,,1,43,6.053674911489943,-0.3671895141237333,16,1,0,12.9625,1.0517578125
base,long,WHD,284,284,1,0,2021-02-18,27.9972,1.150752011627045,10.0234375,,1,3,1.4486501764229096,0.1892334384020726,2,3,0,12.9625,1.0517578125
base,long,RNST,291,291,1,0,2021-03-01,35.1125,1.403049317541693,13.1328125,,1,39,4.2847186930499115,0.47039699072992075,13,36,0,12.9625,1.0517578125
base,long,RNST,293,293,1,0,2021-03-03,35.5917,1.3669722116662009,9.1640625,,1,37,4.04724513850818,0.8333674723560983,11,34,0,12.9625,1.0517578125
base,long,AUB,293,294,2,0,2021-03-04,31.6254,0.9925366945618688,7.375,,1,33,3.2794517134799626,1.3856531561108987,10,15,0,12.9625,1.0517578125
base,long,GFF,293,293,1,0,2021-03-03,20.5561,0.6327198652282361,10.3359375,,1,39,4.553802943456771,1.1970732767140266,9,1,0,12.9625,1.0517578125
base,long,CLH,294,294,1,0,2021-03-04,85.42,2.515714285714284,7.43359375,,1,42,2.5917092561044863,1.6377058489494636,4,15,0,12.9625,1.0517578125
base,long,ESI,295,295,1,0,2021-03-05,17.2763,0.6663273892650246,15.1015625,,1,36,3.54760318848533,1.4723428438393427,3,14,0,12.9625,1.0517578125
base,long,AMWD,296,296,1,0,2021-03-08,96.97,4.281435714285713,5.125,,1,56,2.7654274851059655,1.6454760669401627,4,51,0,12.9625,1.0517578125
base,long,ASTE,296,296,1,0,2021-03-08,66.8515,2.69358459682133,10.5703125,,1,40,3.189229974113141,1.286794589268139,36,13,0,12.9625,1.0517578125
base,long,DRH,296,296,1,0,2021-03-08,9.0647,0.511870256328361,9.234375,,1,41,2.298464735521979,1.3582985273881651,8,31,0,12.9625,1.0517578125
base,long,IOSP,296,297,2,0,2021-03-09,94.8566,2.7189640391503693,1.638671875,,1,38,1.9887646574808255,2.5740686908442094,18,32,0,12.9625,1.0517578125
base,long,MOD,298,298,1,0,2021-03-10,15.25,0.7692857142857141,13.96875,,1,53,2.625812441968431,1.676880222841225,42,11,0,12.9625,1.0517578125
base,long,KMT,299,299,1,0,2021-03-11,35.5803,1.5568078919224106,4.78515625,,1,35,1.0090825983259348,2.2898963999431796,17,10,0,12.9625,1.0517578125
base,long,HSIC,310,310,1,0,2021-03-26,67.98,1.7995499999999984,7.2265625,,1,25,3.795393292767639,0.5945930927176285,20,1,0,12.9625,1.0517578125
base,long,NEOG,311,312,2,0,2021-03-30,43.46,1.4112428571428555,11.0546875,,0,60,3.81932845414883,0.13817607579944766,18,1,0,12.9625,1.0517578125
base,long,COF,312,312,1,0,2021-03-30,117.4714,3.5479525034288923,19.65625,,1,18,2.9308408327504525,0.4249490974202023,18,1,0,12.9625,1.0517578125
base,long,COF,395,395,1,0,2021-07-28,147.8482,4.634119507703788,5.13671875,,0,60,3.534227645179578,1.607772786839088,12,29,0,12.9625,1.0517578125
base,long,CW,313,313,1,0,2021-03-31,116.4093,3.1356981601348477,9.828125,,1,23,3.8375798472590197,0.11895709679995467,20,1,0,12.9625,1.0517578125
base,long,MSFT,313,313,1,0,2021-03-31,226.2354,4.161363574807,6.91796875,,1,17,6.148612045250843,-0.5257625505860474,17,1,0,12.9625,1.0517578125
base,long,BG,316,317,2,0,2021-04-07,68.7094,1.692565535970314,10.0703125,,1,18,5.300352397611341,0.7128953467454363,14,1,0,12.9625,1.0517578125
base,long,BG,322,322,1,0,2021-04-14,69.9773,1.5645300530295907,10.0703125,,1,13,4.9237109774770715,0.6874638267543385,9,1,0,12.9625,1.0517578125
base,long,UMH,317,317,1,0,2021-04-07,15.4512,0.4034325061467024,12.4296875,,1,20,4.75787626073617,1.1943777518546879,19,6,0,12.9625,1.0517578125
base,long,SWK,319,319,1,0,2021-04-09,169.8661,3.376602278180767,10.4921875,,1,12,2.3694535591696266,0.2516396462857438,11,3,0,12.9625,1.0517578125
base,long,CHEF,320,320,1,0,2021-04-12,32.84,1.4867785714285715,1.248046875,,1,11,1.8328216806230113,1.36536807767513,10,6,0,12.9625,1.0517578125
base,long,CX,320,320,1,0,2021-04-12,6.8569,0.28954321985194864,14.296875,,1,12,3.205153241318917,0.742013601098125,11,1,0,12.9625,1.0517578125
base,long,AN,321,321,1,0,2021-04-13,92.2,2.749999999999999,13.0234375,,1,4,2.243636363636365,-0.13090909090909075,4,1,0,12.9625,1.0517578125
base,long,IART,321,321,1,0,2021-04-13,69.92,2.1149999999999998,-0.39111328125,,1,10,3.3238770685579206,0.14184397163120435,10,1,0,12.9625,1.0517578125
base,long,ICFI,321,321,1,0,2021-04-13,87.7776,2.101099936576916,2.916015625,,1,14,1.8625066449783232,0.3521212712354707,9,5,0,12.9625,1.0517578125
base,long,MIDD,322,322,1,0,2021-04-14,164.01,4.4182857142857115,3.3984375,,1,15,5.022309881013971,1.2946197620279365,11,5,0,12.9625,1.0517578125
base,long,GPK,323,324,2,0,2021-04-16,16.904,0.3431167223416531,2.958984375,,1,6,0.9049938647442592,0.8781881125027091,6,2,0,12.9625,1.0517578125
base,long,AMN,327,327,1,1,2021-04-21,77.09,1.6792857142857156,12.8125,,1,10,4.23989791578051,0.14291790727350595,10,1,0,12.9625,1.0517578125
base,long,IAC,327,327,1,0,2021-04-21,131.2169,5.01398882658294,2.8515625,,1,10,2.144481945918787,0.9829700343042463,6,10,0,12.9625,1.0517578125
base,long,ESTA,328,328,1,0,2021-04-22,71.88,4.953071428571427,16.140625,,1,8,2.071441962418703,1.362790764749146,3,8,0,12.9625,1.0517578125
base,long,LNG,328,328,1,1,2021-04-22,69.4962,1.6205416104088977,13.984375,,1,7,3.7329601144305546,0.4835312628231363,7,1,0,12.9625,1.0517578125
base,long,OM,151,151,1,0,2021-04-22,847.5,45.074896048069924,-9.46875,,1,8,1.1647327472206876,0.3427628537073846,7,8,0,12.9625,1.0517578125
base,long,RL,328,328,1,0,2021-04-22,111.2398,3.0526222055563514,3.50390625,,1,19,5.500208381135621,-0.029511214109627093,12,1,0,12.9625,1.0517578125
base,long,EMN,329,329,1,0,2021-04-23,94.806,2.18923655030954,11.1171875,,1,3,1.2847138033808498,-0.11817825041187983,3,1,0,12.9625,1.0517578125
base,long,HST,329,329,1,0,2021-04-23,14.1407,0.38088526175156456,4.11328125,,1,6,2.6410414332740055,0.04315660785047328,6,2,0,12.9625,1.0517578125
base,long,PFGC,329,329,1,0,2021-04-23,56.26,1.668935714285715,-6.74609375,,1,7,1.845487500588487,0.26364107151263916,6,1,0,12.9625,1.0517578125
base,long,ALG,331,332,2,0,2021-04-28,154.7185,2.986402973999688,1.4912109375,,1,4,1.1124922378884348,0.7927871496390648,4,2,0,12.9625,1.0517578125
base,long,HBM,331,332,2,0,2021-04-28,7.528,0.38721060998413553,8.2265625,,1,8,5.083904132953401,0.7409571024529974,8,4,0,12.9625,1.0517578125
base,long,KSS,331,331,1,0,2021-04-27,44.1611,1.7784895565275716,1.720703125,,1,16,1.9106750003161457,1.9622973696108692,15,12,0,12.9625,1.0517578125
base,long,KSS,1467,1467,1,0,2025-11-03,16.1517,0.7317527804729052,33.34375,0.82421875,1,15,3.162891275321271,2.0861169368290686,7,12,0,12.9625,1.0517578125
base,long,SCL,334,334,1,0,2021-04-30,119.0976,2.649232935826871,7.30859375,,1,60,2.9727406332778683,4.922146037820891,6,54,0,12.9625,1.0517578125
base,long,TBBK,334,335,2,0,2021-05-03,22.08,0.8228571428571421,14.0234375,,1,60,5.61458333333334,1.9201388888888886,32,53,0,12.9625,1.0517578125
base,long,JEF,335,335,1,0,2021-05-03,26.4043,0.5723647575647739,8.4140625,,1,38,2.3967462618238726,4.807160850970973,5,33,0,12.9625,1.0517578125
base,long,WLK,335,336,2,0,2021-05-04,90.3132,2.60890593664593,11.9296875,,0,60,3.1279045435298114,6.943831982473644,22,52,0,12.9625,1.0517578125
base,long,BIIB,343,343,1,0,2021-05-13,281.71,6.2585714285714245,17.1875,,1,47,29.853458114585735,2.810545537548503,16,12,0,12.9625,1.0517578125
base,long,TBCH,344,344,1,0,2021-05-14,28.0,1.8392142857142866,6.40234375,,1,56,5.817701658316826,0.39147151345683245,21,1,0,12.9625,1.0517578125
base,long,EGBN,345,348,4,0,2021-05-20,45.7665,1.3104141049581213,4.328125,,1,41,1.7515918385007054,1.9635242522064489,19,13,0,12.9625,1.0517578125
base,long,EGBN,353,353,1,0,2021-05-27,46.2484,1.542041569001911,4.328125,,1,36,1.1759803936249198,1.9810943731536257,14,8,0,12.9625,1.0517578125
base,long,REPL,348,349,2,0,2021-05-21,36.22,2.4607071428571423,6.7578125,,1,52,1.6255489856284058,2.442387350906679,26,39,0,12.9625,1.0517578125
base,long,FCG,351,351,1,0,2021-05-25,12.1275,0.45918646601468655,15.90625,,0,60,5.792903835922226,3.462449715518212,26,60,0,12.9625,1.0517578125
base,long,FCG,354,354,1,0,2021-05-28,12.6487,0.41699091807443917,15.90625,,0,60,5.129183748789071,5.062724287547912,23,57,0,12.9625,1.0517578125
base,long,OVV,351,351,1,0,2021-05-25,22.2974,1.0472268241530374,18.296875,,1,42,7.097637085597286,0.7336032988102862,26,37,0,12.9625,1.0517578125
base,long,SCHW,351,352,2,0,2021-05-26,67.1777,1.789667464644836,5.66015625,,1,34,2.539829235805882,2.2040316503333726,6,29,0,12.9625,1.0517578125
base,long,DVN,352,352,1,0,2021-05-26,20.5251,0.8948569701346347,16.96875,,1,46,4.846106326832439,1.8052199761669048,7,36,0,12.9625,1.0517578125
base,long,DVN,1434,1434,1,0,2025-09-17,35.0007,0.9846607460739862,-3.40625,0.1973876953125,1,34,1.8570648209625953,3.9516354483614657,7,24,0,12.9625,1.0517578125
base,long,GLNG,352,352,1,0,2021-05-26,10.8321,0.5543157257162548,11.015625,,1,52,3.3084584256855396,2.3143128374039246,21,52,0,12.9625,1.0517578125
base,long,PTEN,352,352,1,0,2021-05-26,7.2043,0.4706274577330997,20.5,,1,43,5.499281882339624,1.1657014525961586,19,36,0,12.9625,1.0517578125
base,long,ESRT,353,353,1,0,2021-05-27,10.8474,0.26439450692215416,4.609375,,1,41,4.516102062878932,1.698268621250311,8,35,0,12.9625,1.0517578125
base,long,GUSH,353,353,1,0,2021-05-27,18.7539,1.2549801768732007,19.71875,,0,60,3.8754400886377307,5.644437831215784,20,58,0,12.9625,1.0517578125
base,long,VNO,353,354,2,0,2021-05-28,40.2509,1.011258263410524,2.9296875,,1,43,3.055871733247,4.0156489143899226,6,34,0,12.9625,1.0517578125
base,long,FMX,357,357,1,0,2021-06-03,70.4757,1.2754113768974438,7.15625,,1,37,2.34766391458058,1.1871276088976326,2,11,0,12.9625,1.0517578125
base,long,CRVL,366,366,1,0,2021-06-16,40.5933,0.972856095746824,12.0390625,,0,60,17.167594528384047,0.8514776153904674,60,2,0,12.9625,1.0517578125
base,long,PD,367,367,1,0,2021-06-17,42.2,2.0996428571428574,-1.75390625,,1,53,2.033679197142369,2.5432896751148166,5,21,0,12.9625,1.0517578125
base,long,ALGN,370,370,1,0,2021-06-22,604.71,15.463571428571413,12.7890625,,1,24,3.178437803131786,1.0004157235900069,15,19,0,12.9625,1.0517578125
base,long,ENS,371,371,1,0,2021-06-23,91.6338,2.00863593425379,4.21484375,,1,33,2.134477818320037,3.1064547639649183,27,17,0,12.9625,1.0517578125
base,long,SCI,374,374,1,0,2021-06-28,49.1807,0.9110472243974169,12.6328125,,1,20,5.378965311039849,0.12198857807605674,19,1,0,12.9625,1.0517578125
base,long,BJ,375,375,1,0,2021-06-29,47.37,0.8933214285714283,8.15625,,1,35,7.029944428896977,1.7015152120897095,35,4,0,12.9625,1.0517578125
base,long,EYE,384,384,1,0,2021-07-13,50.92,1.1203714285714288,11.578125,,1,21,3.704128732818196,3.0168566546808475,21,4,0,12.9625,1.0517578125
base,long,EYE,386,386,1,0,2021-07-15,50.67,1.1589428571428573,11.578125,,1,19,3.796563370559375,2.700737124966104,19,2,0,12.9625,1.0517578125
base,long,MYRG,384,385,2,0,2021-07-14,89.44,2.672857142857141,12.4140625,,1,9,3.1090326028861606,1.4142169962586868,8,3,0,12.9625,1.0517578125
base,long,WFC,392,392,1,0,2021-07-23,39.7575,1.1814004682862094,0.30224609375,,1,57,5.315998745032041,0.854147721221431,15,28,0,12.9625,1.0517578125
base,long,WFC,395,395,1,0,2021-07-28,40.5777,1.155288365563264,0.30224609375,,1,54,4.726199596174118,1.5834059896766306,12,25,0,12.9625,1.0517578125
base,long,CNR,395,395,1,0,2021-07-28,18.2848,1.068817396752147,24.28125,,1,3,2.255977816656917,0.1811726270261766,1,1,0,12.9625,1.0517578125
base,long,HRB,395,395,1,0,2021-07-28,20.8222,0.4252919431628427,6.24609375,,0,60,4.365016390188707,0.020094138600303665,26,5,0,12.9625,1.0517578125
base,long,HRB,998,998,1,0,2023-12-19,44.0756,0.9493609850140012,4.421875,0.8916015625,1,31,1.8264514096329814,2.278130228529012,9,16,0,12.9625,1.0517578125
base,long,HRB,1000,1000,1,0,2023-12-21,44.1315,0.9568627798826722,4.421875,0.8916015625,1,29,1.7537119685386198,2.3186897895835417,7,14,0,12.9625,1.0517578125
base,long,SIGI,399,399,1,0,2021-08-03,75.1239,1.6932828029650773,-4.90234375,,1,59,3.174436553938073,3.4177286958196156,14,44,0,12.9625,1.0517578125
base,long,BURL,400,401,2,0,2021-08-05,335.69,7.855714285714283,-10.25,,1,14,2.755955628296052,1.08074195308238,4,9,0,12.9625,1.0517578125
base,long,BURL,403,403,1,0,2021-08-09,333.76,7.1649999999999965,-10.25,,1,12,3.290997906489881,0.9155617585485004,2,7,0,12.9625,1.0517578125
base,long,BURL,1465,1465,1,0,2025-10-30,273.34,8.534464285714288,-6.56640625,0.63330078125,1,17,2.891804239114515,1.355679702048416,16,4,0,12.9625,1.0517578125
base,long,FBP,401,401,1,0,2021-08-05,10.4692,0.34509039860895296,4.91796875,,1,55,4.522803046606917,1.4892977633561257,55,31,0,12.9625,1.0517578125
base,long,CALF,402,402,1,0,2021-08-06,40.5106,0.7973196792534131,-2.41015625,,0,60,1.6653117362427357,3.0626708391030615,4,30,0,12.9625,1.0517578125
base,long,CBOE,404,404,1,0,2021-08-10,114.623,2.6916225640606988,3.521484375,,1,56,5.82285306400418,0.9411148110499686,6,40,0,12.9625,1.0517578125
base,long,DAC,409,409,1,0,2021-08-17,61.5238,3.0610087727474555,9.1796875,,1,57,4.284362795727774,1.5544981172431631,12,33,0,12.9625,1.0517578125
base,long,DAC,514,514,1,0,2022-01-14,62.247,2.301462249542381,14.53125,,1,14,8.397059922934432,1.1797747380162011,11,5,0,12.9625,1.0517578125
base,long,AAT,410,410,1,0,2021-08-18,29.0305,0.6067071039251949,0.251953125,,1,47,4.1882794188333605,1.192237696199968,14,34,0,12.9625,1.0517578125
base,long,PAGS,411,413,3,0,2021-08-23,54.4301,1.7820511501630751,-5.05078125,,1,57,2.261524026495264,13.994655053242244,5,34,0,12.9625,1.0517578125
base,long,PAGS,1042,1042,1,0,2024-02-23,12.4791,0.34408291496739146,10.8984375,0.5166015625,1,1,1.0473342239856152,-0.12410376441612618,1,1,0,12.9625,1.0517578125
base,long,STC,411,411,1,0,2021-08-19,50.3012,1.0270816423134117,4.953125,,1,47,12.03569467763017,0.15908793377736008,45,1,0,12.9625,1.0517578125
base,long,APG,416,417,2,0,2021-08-27,15.5667,0.4942858090643655,-6.6328125,,1,51,0.4316000707236858,4.868980937109584,4,15,0,12.9625,1.0517578125
base,long,CELH,416,416,1,0,2021-08-26,24.19,1.4350000000000003,15.171875,,1,53,8.74564459930313,0.2416027874564498,51,1,0,12.9625,1.0517578125
base,long,MEDP,416,416,1,0,2021-08-26,179.69,4.177528571428569,5.828125,,1,40,4.631685856641145,0.5505647563323527,20,14,0,12.9625,1.0517578125
base,long,GEF,417,418,2,0,2021-08-30,53.6595,1.0648083689405585,4.44140625,,1,1,0.6605542933837967,0.29801960076525036,1,1,0,12.9625,1.0517578125
base,long,KRNT,418,419,2,0,2021-08-31,130.37,3.6319571428571433,12.1484375,,1,49,11.09594590873869,0.6883341134453285,43,1,0,12.9625,1.0517578125
base,long,PAG,425,425,1,0,2021-09-09,80.3819,1.905085645784238,13.28125,,1,33,11.722498254271907,0.45736529825256367,33,2,0,12.9625,1.0517578125
base,long,PAG,427,428,2,1,2021-09-14,80.7772,1.8287283327771118,13.28125,,1,30,11.99580209031405,0.12775347979143484,30,1,0,12.9625,1.0517578125
base,long,HCI,434,434,1,0,2021-09-22,100.2926,2.823650972966803,17.078125,,1,32,9.652137380151393,0.16213878152389283,14,1,0,12.9625,1.0517578125
base,long,DFIN,440,440,1,0,2021-09-30,34.62,1.0954857142857162,10.4921875,,1,23,5.696103489645811,0.13692556465494604,22,1,0,12.9625,1.0517578125
base,long,AOSL,456,456,1,0,2021-10-22,31.8,1.028921428571429,30.703125,,1,8,6.142354337760062,0.009718915091394028,7,1,0,12.9625,1.0517578125
base,long,BPOP,464,465,2,0,2021-11-04,72.3297,1.8477390456279619,4.28125,,1,56,8.31313041193185,3.597893393546725,50,31,0,12.9625,1.0517578125
base,long,MASI,464,465,2,0,2021-11-04,292.83,6.874342857142859,4.58984375,,0,60,1.8008994106449643,13.759860682787334,11,58,0,12.9625,1.0517578125
base,long,TOL,464,464,1,0,2021-11-03,57.8167,1.5060878908080733,12.9609375,,1,22,6.744589798972463,0.292257047118748,22,1,0,12.9625,1.0517578125
base,long,PNR,468,468,1,0,2021-11-09,70.5051,1.7248408798470436,-1.3486328125,,1,56,3.031301843296445,7.49727509519692,9,55,0,12.9625,1.0517578125
base,long,SIMO,484,484,1,1,2021-12-02,65.6978,2.0851410164012907,3.17578125,,1,36,10.833230288452464,-0.19230750810953315,21,1,0,12.9625,1.0517578125
base,long,NSA,490,490,1,0,2021-12-10,49.0481,1.1343277299685073,0.52978515625,,1,48,4.9370256906830186,3.537249327503787,14,48,0,12.9625,1.0517578125
base,long,MPC,500,500,1,0,2021-12-27,58.2125,1.4667077214775734,9.90625,,1,25,7.308557711396025,0.492359284024101,15,4,0,12.9625,1.0517578125
base,long,AAP,504,505,2,0,2022-01-03,213.68,4.2590400795853345,2.91796875,,1,28,1.6463740289435713,3.3245321983657656,2,28,0,12.9625,1.0517578125
base,long,WFRD,508,508,1,0,2022-01-06,27.5462,1.6462235834514432,-1.359375,,1,27,3.962574321702552,0.7226230750113084,25,2,0,12.9625,1.0517578125
base,long,VAL,188,188,1,0,2022-01-28,40.57,2.034,9.421875,,1,15,1.5830875122910517,0.36873156342182895,3,9,0,12.9625,1.0517578125
base,long,MUR,525,525,1,0,2022-02-01,28.4751,1.5489561871083244,15.6953125,,0,60,6.687344023723231,1.045562722272415,52,5,0,12.9625,1.0517578125
base,long,MUR,540,540,1,0,2022-02-23,28.4964,1.2994548802818424,21.296875,,1,48,7.954953309826296,0.7565953013616119,37,1,0,12.9625,1.0517578125
base,long,RRC,535,535,1,0,2022-02-15,19.4837,1.0470336334031864,27.609375,,1,3,0.953330641913627,0.22518591801513863,2,1,0,12.9625,1.0517578125
base,long,RRC,537,537,1,0,2022-02-17,19.6472,1.0595758908155108,27.609375,,1,1,0.49042645965027193,0.3613339149790832,1,1,0,12.9625,1.0517578125
base,long,EXE,257,257,1,0,2022-02-16,53.7354,1.9345743229362422,19.421875,,1,3,0.7468775923368088,0.734368196649897,1,3,0,12.9625,1.0517578125
base,long,EXE,431,431,1,0,2022-10-26,85.7878,3.5168522310731283,7.19140625,,1,3,1.1875730249279803,0.740688780429892,3,2,0,12.9625,1.0517578125
base,long,EQT,541,541,1,0,2022-02-24,20.9435,0.8684692606610633,30.4375,,1,42,25.243610790913166,0.39056375855029063,36,1,0,12.9625,1.0517578125
base,long,CTRA,543,543,1,0,2022-02-28,18.9199,0.8016995557722532,18.84375,,1,43,8.896798260851082,0.8666503664944017,34,11,0,12.9625,1.0517578125
base,long,COST,551,551,1,0,2022-03-10,507.9684,13.873968893881552,-1.3505859375,,1,53,5.467356046179579,8.628769541090106,20,50,0,12.9625,1.0517578125
base,long,MCK,551,551,1,0,2022-03-10,274.6241,6.813983538655991,9.875,,1,38,7.982346678271978,0.1942235334709278,29,1,0,12.9625,1.0517578125
base,long,CNC,552,552,1,0,2022-03-11,83.41,2.3128571428571445,-1.1845703125,,1,30,2.814700432365658,0.4323656578134648,28,8,0,12.9625,1.0517578125
base,long,SMCI,555,556,2,0,2022-03-17,4.194,0.14400714285714283,3.12109375,,1,31,3.401220177570562,5.437230296116267,23,16,0,12.9625,1.0517578125
base,long,CFR,557,557,1,0,2022-03-18,124.3524,3.4427584179662714,-2.35546875,,1,27,1.713402116093252,2.229700140198448,7,27,0,12.9625,1.0517578125
base,long,MTDR,557,557,1,0,2022-03-18,49.346,2.661430958510185,4.5625,,1,25,2.2680459121784335,1.8818435678760672,23,25,0,12.9625,1.0517578125
base,long,CNMD,561,561,1,0,2022-03-24,137.8508,3.806215292852644,-6.2578125,,1,27,3.22905241844743,2.919611653232474,19,26,0,12.9625,1.0517578125
base,long,APA,566,567,2,0,2022-04-01,37.0158,1.4384724632219494,13.265625,,1,21,1.9064131538338163,3.1300218962674244,13,15,0,12.9625,1.0517578125
base,long,PR,567,567,1,0,2022-04-01,7.676,0.3617555573386694,0.8271484375,,1,21,1.9332800721410852,3.6735598989493754,10,20,0,12.9625,1.0517578125
base,long,VNOM,569,569,1,0,2022-04-05,23.9677,0.7470681914910067,13.75,,0,60,6.149722804437889,5.677196775048778,44,55,0,12.9625,1.0517578125
base,long,ICL,571,572,2,0,2022-04-08,9.3059,0.35480550343113026,2.28125,,1,21,1.910910543186295,4.667980580863462,4,20,0,12.9625,1.0517578125
base,long,SD,571,571,1,0,2022-04-07,12.0473,0.708881849689229,29.546875,,0,60,12.8914702880226,2.7662081713057387,42,60,0,12.9625,1.0517578125
base,long,SD,713,713,1,0,2022-10-31,13.668,0.6730124697513217,6.55859375,0.873046875,0,60,3.3974370913515886,3.5908160528647373,5,44,0,12.9625,1.0517578125
base,long,EVH,641,642,2,0,2022-07-21,33.77,1.8547357142857148,14.5,0.95263671875,1,7,0.9057894270650801,0.5661183919156775,7,1,0,12.9625,1.0517578125
base,long,BOX,646,646,1,0,2022-07-27,28.01,0.9382142857142856,-5.67578125,0.69091796875,1,19,3.4853444994290066,0.3517320137038467,16,1,0,12.9625,1.0517578125
base,long,KYNB,651,651,1,0,2022-08-03,317.75,13.817857142857141,10.1796875,0.2939453125,1,2,3.347118118376842,-0.1085551822176273,2,1,0,12.9625,1.0517578125
base,long,FPI,654,654,1,0,2022-08-08,11.7405,0.30693288480287645,-11.296875,0.6650390625,1,53,1.271323788244187,6.318399620040545,5,35,0,12.9625,1.0517578125
base,long,CALM,670,670,1,0,2022-08-30,43.0005,1.2800003675383433,7.87109375,1.037109375,1,18,4.519579006588221,1.5188682053495952,15,2,0,12.9625,1.0517578125
base,long,DGII,699,699,1,0,2022-10-11,35.73,1.7325999999999997,15.71875,1.1962890625,1,21,2.959425141405983,2.3117280387856396,14,2,1,12.9625,1.0517578125
base,long,CI,700,700,1,0,2022-10-12,270.5788,5.668895556218473,9.6328125,1.0869140625,1,15,6.660685096181758,0.580982510050584,15,1,0,12.9625,1.0517578125
base,long,FIX,703,703,1,0,2022-10-17,103.1373,3.26971246205706,12.796875,1.0400390625,1,6,2.211288410412245,0.5309525673712528,6,3,0,12.9625,1.0517578125
base,long,FIX,790,790,1,1,2023-02-22,122.3655,2.9279257029765122,10.4296875,1.048828125,1,43,9.522236353553152,-1.1264732285447274,7,32,0,12.9625,1.0517578125
base,long,FIX,1427,1428,2,1,2025-09-09,708.7244,23.092792965738674,22.6875,1.2265625,1,31,6.585045058835028,-0.5337605451199027,24,1,1,12.9625,1.0517578125
base,long,HLX,703,703,1,0,2022-10-17,4.37,0.21250714285714295,19.75,1.046875,1,4,2.1175758798023594,0.3058720715270092,4,1,0,12.9625,1.0517578125
base,long,HLX,919,919,1,0,2023-08-28,9.72,0.2715142857142857,20.203125,1.111328125,1,38,7.936967273492579,-0.3314742712827523,21,1,1,12.9625,1.0517578125
base,long,HAE,705,705,1,0,2022-10-19,78.58,2.179642857142859,8.8515625,0.5849609375,1,12,3.3904637063739114,0.1628707193183697,9,1,0,12.9625,1.0517578125
base,long,ERIE,706,706,1,0,2022-10-20,220.7621,5.627138423011169,16.640625,1.224609375,1,4,1.4093359201868199,0.4038502637676026,2,3,1,12.9625,1.0517578125
base,long,LXU,711,712,2,0,2022-10-28,16.67,1.0048285714285712,0.323974609375,0.744140625,1,1,1.7913503369444657,-0.8160595979413657,1,1,0,12.9625,1.0517578125
base,long,MTUS,714,714,1,0,2022-11-01,17.78,0.9721428571428576,7.20703125,0.7431640625,1,1,-0.12343864805290324,1.3063923585598813,1,1,0,12.9625,1.0517578125
base,long,SBR,714,715,2,0,2022-11-02,64.3228,2.186364174536819,8.7578125,1.00390625,0,60,2.8279350315738143,3.379304430109544,51,13,0,12.9625,1.0517578125
base,long,SBR,717,718,2,0,2022-11-07,65.3703,2.178829040361921,8.7578125,1.00390625,0,60,2.3569521728504252,3.871754040621654,48,10,0,12.9625,1.0517578125
base,long,ALNY,721,721,1,0,2022-11-10,212.45,8.155714285714282,9.7578125,1.111328125,0,60,3.7421614993869357,1.093711683307058,28,12,0,12.9625,1.0517578125
base,long,ALNY,731,731,1,0,2022-11-25,212.72,7.849999999999999,9.7578125,1.111328125,1,59,3.8535031847133765,1.9248407643312087,18,59,0,12.9625,1.0517578125
base,long,ULTA,721,721,1,0,2022-11-10,423.58,12.461428571428574,7.29296875,0.91015625,1,13,3.4482402843058595,0.2656196262753641,13,1,0,12.9625,1.0517578125
base,long,OSG,748,748,1,0,2022-12-20,16.1545,0.45858109108583395,7.37109375,0.76708984375,1,45,2.8347091974926855,1.1251512313856988,7,38,0,12.9625,1.0517578125
base,long,NOC,749,749,1,0,2022-12-21,510.7865,11.890267006242137,-13.515625,0.6767578125,1,22,0.7183730576406359,7.869472393521984,7,19,0,12.9625,1.0517578125
base,long,HAL,758,758,1,0,2023-01-05,36.2121,1.2945775062257765,-4.99609375,0.78662109375,1,11,3.2101387736850513,-0.3087830348731659,8,1,0,12.9625,1.0517578125
base,long,CVX,761,761,1,0,2023-01-10,153.691,3.415481028234325,-8.328125,0.75732421875,1,11,3.008583808302972,0.44475188034475066,11,1,0,12.9625,1.0517578125
base,long,CVX,763,764,2,0,2023-01-13,155.0181,3.1192689620618808,-8.328125,0.75732421875,1,8,2.868832738680086,0.3918706964437803,8,3,0,12.9625,1.0517578125
base,long,CVX,769,769,1,0,2023-01-23,157.7245,3.3587329385414244,-8.328125,0.75732421875,1,3,1.8585165993645683,1.120308160580693,3,2,0,12.9625,1.0517578125
base,long,ZETA,406,406,1,0,2023-01-20,8.68,0.34596428571428595,15.96875,,1,22,5.202849179312479,0.404666047279861,18,16,0,12.9625,1.0517578125
base,long,RGA,769,769,1,0,2023-01-23,134.6431,2.705005330129024,-0.5009765625,0.94287109375,1,7,3.474042284702805,0.6771039466605626,7,1,0,12.9625,1.0517578125
base,long,NVT,773,774,2,0,2023-01-30,37.6539,0.6477003258209467,12.71875,1.04296875,1,5,2.534710763130438,0.05972616122899,5,1,0,12.9625,1.0517578125
base,long,TXN,774,774,1,0,2023-01-30,158.1742,3.721983840929533,0.68408203125,0.546875,1,58,3.23275135612242,1.308346296627638,43,18,0,12.9625,1.0517578125
base,long,AME,779,779,1,0,2023-02-06,143.9947,2.811004379163774,1.9169921875,0.86376953125,1,58,-0.010435369523566954,5.340878303068888,1,26,0,12.9625,1.0517578125
base,long,NE,418,418,1,0,2023-02-06,33.5947,1.127846847731682,0.33447265625,,1,13,4.027393093119488,1.84664850509064,8,13,0,12.9625,1.0517578125
base,long,SFM,783,783,1,0,2023-02-10,32.58,0.7203571428571437,6.3828125,0.9951171875,1,12,1.0827962320277644,3.3039167079821463,4,11,0,12.9625,1.0517578125
base,long,SFM,984,984,1,1,2023-11-29,41.62,0.8461285714285717,9.875,1.1103515625,1,56,14.159550220331255,0.4136487193773252,55,1,0,12.9625,1.0517578125
base,long,VIST,791,793,3,0,2023-02-27,18.33,0.7979999999999999,15.3125,1.1025390625,1,39,5.651629072681707,3.045112781954885,35,12,1,12.9625,1.0517578125
base,long,OIS,793,793,1,0,2023-02-27,9.17,0.5303642857142854,3.41015625,0.8837890625,1,41,2.451145439118668,3.652395253935976,4,13,0,12.9625,1.0517578125
base,long,KOF,809,809,1,0,2023-03-21,68.3694,1.4955141031847248,9.75,1.1083984375,1,24,5.026240149821316,0.3260072134513136,24,3,0,12.9625,1.0517578125
base,long,MSCI,812,813,2,0,2023-03-27,521.0791,14.244624780868747,-6.06640625,0.4560546875,1,19,1.5374279299133706,1.8799775283050002,6,9,0,12.9625,1.0517578125
base,long,TMHC,823,824,2,0,2023-04-12,37.78,0.9181857142857146,7.890625,1.1201171875,1,9,2.9950367961663518,0.40296858712056866,9,1,0,12.9625,1.0517578125
base,long,TSCO,825,825,1,0,2023-04-13,44.7935,0.9684260571322325,-8.6640625,0.60888671875,1,9,2.9606461827961192,0.056860266018279364,6,1,0,12.9625,1.0517578125
base,long,TSCO,1189,1190,2,0,2024-09-25,54.7802,1.080685586405979,-2.078125,0.8017578125,1,20,4.833324199003339,-0.019856033175414196,14,1,0,12.9625,1.0517578125
base,long,ADMA,841,841,1,0,2023-05-05,3.46,0.14639285714285719,2.6015625,0.88427734375,1,2,0.7172481092949496,0.2732373749695049,1,2,0,12.9625,1.0517578125
base,long,NVDA,841,841,1,0,2023-05-05,28.6546,0.8192615764968332,24.890625,1.1982421875,1,12,3.839149187639669,0.7731835960922531,9,5,1,12.9625,1.0517578125
base,long,NVDA,846,846,1,0,2023-05-12,28.3149,0.8032571782146951,24.890625,1.1982421875,1,7,4.338545002010234,0.23378784230605223,4,1,1,12.9625,1.0517578125
base,long,LRCX,845,845,1,0,2023-05-11,51.244,1.2264322294428511,13.1328125,0.8154296875,1,50,10.94555872357339,0.4824711864687747,44,1,0,12.9625,1.0517578125
base,long,ABG,851,853,3,0,2023-05-23,206.4,6.502499999999998,10.1484375,1.1005859375,1,41,7.687812379853902,1.36409073433295,32,2,0,12.9625,1.0517578125
base,long,PACB,856,856,1,0,2023-05-26,12.48,0.6507142857142857,14.375,0.414794921875,1,44,3.1811196487376514,1.1679473106476397,34,2,0,12.9625,1.0517578125
base,long,CENX,866,866,1,0,2023-06-12,8.98,0.4221428571428572,4.41015625,0.33740234375,1,39,2.155668358714044,2.7597292724196274,2,19,0,12.9625,1.0517578125
base,long,AIT,872,873,2,0,2023-06-22,135.4224,3.5384483355724377,4.84765625,0.9404296875,1,33,3.269096336712855,0.43737302044793974,13,1,0,12.9625,1.0517578125
base,long,CCS,874,874,1,0,2023-06-23,68.2101,1.7893582935990702,9.8046875,0.884765625,1,21,4.463864326582316,0.7082170148006821,18,8,0,12.9625,1.0517578125
base,long,GFL,834,834,1,0,2023-06-26,37.1063,0.7712409681525837,-5.3046875,0.6025390625,1,20,2.3042806488534446,0.8742003518019426,6,20,0,12.9625,1.0517578125
base,long,ADNT,882,882,1,0,2023-07-06,38.45,0.9127857142857155,2.640625,0.476806640625,1,18,4.940918694733538,-0.1643321073636417,15,1,0,12.9625,1.0517578125
base,long,RELY,461,461,1,0,2023-07-26,19.48,0.622857142857143,21.75,,1,4,0.44954128440367147,2.1192660550458715,4,1,0,12.9625,1.0517578125
base,long,POWL,898,898,1,0,2023-07-28,19.9457,0.6537382736750141,28.0625,1.341796875,1,1,0.2204711133206272,0.22538199157363875,1,1,1,12.9625,1.0517578125
base,long,IMO,905,905,1,0,2023-08-08,50.3667,1.3681747423678767,10.0,0.8515625,0,60,6.456096246036635,0.04090222480678092,36,1,0,12.9625,1.0517578125
base,long,ODFL,918,918,1,0,2023-08-25,201.3329,5.092949013958166,5.44140625,0.99658203125,1,41,2.8036632403375146,2.7650753859927018,5,41,0,12.9625,1.0517578125
base,long,ANET,920,921,2,0,2023-08-30,46.775,1.3188696428571447,6.19921875,0.97265625,1,41,2.1988526430235806,3.5731355449133195,2,40,0,12.9625,1.0517578125
base,long,GOOGL,926,926,1,0,2023-09-07,134.1512,2.8209705198483994,-3.728515625,0.5556640625,1,32,2.0954333587897684,2.8266987800610375,25,13,0,12.9625,1.0517578125
base,long,PCAR,940,942,3,0,2023-09-29,76.6128,1.564077894025857,-1.55859375,0.90966796875,1,16,1.670754639386273,2.1432224703830376,5,16,0,12.9625,1.0517578125
base,long,BRBR,942,942,1,0,2023-09-29,41.23,0.7569999999999999,8.984375,1.0517578125,1,35,8.28269484808455,0.8665785997357978,32,2,0,12.9625,1.0517578125
base,long,WINA,965,965,1,0,2023-11-01,395.5013,10.862803343913388,9.4453125,1.0751953125,0,60,3.6438479364237795,5.921566604355372,28,56,0,12.9625,1.0517578125
base,long,URA,971,972,2,0,2023-11-10,23.5149,0.7342550430241348,7.23046875,1.0927734375,0,60,9.197491183130698,3.164862713577215e-05,55,1,0,12.9625,1.0517578125
base,long,URNM,971,971,1,0,2023-11-09,40.9107,1.4503473734017358,7.56640625,1.0859375,0,60,10.031535904043839,0.5125123962017382,56,1,0,12.9625,1.0517578125
base,long,TDS,974,974,1,0,2023-11-14,18.1895,0.8225828977888361,-3.595703125,0.732421875,0,60,3.014297880295528,1.5398040966349567,13,39,0,12.9625,1.0517578125
base,long,TDS,1414,1416,3,0,2025-08-21,39.2029,1.5375482245460128,4.12109375,0.84716796875,1,54,1.1995948210344751,1.5967754724112253,9,23,0,12.9625,1.0517578125
base,long,TAL,975,975,1,0,2023-11-15,9.61,0.4902999999999999,20.6875,1.185546875,1,46,7.903324495207018,0.8566183968998573,21,1,1,12.9625,1.0517578125
base,long,PSX,977,977,1,0,2023-11-17,107.718,2.216793846002787,8.78125,1.0498046875,1,48,10.944301673980055,0.5971446709076258,48,3,0,12.9625,1.0517578125
base,long,PSX,1050,1050,1,0,2024-03-06,136.8394,2.8215078392782544,-1.1826171875,0.91943359375,1,35,9.024319841575506,0.18506794830235732,21,3,0,12.9625,1.0517578125
base,long,UUUU,981,981,1,0,2023-11-24,8.45,0.3432857142857145,5.18359375,0.744140625,0,60,0.1310861423220971,7.049521431543896,1,59,0,12.9625,1.0517578125
base,long,SABR,991,991,1,0,2023-12-08,3.88,0.2107142857142858,2.341796875,0.5234375,1,45,3.796610169491523,0.33220338983050757,4,1,0,12.9625,1.0517578125
base,long,GSHD,993,993,1,0,2023-12-12,69.9516,2.369664227101422,5.265625,0.52783203125,1,46,7.528706996158909,2.7238695214053243,44,18,0,12.9625,1.0517578125
base,long,THR,996,997,2,0,2023-12-18,31.58,0.7805785714285712,8.6875,1.0107421875,1,29,3.1899415268893985,1.9985175831114272,28,13,0,12.9625,1.0517578125
base,long,HMN,1016,1017,2,0,2024-01-18,31.1814,0.585213137751656,5.90234375,0.6650390625,1,13,6.96836569856789,0.04742871698999004,7,1,0,12.9625,1.0517578125
base,long,GLOB,1023,1023,1,0,2024-01-26,238.01,6.132549999999999,2.4921875,0.5595703125,1,13,2.2000635950787224,1.8736088576530125,5,12,0,12.9625,1.0517578125
base,long,NSIT,1026,1028,3,0,2024-02-02,186.93,3.777085714285716,10.140625,1.0400390625,1,8,2.0227234905217886,1.3323764353469787,6,1,0,12.9625,1.0517578125
base,long,DLR,1029,1029,1,0,2024-02-05,134.8126,3.289902617391136,2.986328125,0.7900390625,1,7,1.076275912505084,1.3971431506545415,5,6,0,12.9625,1.0517578125
base,long,ALKT,708,708,1,0,2024-02-06,24.64,0.7767857142857137,1.3759765625,0.84716796875,1,14,2.7124597701149433,0.29609195402298927,7,2,0,12.9625,1.0517578125
base,long,ALKT,710,710,1,0,2024-02-08,25.31,0.7862142857142851,1.3759765625,0.84716796875,1,12,1.8277459798310196,0.8649041519033346,5,8,0,12.9625,1.0517578125
base,long,ALRM,1031,1031,1,0,2024-02-07,63.35,1.4669642857142853,9.4609375,0.74609375,1,9,5.589774802191113,0.342271454656116,6,1,0,12.9625,1.0517578125
base,long,GBX,1031,1031,1,0,2024-02-07,44.8287,1.145106498122296,11.453125,0.99072265625,1,39,6.900159282809839,0.5154102083411388,39,4,0,12.9625,1.0517578125
base,long,GRBK,1031,1031,1,0,2024-02-07,51.67,1.6165000000000005,10.25,0.962890625,1,14,4.126198577172905,0.0,12,1,0,12.9625,1.0517578125
base,long,UFPT,1032,1034,3,0,2024-02-12,176.78,5.9576428571428535,23.28125,1.119140625,1,5,3.897514597096169,1.5224141858596998,4,1,1,12.9625,1.0517578125
base,long,FRO,1033,1033,1,0,2024-02-09,18.801,0.5982681198138285,8.578125,0.9775390625,1,12,3.1961049199052245,0.009897026220715982,5,11,0,12.9625,1.0517578125
base,long,REGN,1036,1036,1,0,2024-02-14,941.4597,18.522012685338307,4.96484375,1.009765625,1,53,2.708726363058217,3.8928176740318383,9,50,0,12.9625,1.0517578125
base,long,DY,1040,1040,1,0,2024-02-21,116.39,2.786428571428573,16.296875,1.2890625,1,4,2.770571648295307,0.10407587798000732,4,1,1,12.9625,1.0517578125
base,long,XBI,1040,1040,1,0,2024-02-21,91.9947,2.08351989882522,6.09375,0.669921875,0,60,5.276249439477011,5.410002388107657,5,45,0,12.9625,1.0517578125
base,long,LEN-B,1041,1041,1,0,2024-02-22,131.2771,2.418006562783536,10.7265625,1.0869140625,0,60,6.401232164082456,2.4529149563981365,58,40,0,12.9625,1.0517578125
base,long,RDNT,1043,1043,1,0,2024-02-26,38.7,1.164864285714286,21.296875,1.2509765625,1,2,-0.01716938208620524,1.9143861026115887,1,2,1,12.9625,1.0517578125
base,long,STRA,1043,1043,1,0,2024-02-26,90.293,1.9015420347866296,6.23828125,0.99365234375,1,2,0.30714746661195413,0.4706305836024763,2,2,0,12.9625,1.0517578125
base,long,KEY,1047,1047,1,0,2024-03-01,12.9135,0.35956875495603985,10.4296875,0.52783203125,1,32,4.226457044964878,0.3290240028484073,19,31,0,12.9625,1.0517578125
base,long,MTG,1049,1049,1,0,2024-03-05,18.9555,0.3051386394517862,-0.0246124267578125,0.95849609375,1,39,8.28721162279124,1.663442611845348,17,29,0,12.9625,1.0517578125
base,long,MTG,1051,1051,1,0,2024-03-07,18.9076,0.33113690848096133,-0.0246124267578125,0.95849609375,1,37,7.7812180202065715,1.388189004642599,15,27,0,12.9625,1.0517578125
base,long,STNG,1050,1050,1,0,2024-03-06,63.9352,2.1218512919585755,3.53125,0.873046875,1,44,3.3829993132943685,0.2619429901488321,44,3,0,12.9625,1.0517578125
base,long,QNST,1054,1054,1,0,2024-03-12,15.27,0.4610428571428572,16.125,0.96044921875,1,39,9.339478821305736,0.08675983019861618,39,2,0,12.9625,1.0517578125
base,long,WFG,1037,1037,1,0,2024-03-12,78.3484,2.3932657898362146,-6.50390625,0.409423828125,1,28,3.4117429266295733,2.0034282334721505,9,24,0,12.9625,1.0517578125
base,long,CADE,1055,1055,1,0,2024-03-13,25.7827,0.6881197385037018,-1.05078125,0.74267578125,1,26,2.3444441215566063,1.812757977509796,11,23,0,12.9625,1.0517578125
base,long,C,1056,1056,1,0,2024-03-14,53.7858,1.1100639217816568,6.51953125,0.98388671875,1,19,5.779788451906059,0.5431782321290293,11,1,0,12.9625,1.0517578125
base,long,LNC,1059,1059,1,0,2024-03-19,24.5326,0.7289076405219603,-2.00390625,0.342529296875,1,30,6.309923250504129,0.24652998006140783,7,1,0,12.9625,1.0517578125
base,long,MS,1059,1059,1,0,2024-03-19,83.3423,1.7632837603653206,1.5126953125,0.78173828125,1,18,3.3783720706123823,1.8228533793870751,11,16,0,12.9625,1.0517578125
base,long,ESS,1060,1060,1,0,2024-03-20,221.2815,4.6905267394642935,2.8359375,0.5224609375,1,27,2.86572113178139,1.44952078603907,26,20,0,12.9625,1.0517578125
base,long,ESS,1063,1063,1,0,2024-03-25,220.2059,4.16454168458005,2.8359375,0.5224609375,1,24,3.485939797462344,1.3743207391866277,23,17,0,12.9625,1.0517578125
base,long,MTB,1060,1060,1,0,2024-03-20,134.8623,3.400377726848199,2.91796875,0.51904296875,1,16,1.058073846845421,2.8135074957339072,2,15,0,12.9625,1.0517578125
base,long,MTB,1135,1135,1,0,2024-07-09,142.3556,3.0217572522267893,8.3125,0.88134765625,1,6,5.028645788825539,0.4811931218320123,6,1,0,12.9625,1.0517578125
base,long,NBHC,1060,1060,1,0,2024-03-20,32.5294,0.8086230288246173,-6.4765625,0.308349609375,1,23,2.1798893553419183,2.7743138065336206,6,19,0,12.9625,1.0517578125
base,long,UHAL-B,341,341,1,0,2024-03-22,64.831,1.5725519399433945,-6.23828125,,0,60,1.6193833085232963,4.293158058838239,8,47,0,12.9625,1.0517578125
base,long,ASC,1064,1064,1,0,2024-03-26,14.9302,0.35942314373462914,4.8828125,0.8271484375,1,29,4.12072477387472,2.022057294072056,28,9,0,12.9625,1.0517578125
base,long,CSW,1080,1080,1,0,2024-04-18,232.3754,4.552166296898256,8.140625,1.052734375,1,24,4.010515629468222,0.6315999495090046,13,1,0,12.9625,1.0517578125
base,long,INSW,1089,1089,1,0,2024-05-01,44.9163,1.0597864604516773,14.0703125,1.03515625,1,4,1.9469207968640065,-0.1551846022791189,4,1,0,12.9625,1.0517578125
base,long,LPG,1090,1090,1,0,2024-05-02,34.8173,1.1533624636552575,1.935546875,0.88671875,1,13,2.5203350419477295,0.5380657657056829,6,2,0,12.9625,1.0517578125
base,long,IAG,1093,1095,3,0,2024-05-09,3.85,0.1499928571428572,8.3203125,0.9404296875,0,60,4.96690318586599,2.733463498261822,6,59,0,12.9625,1.0517578125
base,long,ZWS,1093,1093,1,0,2024-05-07,31.6965,0.736686689343501,-6.78125,0.62548828125,1,56,1.0413137430416408,5.30164173655274,11,42,0,12.9625,1.0517578125
base,long,APO,1096,1096,1,0,2024-05-10,108.8484,2.918183161520449,4.203125,0.98291015625,1,55,4.959279563142933,0.8920608870428328,55,2,0,12.9625,1.0517578125
base,long,PWR,1099,1100,2,0,2024-05-16,263.2103,7.077891354942291,-1.517578125,0.9111328125,1,51,3.2491022479456926,2.751987881273485,7,41,0,12.9625,1.0517578125
base,long,HLNE,1100,1100,1,0,2024-05-16,114.185,2.2800298009313815,5.1640625,0.9833984375,1,4,1.084546867287081,0.9824712206706466,4,2,0,12.9625,1.0517578125
base,long,HCA,1107,1108,2,0,2024-05-29,320.3894,6.659324276278576,-0.40673828125,0.87548828125,1,36,2.920705682820314,1.758476725123643,21,28,0,12.9625,1.0517578125
base,long,AMKR,1114,1114,1,0,2024-06-06,31.7714,0.9555819672833012,-3.87109375,0.7939453125,1,34,11.990343747653785,0.5950440984259328,26,1,0,12.9625,1.0517578125
base,long,FOUR,1016,1016,1,0,2024-06-20,70.62,2.577935714285714,3.08203125,0.69384765625,1,32,1.807647868865176,5.108738719518109,11,31,0,12.9625,1.0517578125
base,long,HWKN,1124,1129,6,0,2024-06-28,90.1113,2.2914295551479436,16.359375,1.1689453125,1,21,8.439829250439125,1.6270305008073744,16,2,1,12.9625,1.0517578125
base,long,NEM,1126,1126,1,0,2024-06-25,40.6735,0.9318373582172781,14.953125,0.615234375,1,19,7.365137705054733,0.7729382617444683,15,1,0,12.9625,1.0517578125
base,long,NEM,1128,1128,1,0,2024-06-27,40.6153,0.8123682295256371,14.953125,0.615234375,1,17,8.519917705331977,0.6333230647167798,13,3,0,12.9625,1.0517578125
base,long,APP,806,806,1,0,2024-06-28,83.22,3.661071428571429,1.0146484375,0.94287109375,1,26,2.3736220856501795,6.1593990830162895,4,25,0,12.9625,1.0517578125
base,long,APP,856,856,1,1,2024-09-10,86.23,3.829428571428571,34.6875,1.33203125,1,40,23.039991046780575,-0.23241065433112007,36,1,1,12.9625,1.0517578125
base,long,EGY,1131,1131,1,0,2024-07-02,5.5938,0.17174438886511625,0.4755859375,0.84765625,1,22,6.461550088660098,0.10545179690469911,18,22,0,12.9625,1.0517578125
base,long,EGY,1133,1133,1,0,2024-07-05,5.6479,0.17625545541817608,0.4755859375,0.84765625,1,20,5.98923289264274,0.4096937268852293,16,20,0,12.9625,1.0517578125
base,long,EGY,1136,1136,1,0,2024-07-10,5.8284,0.15949988364636272,0.4755859375,0.84765625,1,17,5.486743633234134,1.5843946004025136,13,17,0,12.9625,1.0517578125
base,long,KLAC,1131,1131,1,0,2024-07-02,827.1066,24.074898944830085,4.59765625,0.9853515625,1,14,2.3423398290837287,3.1824874299523054,6,12,0,12.9625,1.0517578125
base,long,WT,1133,1134,2,0,2024-07-08,9.8209,0.20732284978117846,-0.01364898681640625,0.953125,1,13,5.369903533926695,0.19178170079615087,8,1,0,12.9625,1.0517578125
base,long,ALLY,1134,1134,1,0,2024-07-08,38.3391,0.8418378596753578,5.484375,0.93505859375,1,6,4.497975142673894,0.31488435856275465,6,1,0,12.9625,1.0517578125
base,long,SANM,1134,1134,1,0,2024-07-08,66.53,1.206071428571432,1.9404296875,0.86669921875,1,14,7.312999703879156,0.8374296713058946,14,1,0,12.9625,1.0517578125
base,long,DRN,1136,1136,1,1,2024-07-10,8.5541,0.2777643372906177,23.15625,0.5830078125,0,60,17.889278026806586,-1.3147582213766957,47,1,0,12.9625,1.0517578125
base,long,ARLP,1137,1137,1,0,2024-07-11,20.8349,0.5133372361945264,2.41015625,0.953125,1,11,2.066803106584843,0.30903678137278306,10,3,0,12.9625,1.0517578125
base,long,IFF,1141,1142,2,0,2024-07-18,93.0498,1.9770018608410527,7.921875,0.69140625,1,12,2.5671499340668475,2.1433404063011547,8,12,0,12.9625,1.0517578125
base,long,CNK,1146,1146,1,0,2024-07-24,21.1947,0.665498550110034,21.84375,1.26953125,1,6,3.4629177645890743,0.5179649321044087,5,2,1,12.9625,1.0517578125
base,long,CNK,1148,1148,1,0,2024-07-26,21.6576,0.6809753263721569,21.84375,1.26953125,1,4,2.7044544496136855,-0.014342694806038553,3,1,1,12.9625,1.0517578125
base,long,TTEK,1147,1147,1,0,2024-07-25,41.1616,0.8434410997312486,10.9609375,1.2021484375,1,3,1.6969231187771507,0.6703515988787597,3,1,0,12.9625,1.0517578125
base,long,CUBE,1162,1163,2,0,2024-08-16,44.5003,1.0447122910034825,10.9296875,1.203125,1,52,5.712200538369292,0.8662008510972464,22,51,0,12.9625,1.0517578125
base,long,GOLD,1167,1167,1,0,2024-08-22,34.7579,1.1574318410594489,13.2734375,1.1171875,1,4,1.733359988725896,0.3316679021020473,2,4,1,12.9625,1.0517578125
base,long,BEP,1175,1176,2,0,2024-09-05,22.8648,0.6354684173823694,1.2158203125,0.471435546875,1,45,6.716604390043695,1.993382654086956,32,2,0,12.9625,1.0517578125
base,long,COMP,863,863,1,0,2024-09-06,5.16,0.2913785714285714,19.4375,1.12109375,1,37,5.559777412791411,-0.1372784546368251,8,1,1,12.9625,1.0517578125
base,long,APGE,292,292,1,0,2024-09-10,49.51,2.3694285714285708,3.919921875,,1,44,5.904377185578201,0.24478475822983173,44,2,0,12.9625,1.0517578125
base,long,APGE,294,295,2,0,2024-09-13,51.38,2.4606428571428576,3.919921875,,1,41,4.925542105721499,0.6664924961537346,41,3,0,12.9625,1.0517578125
base,long,KNTK,1179,1179,1,0,2024-09-10,39.3102,0.9872937043487647,10.5625,1.1572265625,1,40,7.621742103304344,0.6380715627898076,33,1,0,12.9625,1.0517578125
base,long,ANNX,1039,1039,1,0,2024-09-11,6.18,0.34816428571428576,17.34375,0.94775390625,1,45,4.796586176476621,1.2637712081734798,27,14,0,12.9625,1.0517578125
base,long,PLNT,1181,1181,1,0,2024-09-12,82.31,1.655071428571428,1.1103515625,0.73388671875,1,39,1.674852185922053,2.743084027448108,6,30,0,12.9625,1.0517578125
base,long,PLNT,1383,1383,1,0,2025-07-07,106.9,3.3113571428571427,0.67578125,0.853515625,1,21,2.286071744429343,0.757997368364289,12,2,0,12.9625,1.0517578125
base,long,TSL,529,529,1,0,2024-09-17,9.14,0.4742999999999998,7.7265625,,0,60,21.61079485557665,1.7636516972380378,60,26,0,12.9625,1.0517578125
base,long,HROW,1190,1190,1,0,2024-09-25,44.46,2.275,21.375,1.1748046875,1,34,6.492307692307691,0.6901098901098902,17,4,1,12.9625,1.0517578125
base,long,OCUL,1190,1190,1,0,2024-09-25,8.84,0.4041857142857144,17.65625,1.0615234375,1,35,7.261513448556179,0.8659385713780782,23,4,1,12.9625,1.0517578125
base,long,NMRA,260,260,1,0,2024-09-26,13.08,0.730957142857143,-2.794921875,,1,32,5.619207692458029,3.310727617409658,16,28,0,12.9625,1.0517578125
base,long,CHH,1195,1195,1,0,2024-10-02,129.2124,2.6323059617186004,10.703125,1.30078125,1,22,4.689417264001303,1.3922001910151154,18,1,0,12.9625,1.0517578125
base,long,CHH,1204,1204,1,0,2024-10-15,131.6064,2.5609403036481404,10.703125,1.30078125,1,13,3.885284247681483,1.0463579669273133,9,6,0,12.9625,1.0517578125
base,long,CHH,1207,1207,1,0,2024-10-18,132.7491,2.4875069400516656,10.703125,1.30078125,1,10,3.5406056076506207,1.5366229649466163,6,3,0,12.9625,1.0517578125
base,long,GDYN,1195,1195,1,0,2024-10-02,14.17,0.42964285714285705,17.984375,0.93994140625,1,20,5.004156275976727,0.6749792186201146,19,1,0,12.9625,1.0517578125
base,long,GDYN,1197,1197,1,0,2024-10-04,14.33,0.40178571428571414,17.984375,0.93994140625,1,18,4.952888888888891,0.7466666666666687,17,1,0,12.9625,1.0517578125
base,long,SNEX,1195,1195,1,0,2024-10-02,36.2133,0.8063360092753113,14.828125,1.275390625,1,33,11.10091276891136,0.47942472802556124,25,1,1,12.9625,1.0517578125
base,long,CRAI,1196,1196,1,0,2024-10-03,168.6454,4.555029623808183,8.3515625,1.0283203125,1,19,5.613339638416377,-0.1765462720972634,10,1,0,12.9625,1.0517578125
base,long,PTON,1202,1202,1,1,2024-10-11,4.91,0.29205714285714285,38.59375,0.763671875,1,13,6.813735081197418,0.5471531989825856,13,1,0,12.9625,1.0517578125
base,long,SG,736,737,2,0,2024-10-25,37.48,2.2061785714285724,16.234375,1.09375,1,8,1.8901461803700645,1.0570313891182197,8,4,1,12.9625,1.0517578125
base,long,AMSC,1216,1216,1,0,2024-10-31,24.52,1.7092857142857143,25.6875,1.2060546875,0,60,7.898035938152948,0.7898035938152933,9,40,1,12.9625,1.0517578125
base,long,AMZU,539,539,1,0,2024-10-29,30.8892,1.0350190602682114,14.09375,,0,60,15.682010097577633,1.7926145877544386,60,2,0,12.9625,1.0517578125
base,long,SPXL,1214,1214,1,0,2024-10-29,166.5884,3.73125927193674,12.234375,1.07421875,0,60,5.700191189368412,3.245555283680291,27,4,0,12.9625,1.0517578125
base,long,UPRO,1214,1214,1,0,2024-10-29,87.4066,1.9550684485026733,12.2265625,1.0751953125,0,60,5.720146737719122,3.2481106687726977,27,4,0,12.9625,1.0517578125
base,long,AGO,1215,1215,1,0,2024-10-30,83.6891,1.4454415256221398,10.53125,0.9921875,1,7,1.7432732190777258,2.92564454090402,5,4,0,12.9625,1.0517578125
base,long,DOC,1215,1215,1,0,2024-10-30,20.5801,0.44449709841337387,0.054656982421875,0.7734375,0,60,1.322668224714602,6.156442788995323,7,48,0,12.9625,1.0517578125
base,long,DOC,1218,1218,1,0,2024-11-04,20.1945,0.4759116771479768,-7.484375,0.58837890625,1,59,2.0455942453089015,4.939826167630218,4,45,0,12.9625,1.0517578125
base,long,APH,1218,1218,1,0,2024-11-04,67.4175,1.4386954618648318,1.8115234375,0.89794921875,1,51,5.192927744147238,0.46853908826570473,29,46,0,12.9625,1.0517578125
base,long,RCAT,1218,1218,1,1,2024-11-04,3.27,0.24149999999999996,48.125,1.4404296875,0,60,49.70600414078675,0.4140786749482406,42,1,1,12.9625,1.0517578125
base,long,KIM,1226,1226,1,0,2024-11-14,23.0781,0.44211766987186557,-0.740234375,0.943359375,1,55,2.3440171578968974,6.3888464002697205,10,37,0,12.9625,1.0517578125
base,long,SOUN,645,645,1,1,2024-11-20,6.44,0.6039642857142857,55.90625,1.6298828125,0,60,30.697179350718464,0.09934362249423534,24,1,1,12.9625,1.0517578125
base,long,SBUX,1231,1231,1,0,2024-11-21,96.8476,2.071711543890764,-5.57421875,0.486572265625,1,42,1.523081566587387,6.4285981980307625,2,21,0,12.9625,1.0517578125
base,long,CLMT,1232,1232,1,0,2024-11-22,21.8,1.3152071428571435,7.56640625,1.009765625,0,60,1.4826561812642212,5.66450694893254,28,60,0,12.9625,1.0517578125
base,long,PPTA,1235,1235,1,0,2024-11-27,9.755000114440918,0.5738572478294373,8.765625,1.0771484375,0,60,6.055511951446533,3.3893449306488037,25,57,0,12.9625,1.0517578125
base,long,FNKO,1250,1250,1,0,2024-12-19,11.64,0.5212142857142857,9.7109375,0.69775390625,1,49,5.774976017541455,1.1319720433054676,12,49,0,12.9625,1.0517578125
base,long,ADPT,1253,1253,1,0,2024-12-24,6.39,0.4827142857142856,23.5,0.7138671875,1,30,4.0189405149452515,0.9943770346256282,17,3,0,12.9625,1.0517578125
base,long,ADPT,1432,1432,1,0,2025-09-15,13.08,0.5942142857142858,22.359375,1.23046875,1,36,8.087991345113593,0.9592499098449336,26,8,1,12.9625,1.0517578125
base,long,WIX,1261,1261,1,0,2025-01-07,220.71,6.925714285714286,-4.140625,0.880859375,1,27,3.8118811881188126,0.6742986798679891,13,2,0,12.9625,1.0517578125
base,long,PLMR,1277,1277,1,0,2025-01-31,107.87,3.160357142857141,16.03125,1.111328125,1,7,1.4112329076731822,1.075827777149963,6,1,1,12.9625,1.0517578125
base,long,PLMR,1283,1283,1,0,2025-02-10,109.62,2.976142857142856,14.28125,1.1103515625,1,1,0.672010752172035,0.3057648922382796,1,1,1,12.9625,1.0517578125
base,long,VCTR,1277,1277,1,0,2025-01-31,63.8133,1.5748770705793496,-0.71142578125,0.91650390625,1,3,-0.012260067154349288,1.6837120660624845,3,1,0,12.9625,1.0517578125
base,long,BSTZ,1281,1281,1,0,2025-02-06,18.7857,0.3686499469628607,-11.21875,0.6708984375,0,60,0.7354996990194084,14.527752223949687,6,41,0,12.9625,1.0517578125
base,long,ORLA,1302,1302,1,0,2025-03-10,7.2398,0.3655556912610522,29.75,1.4609375,0,60,12.838990608423808,0.4644411369027307,29,20,1,12.9625,1.0517578125
base,long,GEO,1329,1329,1,0,2025-04-16,29.07,1.9035714285714285,-7.95703125,0.86474609375,1,13,1.5864915572232663,0.6619136960600384,11,2,0,12.9625,1.0517578125
base,long,IONQ,1080,1080,1,0,2025-04-23,26.8,2.5910714285714285,23.6875,1.0546875,1,9,1.9490006891798763,0.18139214334941514,2,5,1,12.9625,1.0517578125
base,long,IONQ,1174,1174,1,0,2025-09-08,41.01,2.2722999999999987,20.015625,1.0986328125,1,41,19.200809752233432,-0.015402895744401582,25,1,1,12.9625,1.0517578125
base,long,IONQ,1176,1176,1,1,2025-09-10,43.86,2.164442857142856,20.015625,1.0986328125,1,39,18.84087624000899,0.22176607639049178,23,1,1,12.9625,1.0517578125
base,long,CSV,1334,1334,1,0,2025-04-24,38.6647,1.3960793555332311,6.80078125,0.99267578125,1,3,0.9782207710918198,0.2906396303795269,3,1,0,12.9625,1.0517578125
base,long,CSV,1336,1336,1,0,2025-04-28,39.5653,1.2603591056887846,6.80078125,0.99267578125,1,1,0.36900104230288305,0.1727826232760527,1,1,0,12.9625,1.0517578125
base,long,LYV,1343,1345,3,0,2025-05-09,136.52,3.6992857142857116,8.1328125,0.994140625,1,60,5.014481560146746,0.4811739718092302,51,13,0,12.9625,1.0517578125
base,long,CAKE,1344,1345,2,0,2025-05-09,49.144,1.7484894383462586,13.875,1.12890625,1,53,11.169515084288431,-0.7400915517046182,50,1,1,12.9625,1.0517578125
base,long,PSIX,1345,1345,1,1,2025-05-09,30.36,2.177071428571429,40.96875,1.2763671875,0,60,32.44046064503428,-0.2939728993733392,48,1,1,12.9625,1.0517578125
base,long,AIG,1346,1346,1,0,2025-05-12,81.6352,1.6598369077447808,1.9814453125,0.88134765625,1,58,2.3509913248818286,3.946231358022434,18,56,0,12.9625,1.0517578125
base,long,CLS,1346,1346,1,1,2025-05-12,100.32,4.7942857142857145,30.46875,1.181640625,1,51,15.291120381406436,-0.07091775923718784,50,1,1,12.9625,1.0517578125
base,long,KTOS,1349,1350,2,1,2025-05-16,35.21,1.3579928571428574,25.421875,1.2626953125,1,55,20.31674898353136,0.8505199375128215,54,3,1,12.9625,1.0517578125
base,long,KTOS,1429,1429,1,1,2025-09-10,65.66,2.6887214285714274,22.078125,1.23046875,1,38,17.44769818899584,0.02231543936177929,21,1,1,12.9625,1.0517578125
base,long,ABT,1358,1358,1,0,2025-05-29,131.0072,2.257530412070807,1.5146484375,0.9892578125,1,32,2.712657354143961,0.8867267714178692,17,7,0,12.9625,1.0517578125
base,long,ASTS,1311,1311,1,1,2025-06-03,25.18,1.5608214285714292,36.46875,1.2177734375,1,46,22.917419856760397,-0.14101549092739535,32,1,1,12.9625,1.0517578125
base,long,OBK,1361,1361,1,0,2025-06-03,33.9882,0.7237598640132674,5.4453125,0.87353515625,1,33,5.967429187046419,1.1401590416542418,32,2,0,12.9625,1.0517578125
base,long,QXO,1363,1363,1,1,2025-06-05,16.75,0.8614285714285719,14.7734375,0.381591796875,1,47,9.21724709784411,-1.160862354892205,12,1,0,12.9625,1.0517578125
base,long,ASND,1367,1367,1,0,2025-06-11,171.72,6.748392857142854,3.71875,0.89794921875,1,38,2.24794263184356,1.6092720489005303,37,32,0,12.9625,1.0517578125
base,long,IDCC,1367,1367,1,0,2025-06-11,219.9126,5.787359252109027,14.4453125,1.0595703125,1,33,5.090239190505976,1.4229090100531223,33,31,1,12.9625,1.0517578125
base,long,EMBJ,1369,1369,1,0,2025-06-13,48.166,1.3835797779631618,12.2890625,1.025390625,1,35,9.631306021787283,1.2615948739057907,14,29,0,12.9625,1.0517578125
base,long,EMBJ,1502,1502,1,0,2025-12-23,64.84,1.8285469502769252,11.515625,0.99951171875,1,48,8.700897725153023,0.5468823208769972,22,1,0,12.9625,1.0517578125
base,long,SPRY,1137,1137,1,0,2025-06-17,14.82,0.7246071428571427,13.90625,0.99560546875,1,38,5.630637291142983,0.02760116319187679,7,1,0,12.9625,1.0517578125
base,long,TKO,1371,1371,1,0,2025-06-17,166.0349,3.462107563221977,2.1015625,0.93310546875,1,33,4.18018499769309,1.533298119505172,8,33,0,12.9625,1.0517578125
base,long,SMCY,191,191,1,0,2025-06-18,9.3418,0.291216639997305,23.109375,,0,60,10.340716679405794,2.832664805234891,29,51,0,12.9625,1.0517578125
base,long,DTM,1006,1006,1,0,2025-06-23,103.9754,2.1025300865646375,0.95263671875,0.8544921875,1,26,2.3009874496245146,3.7775229580925576,5,21,0,12.9625,1.0517578125
base,long,IREN,900,900,1,1,2025-06-23,10.66,0.6608571428571433,36.34375,1.13671875,1,46,19.247730220492855,-0.3934284479031555,44,1,1,12.9625,1.0517578125
base,long,VIRT,1374,1374,1,0,2025-06-23,41.646,0.9654324512962518,6.69140625,0.95751953125,1,25,3.4175160140783816,0.5491943177469074,18,20,0,12.9625,1.0517578125
base,long,WCC,1374,1374,1,0,2025-06-23,179.9918,4.436749763341502,15.2421875,1.0302734375,1,26,8.530095588531944,-0.1770567027384837,25,2,0,12.9625,1.0517578125
base,long,PATK,1376,1376,1,0,2025-06-25,88.9046,2.763743657766238,10.2890625,0.86962890625,1,24,4.772785833656929,1.7495748142904117,24,1,0,12.9625,1.0517578125
base,long,PBI,1376,1376,1,0,2025-06-25,10.3177,0.27026622126866623,11.671875,1.0009765625,1,23,9.129366126969792,0.3246599095332705,19,1,0,12.9625,1.0517578125
base,long,TILE,1377,1377,1,0,2025-06-26,20.8644,0.4979592941627478,2.75390625,0.734375,1,24,3.284664261946543,1.1015897144905364,9,16,0,12.9625,1.0517578125
base,long,NGVT,1378,1378,1,0,2025-06-27,43.36,1.260714285714285,4.84765625,0.3515625,1,24,4.188101983002836,2.8713881019830025,8,24,0,12.9625,1.0517578125
base,long,SMP,1379,1379,1,0,2025-06-30,30.0064,0.6969964267087233,5.8828125,0.37939453125,1,24,4.778783325100127,1.6675776012247827,7,23,0,12.9625,1.0517578125
base,long,TIGO,1384,1384,1,0,2025-07-08,34.13290023803711,0.9278687238693237,18.921875,1.2265625,1,20,5.954043388366699,0.3137580156326294,12,1,1,12.9625,1.0517578125
base,long,FAS,1391,1391,1,0,2025-07-17,154.9829,4.7554316904744605,10.1328125,0.8701171875,0,60,3.177059534937978,2.853381638038869,47,11,0,12.9625,1.0517578125
base,long,ACAD,1397,1397,1,0,2025-07-28,22.62,0.725714285714286,17.234375,0.80224609375,1,6,2.342519685039368,0.30314960629921583,5,1,0,12.9625,1.0517578125
base,long,INCY,1460,1460,1,0,2025-10-23,89.31,2.469128571428573,15.328125,1.2744140625,1,2,1.5633045782491208,-0.17010049815145947,2,1,1,12.9625,1.0517578125
base,long,KGC,1401,1401,1,0,2025-07-31,15.934,0.4765957131418376,21.609375,1.2119140625,0,60,24.831810523919042,0.14633874183792916,54,1,1,12.9625,1.0517578125
base,long,GES,1410,1410,1,0,2025-08-13,13.2511,0.4895953753844068,18.453125,0.5234375,1,9,6.641938986296094,1.0540376972396495,9,1,0,12.9625,1.0517578125
base,long,IVR,1415,1415,1,0,2025-08-20,6.7314,0.11578424585617597,0.77099609375,0.62109375,1,49,3.0322505407287696,3.4104959851802756,11,24,0,12.9625,1.0517578125
base,long,CALX,1416,1416,1,0,2025-08-21,57.13,1.5378571428571408,9.75,1.0908203125,1,47,4.662331630283329,-0.026010218300045927,20,1,0,12.9625,1.0517578125
base,long,SNDK,130,130,1,1,2025-08-21,45.5,2.136578571428572,48.1875,,1,53,81.17651385225375,-0.06084494234774674,53,1,0,12.9625,1.0517578125
base,long,SNDK,221,221,1,1,2025-12-31,237.38,17.381285714285713,53.1875,,1,18,16.919490585112065,-0.38086940798395674,18,1,0,12.9625,1.0517578125
base,long,SA,1417,1421,5,1,2025-08-28,16.5,0.5321428571428568,30.6875,1.375,1,52,24.072483221476524,0.09395973154362555,34,1,1,12.9625,1.0517578125
base,long,CNM,1028,1031,4,0,2025-08-29,64.72,1.2228571428571418,-10.4765625,0.66650390625,1,5,2.0116822429906627,1.8154205607476643,4,1,0,12.9625,1.0517578125
base,long,SVM,1421,1421,1,0,2025-08-28,4.6319,0.17685627276130397,13.03125,1.0107421875,0,60,17.723773433425613,0.3384033791741962,34,1,0,12.9625,1.0517578125
base,long,IONQ-WS,401,401,1,1,2025-09-08,41.01,2.2722999999999987,20.015625,,0,60,19.200809752233432,1.3246490340183954,25,54,0,12.9625,1.0517578125
base,long,IONQ-WS,403,403,1,0,2025-09-10,43.86,2.164442857142856,20.015625,,0,60,18.84087624000899,2.7073941826006043,23,52,0,12.9625,1.0517578125
base,long,TSLA,1427,1427,1,0,2025-09-08,346.4,12.160714285714274,18.46875,1.0830078125,1,31,10.225550660792964,0.21215859030836895,18,1,1,12.9625,1.0517578125
base,long,TSLA,1429,1429,1,1,2025-09-10,347.79,11.284999999999988,18.46875,1.0830078125,1,29,10.89587948604343,0.016836508639787147,16,1,1,12.9625,1.0517578125
base,long,CCJ,1428,1428,1,0,2025-09-09,77.2396,2.80810362851183,19.265625,1.275390625,1,40,11.64710684901935,-0.0497585552754522,35,3,1,12.9625,1.0517578125
base,long,STRL,1428,1428,1,1,2025-09-09,286.69,12.012507142857142,20.90625,1.2080078125,1,38,10.209359173861053,-0.3587927106926057,36,1,1,12.9625,1.0517578125
base,long,EOSE,1323,1323,1,1,2025-09-11,7.22,0.542857142857143,43.6875,1.4423828125,1,38,21.782894736842103,0.09026315789473587,24,1,1,12.9625,1.0517578125
base,long,RGTI,1102,1102,1,1,2025-09-11,16.69,0.9916428571428572,47.3125,1.4462890625,1,41,41.80940718864798,0.030252827198733408,23,1,1,12.9625,1.0517578125
base,long,ROKU,1430,1430,1,0,2025-09-11,96.39,3.2325714285714278,8.625,0.98876953125,1,34,3.35955453420541,1.637922043485949,18,23,0,12.9625,1.0517578125
base,long,ROKU,1433,1433,1,0,2025-09-16,97.91,3.235271428571427,8.625,0.98876953125,1,31,2.886929336907041,2.1063765901734914,15,20,0,12.9625,1.0517578125
base,long,ROKU,1435,1435,1,0,2025-09-18,99.16,3.458128571428569,8.625,0.98876953125,1,29,2.3394156211658683,2.33209952534195,13,18,0,12.9625,1.0517578125
base,long,XMTR,1054,1055,2,0,2025-09-12,50.96,2.5886428571428577,10.140625,0.994140625,1,36,2.7311608399326723,2.5534615490742523,7,24,0,12.9625,1.0517578125
base,long,MNST,1432,1432,1,0,2025-09-15,64.35,1.1232142857142864,4.8515625,1.015625,1,37,5.671224165341813,1.1930047694753536,25,6,0,12.9625,1.0517578125
base,long,METC,1434,1434,1,0,2025-09-17,26.059999465942383,1.7485713958740234,18.984375,1.1484375,1,27,18.151960372924805,-0.39460816979408264,20,1,1,12.9625,1.0517578125
base,long,ACT,1005,1005,1,0,2025-09-18,37.9398,0.7598428251754414,-2.583984375,0.75048828125,1,33,1.1981820389831714,4.818592547314093,6,29,0,12.9625,1.0517578125
base,long,IESC,1435,1435,1,0,2025-09-18,377.5,16.749492857142855,8.7421875,1.0068359375,1,45,3.9063869311181714,2.2310168026409336,26,41,0,12.9625,1.0517578125
base,long,HG,464,464,1,0,2025-09-19,22.7834,0.542744466030023,2.4765625,,1,31,1.7045480349483557,2.1091577013565455,8,31,0,12.9625,1.0517578125
base,long,PRI,1436,1436,1,0,2025-09-19,273.035,5.498998362762551,-3.435546875,0.62255859375,1,32,2.278932900318146,3.65460019430315,2,31,0,12.9625,1.0517578125
base,long,ATAI,1069,1069,1,0,2025-09-22,4.88,0.2701071428571429,24.65625,1.2724609375,1,36,6.923178632817665,2.739653576623034,20,33,1,12.9625,1.0517578125
base,long,REMX,1438,1438,1,0,2025-09-23,60.0637,1.1336793956807862,17.953125,0.8388671875,0,60,17.797549409975147,-1.2041155054129113,16,33,0,12.9625,1.0517578125
base,long,ESE,1457,1457,1,0,2025-10-20,216.0725,5.830857585941751,2.505859375,0.96240234375,1,22,1.7344049100311585,2.1354442668367755,7,19,0,12.9625,1.0517578125
base,long,CRWD,1458,1459,2,0,2025-10-22,500.11,15.083285714285722,4.91015625,0.888671875,1,27,4.428080278075064,1.4956953297405826,15,22,0,12.9625,1.0517578125
base,long,ATI,1459,1459,1,0,2025-10-22,82.16,2.7816999999999985,14.8984375,1.154296875,1,3,3.533810259913004,-0.3558974727684544,3,1,1,12.9625,1.0517578125
base,long,ATI,1491,1492,2,1,2025-12-09,99.42,3.130500000000002,17.5,1.177734375,1,36,8.845232390991848,-0.0031943778949065998,25,1,1,12.9625,1.0517578125
base,long,AXTI,1460,1460,1,1,2025-10-23,5.18,0.49185714285714294,47.4375,1.4814453125,1,4,4.41185013069997,-0.4472843450479245,4,1,1,12.9625,1.0517578125
base,long,DBD,556,556,1,0,2025-10-30,57.5,1.4119214285714285,7.59375,,1,3,1.7918844128315525,2.1389292200597994,2,3,0,12.9625,1.0517578125
base,long,DBD,558,558,1,0,2025-11-03,58.85,1.414642857142857,7.59375,,1,1,-0.21560212067659662,3.089118909366325,1,1,0,12.9625,1.0517578125
base,long,MLI,1479,1479,1,0,2025-11-19,106.267,2.3696519093035846,8.2890625,1.0029296875,1,49,13.750185213335351,1.1164830214414343,49,2,0,12.9625,1.0517578125
base,long,MLI,1482,1482,1,0,2025-11-24,107.4208,2.6941380771152774,8.2890625,1.0029296875,1,46,11.665828455871388,-0.16613874173358323,46,1,0,12.9625,1.0517578125
base,long,MMM,1479,1479,1,0,2025-11-19,165.8359,3.548635554753464,-0.8515625,0.80078125,1,39,2.275171008968823,2.2807938063796502,9,23,0,12.9625,1.0517578125
base,long,ATMU,625,626,2,0,2025-11-24,48.504,1.759872733885779,8.515625,0.9833984375,1,54,9.063996397002871,0.33214948864972527,54,1,0,12.9625,1.0517578125
base,long,ERO,1464,1464,1,1,2025-11-21,21.6,1.0201428571428572,22.53125,1.111328125,0,60,17.8396583111609,-0.009802548662650339,45,1,1,12.9625,1.0517578125
base,long,BAP,1486,1486,1,1,2025-12-01,254.95,8.032857142857143,7.41015625,1.0546875,1,48,15.592210563756002,-0.1979370442824155,43,1,0,12.9625,1.0517578125
base,long,FNV,1490,1490,1,0,2025-12-05,202.8336,5.476017812809498,9.5546875,1.095703125,0,60,15.040741247743293,0.7620599101453746,57,1,0,12.9625,1.0517578125
base,long,BTU,1495,1495,1,0,2025-12-12,29.0848,1.2998007057999674,17.1875,1.1083984375,1,35,8.290347820242882,1.2511992082926064,26,3,1,12.9625,1.0517578125
base,long,BTU,1506,1508,3,0,2026-01-02,30.6114,1.2612721591502407,17.1875,1.1083984375,1,22,7.333230881993306,0.996783660812275,13,1,1,12.9625,1.0517578125
base,long,CCB,1496,1496,1,0,2025-12-15,115.535,4.003557142857143,-12.0078125,0.72021484375,0,60,1.127747110605212,11.1937955175576,5,51,0,12.9625,1.0517578125
base,long,MLM,1497,1497,1,0,2025-12-16,628.7178,12.944394505173802,3.712890625,0.90380859375,1,37,6.286890542251998,1.4791374846429297,37,1,0,12.9625,1.0517578125
base,long,MLM,1500,1500,1,0,2025-12-19,633.1623,14.111081869850953,3.712890625,0.90380859375,1,34,5.4521327350621185,1.1933389484475507,34,8,0,12.9625,1.0517578125
base,long,ATRO,1504,1504,1,0,2025-12-26,55.41,2.3007142857142857,26.25,1.3115234375,1,38,11.50946910897237,0.7910586774293668,25,4,1,12.9625,1.0517578125
base,long,ATRO,1506,1507,2,0,2025-12-31,54.24,2.040714285714286,26.25,1.3115234375,1,35,13.549177458872942,0.31851592579628907,22,1,1,12.9625,1.0517578125
base,long,FTAI,1505,1505,1,1,2025-12-29,172.5384979248047,5.561958312988281,27.921875,1.2177734375,1,38,24.620580673217773,-0.6910373568534851,16,1,1,12.9625,1.0517578125
base,long,AIR,1506,1506,1,0,2025-12-30,83.52,2.5235714285714255,15.8203125,1.326171875,1,3,2.167562977639402,0.4240022643645605,3,2,1,12.9625,1.0517578125
base,long,NGD,1509,1509,1,0,2026-01-05,9.07,0.4935714285714285,17.03125,1.1435546875,0,53,9.238784370477571,1.235890014471779,14,51,1,12.9625,1.0517578125
base,long,BSBR,1519,1519,1,0,2026-01-20,6.2237,0.12349698613321289,3.51953125,0.99853515625,1,10,8.877139712684574,-1.3465915663773067,7,1,0,12.9625,1.0517578125
base,long,UNIT,1520,1521,2,0,2026-01-22,7.69,0.3921357142857143,4.97265625,0.423828125,1,25,2.3588772108781573,1.5683345780433164,6,3,0,12.9625,1.0517578125
base,long,GSL,1521,1522,2,0,2026-01-23,35.5187,0.8358405740124836,13.5703125,1.1455078125,1,27,7.036389693032725,0.9184079212192284,25,9,1,12.9625,1.0517578125
base,long,COCO,1069,1069,1,0,2026-01-27,54.98,1.8514285714285716,10.78125,1.1162109375,1,14,2.6466049382716075,1.5312499999999964,9,1,0,12.9625,1.0517578125
base,long,HLT,1524,1524,1,0,2026-01-27,296.0302,5.674063497016513,7.69921875,0.96875,1,10,5.092655156014179,0.2627447166773545,10,1,0,12.9625,1.0517578125
base,long,ACA,1526,1526,1,0,2026-01-29,114.64,2.6139626631043993,0.1358642578125,0.86865234375,1,18,6.258696893769135,0.7651218696539285,9,1,0,12.9625,1.0517578125
base,long,ST,1530,1530,1,0,2026-02-04,35.9807,1.0844462625564597,2.2265625,0.65869140625,1,9,1.8159498243440864,1.112163848070248,6,1,0,12.9625,1.0517578125
base,long,ST,1537,1537,1,0,2026-02-13,36.88,1.1769336362078815,2.2265625,0.65869140625,1,2,0.45881941291090694,0.7562023657235335,2,1,0,12.9625,1.0517578125
base,long,SYRE,1536,1536,1,0,2026-02-12,34.84,1.8087857142857153,25.375,1.1826171875,1,3,1.7359712514315004,-0.06634285037317708,1,2,1,12.9625,1.0517578125
base,long,AGX,1560,1560,1,0,2026-03-19,479.9,28.23357142857143,25.640625,1.1806640625,1,4,0.4498191109874279,1.707541680370379,2,4,1,12.9625,1.0517578125
base,long,GPOR,1214,1214,1,0,2026-03-19,203.87,8.414942857142856,-1.8759765625,0.79052734375,1,15,2.0148681087724882,1.0184264047290017,6,13,0,12.9625,1.0517578125
base,long,EWTX,1253,1253,1,0,2026-03-24,30.64,1.6072142857142853,11.4375,0.9208984375,1,12,2.0905737522776766,0.5786409492911426,8,4,0,12.9625,1.0517578125
base,long,EWTX,1255,1255,1,0,2026-03-26,31.65,1.5957142857142854,11.4375,0.9208984375,1,10,1.4726947179946297,1.2157564905998197,6,2,0,12.9625,1.0517578125
base,long,EWTX,1258,1258,1,0,2026-03-31,31.5,1.4596428571428568,11.4375,0.9208984375,1,7,1.7127477367262054,-0.13701981893809595,3,4,0,12.9625,1.0517578125
base,long,CNTA,1210,1210,1,0,2026-03-25,28.22,1.6532857142857147,21.5625,1.15234375,1,3,1.342780610040613,0.5383219562775428,1,3,1,12.9625,1.0517578125
base,long,DFTX,1564,1564,1,0,2026-03-25,18.47,1.0209285714285714,17.796875,1.15625,1,11,3.5751766599034513,1.3125306093892113,11,3,1,12.9625,1.0517578125
base,long,SWX,1567,1567,1,0,2026-03-30,87.31,1.6485571428571444,7.00390625,1.0556640625,1,8,3.6698758221475005,0.8249638211769589,8,1,0,12.9625,1.0517578125
base,long,GCT,906,906,1,0,2026-03-31,45.38,2.279857142857143,7.34375,0.99609375,1,7,1.039538818221692,2.2413685067986715,1,4,0,12.9625,1.0517578125
base,long,VTOL,1568,1568,1,0,2026-03-31,46.88999938964844,1.2475172281265259,9.1875,1.0595703125,1,7,2.7173967361450195,0.6011940836906433,6,1,0,12.9625,1.0517578125
base,long,DIOD,1569,1569,1,0,2026-04-01,68.92,3.7721428571428555,20.453125,0.94873046875,1,6,4.405983715205457,0.7687937890551051,6,1,0,12.9625,1.0517578125
