setup,ticker,cluster_leftmost,cluster_rightmost,cluster_size,is_winner,outcome,reason,bars_to_outcome,profit_adr,ref_price,ref_idx,adr,had_earnings,entry_idx,rule_pass
htf,CHWY,69,69,1,0,LOSS,stop_hit,2,-1.0,42.49,69,3.3946428571428577,1,71.0,0
htf,NTLA,91,92,2,0,WIN,exit_fired,45,3.257836683088459,16.69,92,1.3106857142857145,1,93.0,0
htf,JD,97,97,1,0,LOSS,stop_hit,1,-1.0,47.22090087882823,97,1.8715504529577882,1,102.0,0
htf,FUTU,99,99,1,0,BE,breakout_too_far,0,0.0,14.634950476190477,99,0.9098191987112096,0,,0
htf,TMUS,100,100,1,0,LOSS,stop_hit,1,-1.0,94.38873803497943,100,3.2051711376503462,1,101.0,0
htf,VFF,101,101,1,0,LOSS,stop_hit,2,-1.0,5.99,101,0.5214785714285716,1,105.0,0
htf,AMKR,102,102,1,0,BE,breakout_too_far,0,0.0,9.921788941398866,102,0.4383698136824742,0,,0
htf,CM,102,102,1,0,BE,held_to_end,60,0.0,23.075278304395436,102,0.6395342235524905,0,103.0,0
htf,SONO,103,103,1,0,BE,breakout_too_far,0,0.0,11.38,103,0.7110428571428573,0,,0
htf,TSE,103,103,1,0,LOSS,stop_hit,7,-1.0,19.177673095238095,103,1.1978594812373147,1,104.0,0
htf,ZM,107,107,1,0,LOSS,stop_hit,1,-1.0,208.94,107,11.872857142857143,1,108.0,0
htf,ZM,1528,1528,1,0,LOSS,stop_hit,2,-1.0,94.29,1528,3.391142857142857,1,1533.0,0
htf,CCI,109,109,1,0,BE,no_breakout_within_fw,0,0.0,135.22314736147757,109,3.793295833549078,0,,0
htf,NIO,111,111,1,0,LOSS,stop_hit,1,-1.0,6.09,111,0.4882142857142858,1,112.0,0
htf,NIO,1398,1398,1,0,BE,no_breakout_within_fw,0,0.0,5.01,1398,0.26285714285714284,0,,0
htf,NTES,112,112,1,0,BE,no_breakout_within_fw,0,0.0,74.98597312445052,112,3.1387471796704856,0,,0
htf,BE,113,113,1,0,LOSS,stop_hit,1,-1.0,9.3,113,0.7149785714285716,1,117.0,0
htf,LAKE,114,114,1,0,LOSS,stop_hit,1,-1.0,21.22879698882953,114,1.6200966877308998,1,115.0,0
htf,VRTX,120,120,1,0,BE,no_breakout_within_fw,0,0.0,297.71,120,8.413292857142851,0,,0
htf,WING,123,123,1,0,LOSS,stop_hit,5,-1.0,126.48867772240949,123,5.419428471842305,1,125.0,0
htf,MKC,124,124,1,0,WIN,exit_fired,42,5.74447603802827,80.77620814335879,124,1.994871556740718,0,126.0,0
htf,FIZZ,127,128,2,0,LOSS,stop_hit,1,-1.0,27.593086597001363,128,1.2138740023231414,1,129.0,0
htf,AG,133,133,1,0,LOSS,stop_hit,1,-1.0,10.354808612440191,133,0.5071722286369893,1,134.0,0
htf,AG,996,996,1,0,LOSS,stop_hit,1,-1.0,6.220247463175122,996,0.26544514784201784,1,998.0,0
htf,DHI,144,144,1,0,LOSS,stop_hit,1,-1.0,63.30277153153153,144,2.4360699269373165,0,147.0,0
htf,QTRX,147,147,1,0,LOSS,stop_hit,2,-1.0,33.45,147,2.249621428571429,0,149.0,0
htf,UPBD,147,147,1,0,BE,no_forward_window_after_earnings,0,0.0,22.210559433007088,147,0.7078251976625296,1,148.0,0
htf,NVST,148,148,1,0,LOSS,stop_hit,1,-1.0,23.14,148,0.8690714285714287,1,151.0,0
htf,FSS,149,149,1,0,LOSS,stop_hit,13,-1.0,30.717821370207417,149,0.7834222131555644,1,151.0,0
htf,BOIL,152,152,1,0,WIN,exit_fired,17,1.3942175309775124,4078.0,152,311.28571428571433,0,156.0,0
htf,ICE,152,152,1,0,WIN,exit_fired,7,1.5873306784770926,93.98070494150868,152,1.949937149492317,1,156.0,0
htf,ICE,155,155,1,0,WIN,exit_fired,7,1.764887068048063,93.63682461077843,155,1.9486093198162158,1,156.0,0
htf,TRMB,152,152,1,0,LOSS,stop_hit,1,-1.0,49.48,152,1.2021,1,154.0,0
htf,UNG,152,152,1,0,BE,breakout_too_far,0,0.0,50.28,152,2.137857142857144,0,,0
htf,AAPL,154,154,1,0,LOSS,stop_hit,1,-1.0,109.97497980267232,154,2.9061040860525753,1,155.0,0
htf,HWM,154,154,1,0,BE,no_breakout_within_fw,0,0.0,18.39758407960199,154,0.7429755815739135,0,,0
htf,HWM,220,220,1,0,WIN,exit_fired,46,2.9026490179541606,22.232928443649378,220,1.1141104337271588,0,221.0,0
htf,HWM,222,223,2,0,LOSS,stop_hit,4,-1.0,23.682228460543335,223,1.161294762839278,0,226.0,0
htf,JOYY,160,160,1,0,LOSS,stop_hit,2,-1.0,68.90678325925926,160,3.4460501236060255,1,163.0,0
htf,URBN,166,166,1,0,LOSS,stop_hit,1,-1.0,24.13,166,1.1507142857142854,1,171.0,0
htf,DKS,170,170,1,0,BE,no_breakout_within_fw,0,0.0,47.884959152610435,170,1.9178593812233256,0,,0
htf,VFC,171,171,1,0,LOSS,stop_hit,6,-1.0,57.97821807387863,171,1.7334037206998307,1,175.0,0
htf,COO,172,172,1,0,WIN,exit_fired,28,2.949500533600365,80.72810617221873,172,2.066313858347326,1,174.0,0
htf,LYB,174,174,1,0,LOSS,stop_hit,6,-1.0,50.67156351846631,174,1.806178415356261,1,175.0,0
htf,ARKQ,175,175,1,0,LOSS,stop_hit,3,-1.0,56.97350744308231,175,1.8981522719511144,0,176.0,0
htf,CHRW,175,175,1,0,LOSS,stop_hit,8,-1.0,87.61729533752282,175,1.6212904923485962,1,176.0,0
htf,J,176,176,1,0,LOSS,stop_hit,1,-1.0,74.35300236768086,176,1.5069558787347137,1,177.0,0
htf,SFIX,176,176,1,0,BE,no_forward_window_after_earnings,0,0.0,29.04,176,1.86945,1,181.0,0
htf,SFIX,231,231,1,0,BE,breakout_too_far,0,0.0,41.11,231,2.0453000000000006,0,,0
htf,AOS,182,182,1,0,LOSS,stop_hit,1,-1.0,47.62057622483859,182,1.1119449584571635,1,184.0,0
htf,AOS,184,184,1,0,LOSS,stop_hit,1,-1.0,47.989937905660376,184,1.1370410539739473,1,186.0,0
htf,DUG,185,186,2,0,LOSS,stop_hit,2,-1.0,1022.6643634574842,186,50.55772316357711,0,189.0,0
htf,TT,186,186,1,0,WIN,earnings_flat_favorable,17,0.2851545694394422,114.32956238169697,186,2.708838297143513,1,190.0,0
htf,AMSC,196,196,1,0,LOSS,stop_hit,1,-1.0,17.86,196,1.2664285714285717,1,199.0,0
htf,TEX,200,200,1,0,WIN,exit_fired,1,1.3708710518146154,23.40907306590258,200,1.031845360090592,1,202.0,0
htf,SNDX,215,215,1,0,BE,no_breakout_within_fw,0,0.0,21.816,215,1.4931857142857148,0,,0
htf,GEF,217,217,1,0,LOSS,stop_hit,2,-1.0,39.63160373197625,217,1.2485066018693816,1,222.0,0
htf,VECO,217,217,1,0,LOSS,stop_hit,1,-1.0,15.02,217,0.6925,0,218.0,0
htf,VECO,891,891,1,0,BE,no_breakout_within_fw,0,0.0,26.92,891,0.7325000000000002,0,,0
htf,VECO,894,894,1,0,WIN,earnings_flat_favorable,6,1.8920516935551939,26.78,894,0.7610785714285723,1,897.0,0
htf,AX,218,219,2,0,LOSS,stop_hit,1,-1.0,33.28,219,1.2209500000000006,1,221.0,0
htf,FLR,218,218,1,0,LOSS,stop_hit,1,-1.0,13.8624,218,0.7647785714285712,1,221.0,0
htf,RHP,218,219,2,1,LOSS,stop_hit,1,-1.0,50.92038936321594,219,2.7034618163758517,0,222.0,0
htf,RHP,223,223,1,0,LOSS,stop_hit,18,-1.0,52.623189,223,3.2090164426657637,0,226.0,0
htf,RPD,218,218,1,0,WIN,earnings_flat_favorable,57,7.6291039331431945,68.29,218,2.6923214285714288,1,220.0,0
htf,XPEV,53,53,1,1,BE,breakout_too_far,0,0.0,33.67,53,3.0342857142857147,0,,0
htf,XPEV,56,58,3,0,LOSS,stop_hit,8,-1.0,47.1,58,5.586428571428572,0,59.0,0
htf,BSBR,219,219,1,0,BE,breakout_too_far,0,0.0,4.42796499071631,219,0.1593114242840103,0,,0
htf,RRGB,219,219,1,0,BE,held_to_end,60,0.0,16.6,219,1.1163142857142856,0,220.0,0
htf,SLYG,219,220,2,0,BE,breakout_too_far,0,0.0,64.10898621147324,220,1.1864580073937587,0,,0
htf,PRIM,220,220,1,0,LOSS,stop_hit,3,-1.0,22.10155230972283,220,0.9050413094514084,0,221.0,0
htf,PRIM,224,224,1,0,BE,held_to_end,60,0.0,22.548574508547006,224,0.9524224712012401,0,225.0,0
htf,BIPC,160,160,1,0,BE,no_breakout_within_fw,0,0.0,36.408970659307876,160,1.1656431702819696,0,,0
htf,CLNE,223,223,1,0,WIN,exit_fired,58,64.3836654291992,3.4,223,0.1885571428571428,0,225.0,0
htf,LI,78,78,1,0,LOSS,stop_hit,1,-1.0,36.65,78,3.667714285714286,0,79.0,0
htf,TAP,224,224,1,0,BE,breakout_too_far,0,0.0,38.22449305177111,224,1.3555984110823578,0,,0
htf,CX,225,225,1,0,BE,breakout_too_far,0,0.0,4.590841991341992,225,0.17512169004085434,0,,0
htf,CX,1283,1283,1,0,BE,no_breakout_within_fw,0,0.0,6.711518072289157,1283,0.24956693762604384,0,,0
htf,AXTI,227,227,1,0,BE,no_breakout_within_fw,0,0.0,10.0378,227,0.6816714285714287,0,,0
htf,AIR,228,228,1,0,LOSS,stop_hit,1,-1.0,29.32,228,1.369285714285714,1,229.0,0
htf,BA,228,228,1,0,LOSS,stop_hit,11,-1.0,221.0,228,10.532857142857143,1,232.0,0
htf,UVV,229,229,1,0,WIN,exit_fired,12,0.12228879314794411,34.439912478595886,229,0.9550140973492517,0,234.0,0
htf,UVV,550,550,1,0,BE,no_breakout_within_fw,0,0.0,44.167424924498135,550,1.0903944331994306,0,,0
htf,UVV,972,972,1,0,WIN,exit_fired,38,8.449646127066197,45.055973359375,972,1.0287799642614428,0,973.0,1
htf,BCPC,288,288,1,0,BE,no_breakout_within_fw,0,0.0,119.80545977011494,288,3.5603081692449217,0,,0
htf,MTUS,290,290,1,0,LOSS,stop_hit,1,-1.0,8.79,290,0.7897857142857143,1,293.0,0
htf,VET,290,290,1,0,WIN,earnings_flat_favorable,2,2.44502080110138,5.694248648648649,290,0.3425129761571409,1,293.0,0
htf,WHD,290,290,1,0,BE,breakout_too_far,0,0.0,30.928268999058673,290,1.4473427991975005,0,,0
htf,WRB,290,290,1,0,LOSS,stop_hit,1,-1.0,27.716639376027693,290,0.5050715678753873,1,292.0,0
htf,WRB,964,964,1,0,LOSS,stop_hit,1,-1.0,42.464732838920206,964,0.8530863985990003,1,965.0,0
htf,CUK,291,292,2,0,LOSS,stop_hit,1,-1.0,23.669649051610058,292,1.239223434491859,0,293.0,0
htf,FCN,291,291,1,0,WIN,exit_fired,34,12.41564646163034,116.05,291,2.392142857142857,1,292.0,0
htf,MS,291,291,1,0,LOSS,stop_hit,3,-1.0,67.78403623041942,291,1.4706544690546361,1,292.0,0
htf,AAL,293,293,1,0,BE,no_breakout_within_fw,0,0.0,22.59,293,1.0892857142857137,0,,0
htf,GVA,293,293,1,0,LOSS,stop_hit,1,-1.0,35.33747592997811,293,1.4213262849232096,1,296.0,0
htf,OII,293,293,1,0,BE,breakout_too_far,0,0.0,12.97,293,0.7477642857142859,0,,0
htf,OII,717,717,1,0,LOSS,stop_hit,2,-1.0,13.96,717,0.6874928571428572,0,718.0,0
htf,WBS,293,293,1,0,LOSS,stop_hit,2,-1.0,50.44340774843642,293,1.5534372034382105,1,295.0,0
htf,AGX,296,296,1,0,LOSS,stop_hit,6,-1.0,47.1640955310505,296,1.6934977229369654,1,298.0,0
htf,AIV,310,310,1,0,LOSS,stop_hit,9,-1.0,2.321564189189189,310,0.08979922115961422,0,312.0,0
htf,EBAY,311,311,1,0,WIN,exit_fired,13,0.3262217189760245,56.05437333333333,311,1.71333370574186,1,313.0,0
htf,WSM,311,311,1,0,LOSS,stop_hit,1,-1.0,83.9536195611006,311,3.5867641925212763,1,316.0,0
htf,WSM,941,941,1,0,BE,no_breakout_within_fw,0,0.0,74.98805261317273,941,1.8638432768312205,0,,0
htf,AVNW,312,312,1,0,WIN,exit_fired,3,2.9924724096642747,33.915,312,2.693425000000001,1,313.0,0
htf,TXN,313,313,1,0,LOSS,stop_hit,7,-1.0,165.14984766389756,313,4.2484443617742995,1,314.0,0
htf,LNTH,314,314,1,0,BE,no_breakout_within_fw,0,0.0,21.51,314,0.7202142857142856,0,,0
htf,G,317,317,1,0,BE,no_breakout_within_fw,0,0.0,41.80185075000001,317,0.8263259955795702,0,,0
htf,ANIK,318,318,1,0,LOSS,stop_hit,1,-1.0,40.59,318,1.9275,1,322.0,0
htf,KLIC,319,319,1,0,BE,no_breakout_within_fw,0,0.0,51.40507434999079,319,2.1553147905188252,0,,0
htf,AVY,322,322,1,0,WIN,earnings_flat_favorable,8,2.019651301377719,179.9667616748009,322,3.76982814805969,1,323.0,0
htf,PLX,327,327,1,0,WIN,exit_fired,1,0.41341380137681577,5.96,327,0.38702142857142874,0,329.0,0
htf,MANH,336,336,1,0,BE,no_breakout_within_fw,0,0.0,135.39,336,5.103871428571426,0,,0
htf,MANH,839,839,1,0,LOSS,stop_hit,1,-1.0,170.535,839,3.838921428571427,1,844.0,0
htf,FELE,337,337,1,0,LOSS,stop_hit,1,-1.0,82.81618094293383,337,1.9591371046644954,1,338.0,0
htf,EXLS,341,341,1,0,LOSS,stop_hit,1,-1.0,19.67,341,0.44454571428571477,1,343.0,0
htf,NBP,339,339,1,0,BE,breakout_too_far,0,0.0,70.95,339,3.8655000000000004,0,,1
htf,CRC,147,147,1,0,LOSS,stop_hit,9,-1.0,27.32488366666667,147,1.4013462526039533,1,150.0,0
htf,UPST,113,113,1,0,LOSS,stop_hit,1,-1.0,155.213,113,20.618642857142863,1,114.0,0
htf,PRTA,357,357,1,0,BE,breakout_too_far,0,0.0,29.88,357,1.7700428571428566,0,,1
htf,PTGX,365,365,1,0,BE,breakout_too_far,0,0.0,39.35,365,2.089807142857143,0,,0
htf,EVGO,142,142,1,0,WIN,exit_fired,1,1.034006979952926,14.48,142,0.8800714285714287,1,146.0,0
htf,EVGO,977,977,1,0,LOSS,stop_hit,1,-1.0,7.33,977,0.660342857142857,1,978.0,0
htf,SIG,367,367,1,0,LOSS,stop_hit,3,-1.0,72.6750619278406,367,3.996202834949983,1,371.0,0
htf,SIG,369,369,1,0,LOSS,stop_hit,1,-1.0,71.55540369585376,369,3.937712449874287,1,370.0,0
htf,OSG,232,232,1,0,LOSS,stop_hit,1,-1.0,15.946129179711958,232,0.6088423908799289,1,234.0,0
htf,SKLZ,153,153,1,0,WIN,exit_fired,50,20.56424690711527,313.6,153,21.824285714285715,0,154.0,0
htf,CCJ,237,237,1,0,LOSS,stop_hit,1,-1.0,12.080193079584776,237,0.46507784863158846,1,238.0,0
htf,CCJ,671,671,1,0,LOSS,stop_hit,1,-1.0,29.6310641509434,671,1.3702094426998979,1,676.0,0
htf,FNKO,237,237,1,0,LOSS,stop_hit,1,-1.0,10.94,237,0.8812214285714288,1,241.0,0
htf,FNKO,304,304,1,0,LOSS,stop_hit,1,-1.0,18.41,304,1.1499214285714285,1,308.0,0
htf,AR,240,240,1,0,LOSS,stop_hit,1,-1.0,5.34,240,0.38357142857142856,1,244.0,0
htf,AR,242,242,1,1,WIN,earnings_flat_favorable,39,11.53246753246753,5.05,242,0.3850000000000001,1,243.0,0
htf,CELU,241,241,1,0,BE,no_breakout_within_fw,0,0.0,114.60000000000001,241,3.3892857142857165,0,,0
htf,TVTX,243,243,1,0,LOSS,stop_hit,11,-1.0,26.36,243,1.3664285714285713,1,244.0,0
htf,TIGR,251,251,1,0,LOSS,stop_hit,1,-1.0,7.58,251,0.6342857142857143,1,252.0,0
htf,FLWS,256,256,1,0,LOSS,stop_hit,1,-1.0,27.99,256,1.1922142857142861,1,258.0,0
htf,KNX,257,257,1,0,LOSS,stop_hit,1,-1.0,41.98607076144467,257,0.9493249065446564,1,261.0,0
htf,DLX,258,258,1,0,LOSS,stop_hit,1,-1.0,24.216991228070174,258,1.0627949972688022,1,259.0,0
htf,HTT,258,258,1,1,BE,breakout_too_far,0,0.0,1.66,258,0.09999999999999998,0,,0
htf,HTT,263,263,1,0,BE,breakout_too_far,0,0.0,1.88,263,0.16214285714285712,0,,0
htf,NEE,259,259,1,0,WIN,earnings_flat_favorable,7,3.708276382954078,70.40019498432602,259,1.4895343402839296,1,260.0,0
htf,AOSL,260,260,1,0,BE,no_breakout_within_fw,0,0.0,31.0481,260,1.5150285714285716,0,,0
htf,MGY,261,261,1,0,LOSS,stop_hit,1,-1.0,8.233653013392857,261,0.32964529646680335,1,264.0,0
htf,MGY,439,439,1,0,WIN,earnings_flat_favorable,20,3.8939646072370246,16.39529948659441,439,0.6736580267140356,1,441.0,1
htf,MGY,716,716,1,0,LOSS,stop_hit,3,-1.0,23.729505947223316,716,1.0035178440109134,0,717.0,0
htf,EXAS,262,263,2,0,LOSS,stop_hit,1,-1.0,151.53,263,6.751835714285713,1,267.0,0
htf,MTD,263,263,1,0,BE,breakout_too_far,0,0.0,1238.42,263,25.36592857142859,0,,0
htf,PNR,263,263,1,0,BE,no_breakout_within_fw,0,0.0,55.14655135135134,263,1.3857367535721667,0,,0
htf,GME,264,265,2,1,BE,breakout_too_far,0,0.0,11.1875,265,1.2133928571428572,0,,0
htf,NOK,264,264,1,0,BE,breakout_too_far,0,0.0,3.7697357142857144,264,0.08784560174259408,0,,0
htf,AMBR,267,267,1,0,LOSS,stop_hit,1,-1.0,140.29999999999995,267,9.429999999999998,0,268.0,0
htf,AMBR,270,270,1,0,BE,breakout_too_far,0,0.0,147.60000000000002,270,12.299285714285714,0,,0
htf,TDOC,269,269,1,0,BE,no_breakout_within_fw,0,0.0,283.1,269,13.951071428571435,0,,0
htf,AVTX,270,270,1,0,WIN,exit_fired,17,1.8522505548625618,9302.402964240506,270,668.5920176989149,1,275.0,0
htf,REI,272,273,2,0,WIN,exit_fired,41,9.65217391304348,1.24,273,0.11499999999999999,0,274.0,0
htf,LAND,273,273,1,0,WIN,earnings_flat_favorable,12,2.4063527745631585,13.72764595744681,273,0.508717614263943,1,275.0,0
htf,OGI,273,273,1,0,BE,breakout_too_far,0,0.0,7.84,273,0.7157142857142856,0,,0
htf,OGI,276,276,1,1,BE,breakout_too_far,0,0.0,9.92,276,0.8585714285714287,0,,0
htf,AFG,274,274,1,1,BE,held_to_end,60,0.0,55.728294552071056,274,1.712581392600093,0,275.0,0
htf,SBSW,280,280,1,0,BE,breakout_too_far,0,0.0,14.288568928771735,280,0.5010581536668529,0,,0
htf,UUUU,281,281,1,0,LOSS,stop_hit,1,-1.0,5.83,281,0.49728571428571433,0,282.0,0
htf,SKY,282,282,1,0,LOSS,stop_hit,1,-1.0,44.33,282,1.9057142857142857,0,285.0,0
htf,MLM,286,286,1,0,LOSS,stop_hit,1,-1.0,324.9027159402621,286,8.171925762591465,1,287.0,0
htf,BLMN,287,287,1,0,LOSS,stop_hit,1,-1.0,22.30028692247455,287,0.901873496514499,1,288.0,0
htf,CBOE,287,287,1,0,LOSS,stop_hit,2,-1.0,90.97307112091066,287,3.21948080560283,1,288.0,0
htf,ITGR,287,287,1,0,LOSS,stop_hit,21,-1.0,86.0,287,2.8821357142857136,1,288.0,0
htf,FTDR,1154,1154,1,1,LOSS,stop_hit,1,-1.0,44.62,1154,1.6285714285714274,0,1155.0,1
htf,LAD,1155,1155,1,0,LOSS,stop_hit,1,-1.0,280.1115834136934,1155,9.89184364011263,1,1160.0,0
htf,RDWR,1156,1156,1,0,BE,no_breakout_within_fw,0,0.0,22.4,1156,0.8597999999999999,0,,0
htf,CWAN,721,721,1,0,LOSS,stop_hit,14,-1.0,23.35,721,0.8442857142857145,1,725.0,0
htf,CWAN,725,725,1,0,LOSS,stop_hit,1,-1.0,23.56,725,0.9067857142857149,1,726.0,0
htf,VNO,1158,1158,1,0,LOSS,stop_hit,1,-1.0,30.442498999677316,1158,1.3875600491312967,1,1162.0,0
htf,KVYO,227,227,1,0,LOSS,stop_hit,1,-1.0,32.08,227,1.6933928571428571,1,229.0,0
htf,KVYO,343,344,2,0,LOSS,stop_hit,1,-1.0,48.7299,344,2.1400285714285716,1,348.0,0
htf,SATS,1178,1178,1,0,BE,breakout_too_far,0,0.0,22.42,1178,0.9733928571428575,0,,0
htf,SATS,1180,1181,2,0,BE,breakout_too_far,0,0.0,22.985,1181,1.0954499999999998,0,,0
htf,SATS,1185,1185,1,0,BE,no_breakout_within_fw,0,0.0,26.58,1185,1.3914357142857139,0,,0
htf,SOC,819,819,1,0,BE,breakout_too_far,0,0.0,23.4,819,1.14,0,,0
htf,WGS,968,968,1,0,LOSS,stop_hit,2,-1.0,41.95,968,2.3692928571428573,1,972.0,0
htf,WGS,973,973,1,0,WIN,earnings_flat_favorable,18,4.786460249624998,43.98,973,2.5237857142857147,1,975.0,0
htf,SOFI,977,977,1,0,LOSS,stop_hit,2,-1.0,10.18,977,0.3814999999999997,1,978.0,1
htf,JBTM,1215,1215,1,0,LOSS,stop_hit,1,-1.0,116.48330308529945,1215,3.9319370281185906,0,1220.0,0
htf,LOVE,1215,1215,1,0,BE,no_breakout_within_fw,0,0.0,30.83,1215,1.1544,0,,0
htf,ESAB,652,653,2,0,LOSS,stop_hit,8,-1.0,125.00110908059943,653,3.417366722375061,0,655.0,0
htf,WULF,1192,1192,1,0,BE,breakout_too_far,0,0.0,6.76,1192,0.5865571428571429,0,,0
htf,LMND,1092,1093,2,1,BE,breakout_too_far,0,0.0,25.1699,1093,1.2619571428571421,0,,1
htf,UIS,1218,1218,1,0,LOSS,stop_hit,7,-1.0,7.6,1218,0.45214285714285724,0,1220.0,0
htf,REAL,1224,1224,1,1,BE,breakout_too_far,0,0.0,3.875,1224,0.2242285714285714,0,,1
htf,REAL,1227,1228,2,0,WIN,exit_fired,50,20.613053211641134,4.1,1228,0.24887142857142847,0,1229.0,1
htf,REAL,1460,1460,1,0,LOSS,stop_hit,2,-1.0,12.12,1460,0.6724214285714282,1,1462.0,0
htf,KC,1137,1137,1,0,BE,breakout_too_far,0,0.0,4.65,1137,0.27428571428571413,0,,1
htf,TE,1202,1202,1,0,BE,no_breakout_within_fw,0,0.0,2.35,1202,0.22567142857142852,0,,0
htf,ACHR-WS,167,167,1,0,BE,breakout_too_far,0,0.0,4.5399,167,0.3110642857142857,0,,0
htf,HOOD,830,830,1,0,BE,breakout_too_far,0,0.0,33.0,830,1.6437857142857137,0,,0
htf,AHR,196,196,1,0,LOSS,stop_hit,1,-1.0,26.154609271523178,196,1.0244856859234488,0,197.0,0
htf,CAN,1227,1227,1,0,WIN,exit_fired,17,5.644808401575297,1.68,1227,0.22852857142857141,0,1231.0,0
htf,HIPO,969,969,1,0,WIN,exit_fired,10,1.9713108511262774,27.43,969,1.9225785714285712,0,970.0,0
htf,BLND,841,841,1,0,BE,breakout_too_far,0,0.0,4.61,841,0.2909285714285715,0,,0
htf,ETHT,113,113,1,0,BE,breakout_too_far,0,0.0,108.53860470914128,113,7.1266663688590395,0,,0
htf,IBIT,215,215,1,0,LOSS,stop_hit,4,-1.0,52.8053,215,1.775142857142858,0,217.0,0
htf,QUBT,1225,1225,1,1,BE,breakout_too_far,0,0.0,2.75,1225,0.4957,0,,1
htf,ETHA,85,85,1,0,BE,breakout_too_far,0,0.0,23.7799,85,0.8763571428571437,0,,0
htf,FETH,85,85,1,0,BE,breakout_too_far,0,0.0,31.4099,85,1.1545285714285722,0,,0
htf,PTIR,56,56,1,0,LOSS,stop_hit,31,-1.0,6.063068368080519,56,0.5896802979597994,0,57.0,0
htf,HSIC,1232,1232,1,0,LOSS,stop_hit,5,-1.0,75.195,1232,2.455607142857141,1,1233.0,0
htf,AI,997,997,1,0,BE,no_breakout_within_fw,0,0.0,38.27,997,2.1085000000000016,0,,0
htf,ARQT,1219,1219,1,0,LOSS,stop_hit,1,-1.0,12.71,1219,0.7604999999999998,1,1223.0,0
htf,ARQT,1430,1430,1,0,LOSS,stop_hit,1,-1.0,21.413,1430,1.0705714285714285,1,1434.0,0
htf,ARQT,1432,1432,1,0,LOSS,stop_hit,1,-1.0,21.06,1432,1.1084999999999998,1,1434.0,0
htf,BTU,384,384,1,0,BE,no_breakout_within_fw,0,0.0,10.651491295938104,384,0.9308655880460893,0,,0
htf,ADTN,395,395,1,0,LOSS,stop_hit,1,-1.0,21.41696737913832,395,0.8656184486002118,1,396.0,0
htf,PAG,402,402,1,0,LOSS,stop_hit,1,-1.0,80.24684541932542,402,2.511981796837233,1,405.0,0
htf,CRM,412,412,1,0,WIN,earnings_flat_favorable,1,0.31079822900176285,254.1388235661578,412,5.675953944487154,1,413.0,0
htf,AUPH,420,420,1,0,WIN,earnings_flat_favorable,40,11.726982282892829,17.58,420,1.229642857142857,1,423.0,0
htf,AUPH,1390,1390,1,0,BE,no_breakout_within_fw,0,0.0,9.19,1390,0.4555714285714288,0,,0
htf,IR,420,420,1,0,LOSS,stop_hit,1,-1.0,53.02768139931741,420,0.9247196115971487,1,421.0,0
htf,GSAT,423,423,1,0,BE,breakout_too_far,0,0.0,34.5,423,2.592857142857141,0,,0
htf,DOCN,117,117,1,0,BE,breakout_too_far,0,0.0,70.46,117,3.449928571428569,0,,0
htf,DOCN,883,883,1,0,BE,no_breakout_within_fw,0,0.0,42.15,883,1.8020214285714289,0,,0
htf,MDB,426,426,1,0,LOSS,stop_hit,1,-1.0,499.0,426,16.254357142857142,1,428.0,0
htf,AFRM,168,168,1,0,LOSS,stop_hit,1,-1.0,114.74,168,7.557128571428571,1,170.0,0
htf,ARCB,438,438,1,0,WIN,earnings_flat_favorable,22,5.995503302681877,77.61212997811816,438,2.8388058787772676,1,440.0,0
htf,AZZ,440,440,1,0,LOSS,stop_hit,2,-1.0,51.06122646616541,440,0.9895946740750929,1,442.0,0
htf,ONDS,241,241,1,0,WIN,exit_fired,4,0.45329657058802436,9.470000267028809,241,0.7280000448226929,1,243.0,0
htf,HLT,443,443,1,0,LOSS,stop_hit,4,-1.0,139.0206242218247,443,3.271702913502405,1,445.0,0
htf,LNG,445,445,1,0,WIN,earnings_flat_favorable,17,1.8218192264426765,96.40784825104936,445,2.671094737787236,1,447.0,0
htf,TTEK,446,446,1,0,WIN,earnings_flat_favorable,24,5.29014721227309,31.04553145100025,446,0.8158314647628292,1,449.0,0
htf,HIVE,462,462,1,0,BE,breakout_too_far,0,0.0,19.2,462,1.4999999999999998,0,,0
htf,HIVE,996,996,1,0,LOSS,stop_hit,1,-1.0,3.69,996,0.31928571428571434,1,997.0,0
htf,LCID,284,284,1,0,BE,breakout_too_far,0,0.0,373.8,284,29.58428571428573,0,,0
htf,FHI,466,466,1,0,LOSS,stop_hit,5,-1.0,29.678201675816236,466,0.7146257547809289,1,469.0,0
htf,URA,466,466,1,0,LOSS,stop_hit,1,-1.0,24.48235099793531,466,0.9359409149090878,0,467.0,0
htf,URA,548,548,1,0,LOSS,stop_hit,1,-1.0,21.308269444444445,548,0.8047457600735068,0,549.0,0
htf,MCK,467,467,1,0,LOSS,stop_hit,1,-1.0,218.20240293329704,467,4.630003382313136,1,471.0,1
htf,MPT,490,490,1,0,LOSS,stop_hit,1,-1.0,15.19380544871795,490,0.3168224745875303,1,495.0,0
htf,MPT,1277,1278,2,0,LOSS,stop_hit,1,-1.0,4.450220042643923,1278,0.244316100722837,1,1281.0,0
htf,MPW,490,490,1,0,LOSS,stop_hit,1,-1.0,15.19380544871795,490,0.31661246823368067,1,495.0,0
htf,MPW,1277,1278,2,0,LOSS,stop_hit,1,-1.0,4.450220042643923,1278,0.24415190875855133,1,1281.0,0
htf,AVGO,492,492,1,0,BE,breakout_too_far,0,0.0,56.82469014652551,492,1.335276287537378,0,,0
htf,PLAB,492,492,1,0,BE,breakout_too_far,0,0.0,16.6329,492,0.6809142857142855,0,,0
htf,PLAB,495,495,1,0,WIN,exit_fired,13,1.3285138760686366,17.63,495,0.8279928571428566,1,498.0,0
htf,DRVN,231,231,1,0,BE,no_breakout_within_fw,0,0.0,33.86,231,1.262821428571429,0,,0
htf,SIMO,493,493,1,0,LOSS,stop_hit,1,-1.0,79.70307345112437,493,3.3072619557037903,1,495.0,0
htf,F,510,510,1,0,LOSS,stop_hit,1,-1.0,18.43319111111111,510,0.6383959750397734,1,512.0,0
htf,F,1464,1464,1,0,BE,no_breakout_within_fw,0,0.0,13.095096374622356,1464,0.3611525528105437,0,,0
htf,OIS,521,521,1,0,BE,no_breakout_within_fw,0,0.0,6.85,521,0.37320714285714296,0,,0
htf,TRV,521,521,1,0,LOSS,stop_hit,3,-1.0,156.19463734659834,521,3.9725675549916315,1,526.0,0
htf,SHEL,523,523,1,0,WIN,earnings_flat_favorable,2,1.910188553123952,43.38016300940439,523,0.9093013293137976,1,524.0,1
htf,AMLP,524,524,1,0,LOSS,stop_hit,14,-1.0,26.12030019225488,524,0.7002917694969876,0,525.0,0
htf,XES,528,528,1,0,LOSS,stop_hit,1,-1.0,58.39815545109681,528,2.7587815284415496,0,533.0,0
htf,JKHY,536,536,1,0,LOSS,stop_hit,1,-1.0,161.45094861389643,536,4.256298589051752,1,538.0,0
htf,JKHY,556,556,1,0,LOSS,stop_hit,1,-1.0,177.35708847761194,556,4.78150744580562,1,559.0,0
htf,MSOS,842,842,1,0,LOSS,stop_hit,4,-1.0,7.83,842,0.45199999999999996,0,845.0,0
htf,TNK,1011,1011,1,0,WIN,earnings_flat_favorable,26,1.4493236514267214,50.494754791259766,1011,1.9158216714859009,1,1014.0,0
htf,ZETA,654,654,1,0,BE,breakout_too_far,0,0.0,9.16,654,0.3303357142857148,0,,0
htf,NICE,1019,1019,1,0,LOSS,stop_hit,2,-1.0,216.555,1019,5.530557142857142,1,1021.0,0
htf,RAMP,1019,1019,1,0,BE,no_breakout_within_fw,0,0.0,41.88,1019,1.2578571428571428,0,,0
htf,OSCR,727,727,1,1,WIN,earnings_flat_favorable,9,3.1855151045700993,11.24,727,0.7377142857142859,1,728.0,1
htf,KURA,1024,1024,1,0,BE,breakout_too_far,0,0.0,18.719,1024,1.077707142857143,0,,1
htf,ARHS,560,560,1,0,BE,no_breakout_within_fw,0,0.0,11.28140931372549,560,0.3990928913504575,0,,0
htf,LLYVA,123,123,1,0,BE,no_breakout_within_fw,0,0.0,37.11,123,0.8235714285714276,0,,0
htf,HMN,1027,1027,1,0,LOSS,stop_hit,1,-1.0,33.84463201320132,1027,0.807144606650837,0,1032.0,0
htf,NXT,250,250,1,0,LOSS,stop_hit,1,-1.0,57.84,250,2.440207142857143,0,251.0,0
htf,NXT,665,665,1,0,BE,breakout_too_far,0,0.0,80.39,665,3.3434428571428603,0,,0
htf,KNF,183,183,1,0,WIN,exit_fired,33,4.332968266951325,70.41,183,2.060942857142859,1,185.0,0
htf,KNF,186,186,1,0,LOSS,stop_hit,1,-1.0,73.3525,186,2.1573857142857156,1,191.0,0
htf,APP,717,717,1,0,LOSS,stop_hit,1,-1.0,57.58,717,2.71692857142857,1,718.0,0
htf,BITX,165,165,1,0,BE,breakout_too_far,0,0.0,24.45522088353414,165,1.0002470546718663,0,,0
htf,SN,142,142,1,0,LOSS,stop_hit,1,-1.0,54.35,142,1.7942857142857147,1,144.0,0
htf,JMIA,1042,1043,2,0,BE,breakout_too_far,0,0.0,4.66,1043,0.39845,0,,0
htf,NTGR,1042,1042,1,0,LOSS,stop_hit,1,-1.0,15.02,1042,0.6605214285714283,1,1047.0,0
htf,SOUN,457,457,1,1,BE,breakout_too_far,0,0.0,4.0,457,0.35250714285714274,0,,1
htf,SOUN,650,650,1,1,BE,breakout_too_far,0,0.0,7.89,650,0.7726785714285717,0,,1
htf,QTWO,1046,1046,1,0,LOSS,stop_hit,1,-1.0,46.83,1046,1.2901428571428575,1,1048.0,0
htf,QTWO,1379,1379,1,0,BE,no_breakout_within_fw,0,0.0,95.0,1379,2.586428571428572,0,,0
htf,NHI,1047,1049,3,1,WIN,exit_fired,15,1.620571342964272,52.50431470487889,1049,1.382096076698609,1,1053.0,0
htf,PUBM,812,812,1,0,WIN,exit_fired,14,2.525397302607203,21.04,812,1.021621428571428,1,817.0,0
htf,LLYVK,149,149,1,0,LOSS,stop_hit,2,-1.0,40.755,149,1.0155357142857153,0,151.0,0
htf,PAY,705,705,1,0,LOSS,stop_hit,1,-1.0,23.747,705,1.3481428571428562,1,708.0,0
htf,CDE,1062,1062,1,0,WIN,exit_fired,13,4.701492537313432,3.47,1062,0.19142857142857145,1,1065.0,1
htf,PRCT,666,666,1,0,LOSS,stop_hit,11,-1.0,63.22,666,3.457785714285713,1,668.0,0
htf,TSHA,919,919,1,0,LOSS,stop_hit,2,-1.0,3.08,919,0.24905714285714287,1,922.0,0
htf,ASTS,1056,1056,1,1,WIN,earnings_flat_favorable,53,27.66697163769442,4.76,1056,0.5855357142857144,1,1057.0,1
htf,ASTS,1061,1061,1,0,LOSS,stop_hit,1,-1.0,8.63,1061,1.1262214285714287,1,1062.0,1
htf,IREN,636,636,1,0,WIN,exit_fired,20,9.303615447822512,7.92,636,0.6954285714285716,1,637.0,1
htf,INSM,1111,1111,1,0,LOSS,stop_hit,1,-1.0,57.1035,1111,2.598464285714286,1,1112.0,1
htf,TWST,1117,1117,1,0,LOSS,stop_hit,1,-1.0,52.29,1117,2.723114285714286,1,1118.0,0
htf,LITE,1124,1124,1,0,LOSS,stop_hit,1,-1.0,48.99,1124,1.632407142857142,1,1126.0,0
htf,GRND,870,870,1,0,LOSS,stop_hit,2,-1.0,11.99,870,0.5666285714285714,1,873.0,0
htf,CDNA,1142,1142,1,0,LOSS,stop_hit,1,-1.0,18.9998,1142,1.1432214285714284,1,1145.0,0
htf,AWR,1143,1143,1,0,WIN,earnings_flat_favorable,8,1.3622360395141424,76.3406895064459,1143,1.4070325831621102,1,1146.0,0
htf,IBKR,706,706,1,0,LOSS,stop_hit,1,-1.0,18.91208370497427,706,0.6188500913942911,1,707.0,0
htf,IBKR,708,708,1,0,LOSS,stop_hit,13,-1.0,19.240934296218487,708,0.603370222396758,1,709.0,0
htf,HFWA,707,707,1,0,LOSS,stop_hit,22,-1.0,27.322716785482825,707,0.74811132667226,0,711.0,1
htf,NBTB,707,707,1,0,BE,no_forward_window_after_earnings,0,0.0,38.204832644434006,707,0.8405350300701687,1,708.0,0
htf,FMC,708,708,1,0,LOSS,stop_hit,1,-1.0,103.61852880726015,708,2.857674493054275,1,709.0,0
htf,SSB,711,711,1,0,LOSS,stop_hit,1,-1.0,81.60404541079409,711,2.6492425322393607,1,712.0,0
htf,AIT,717,717,1,0,LOSS,stop_hit,1,-1.0,124.45754381959911,717,4.044530587411819,1,721.0,0
htf,HLX,717,717,1,0,BE,no_breakout_within_fw,0,0.0,7.02,717,0.3224999999999999,0,,0
htf,PAC,718,718,1,0,LOSS,stop_hit,1,-1.0,137.41045598968165,718,4.264694305885685,0,719.0,0
htf,FN,723,723,1,0,LOSS,stop_hit,1,-1.0,126.74,723,4.358421428571426,1,725.0,0
htf,AUB,724,724,1,0,LOSS,stop_hit,1,-1.0,30.847400978417262,724,0.6867158307921277,1,729.0,0
htf,TME,728,728,1,0,LOSS,stop_hit,1,-1.0,5.475418974820145,728,0.35468278408696413,0,729.0,1
htf,WVE,747,747,1,0,BE,breakout_too_far,0,0.0,5.36,747,0.5771357142857144,0,,0
htf,BOX,748,748,1,0,BE,no_breakout_within_fw,0,0.0,31.4,748,0.997714285714286,0,,0
htf,FLYW,407,407,1,0,LOSS,stop_hit,5,-1.0,24.91,407,1.3638571428571429,1,410.0,0
htf,COPX,767,767,1,0,LOSS,stop_hit,2,-1.0,38.10043794544115,767,0.8056900511417447,0,768.0,0
htf,CRL,770,770,1,0,BE,no_breakout_within_fw,0,0.0,252.48,770,8.066957142857147,0,,0
htf,MEDP,770,770,1,0,BE,no_breakout_within_fw,0,0.0,239.5629,770,7.745157142857143,0,,0
htf,MGA,774,774,1,0,LOSS,stop_hit,5,-1.0,56.477135261664564,774,1.4678522076889509,1,775.0,0
htf,MSFT,778,778,1,0,LOSS,stop_hit,2,-1.0,257.4431885426746,778,5.925897913717416,1,780.0,0
htf,KMPR,779,779,1,0,BE,breakout_too_far,0,0.0,57.511417420814475,779,1.9741932910540767,0,,0
htf,PD,780,780,1,0,BE,no_breakout_within_fw,0,0.0,31.29,780,1.6570000000000003,0,,0
htf,PZZA,780,780,1,0,BE,no_breakout_within_fw,0,0.0,83.41094245455524,780,2.9301323618012662,0,,0
htf,MLI,781,781,1,0,BE,no_breakout_within_fw,0,0.0,36.00101438615469,781,1.1000167439673316,0,,0
htf,MLI,783,783,1,0,LOSS,stop_hit,1,-1.0,34.79424779543884,783,1.1670576242210502,1,784.0,0
htf,ALIT,657,657,1,0,LOSS,stop_hit,1,-1.0,9.508049176954732,657,0.31381970318059554,1,661.0,0
htf,KR,810,810,1,0,LOSS,stop_hit,1,-1.0,45.56565545378851,810,0.8898913329584701,1,812.0,0
htf,BMI,835,835,1,0,WIN,earnings_flat_favorable,54,3.400920265317614,130.57908015508542,835,3.5845944314651765,1,837.0,0
htf,BMI,897,897,1,0,LOSS,stop_hit,1,-1.0,160.8258519259168,897,4.030132375446046,1,899.0,0
htf,ACA,840,842,3,0,LOSS,stop_hit,1,-1.0,68.34091339285715,842,1.9308086281975234,1,844.0,0
htf,FLG,844,844,1,0,LOSS,stop_hit,1,-1.0,29.21506316851665,844,1.52162571820454,1,847.0,0
htf,VSH,848,848,1,0,WIN,exit_fired,46,6.030765902567885,23.147979565038984,848,0.5911555004055119,1,849.0,1
htf,NFLX,854,854,1,0,BE,breakout_too_far,0,0.0,36.7151,854,1.0058114285714306,0,,0
htf,PLTR,666,666,1,0,WIN,earnings_flat_favorable,48,7.897077944296175,12.43,666,0.7306499999999999,1,667.0,1
htf,ANF,859,859,1,0,WIN,earnings_flat_favorable,55,7.601253275725889,30.79,859,1.3655642857142862,1,860.0,0
htf,MOD,859,859,1,1,BE,breakout_too_far,0,0.0,27.95,859,1.078571428571429,0,,0
htf,UCTT,859,859,1,0,LOSS,stop_hit,1,-1.0,34.22,859,1.261857142857144,1,860.0,0
htf,CWK,537,538,2,0,BE,no_breakout_within_fw,0,0.0,23.22,538,0.6669142857142857,0,,0
htf,ANDE,538,538,1,0,WIN,exit_fired,44,7.877650280556981,36.76957208588957,538,1.3171856511224536,1,539.0,0
htf,WPM,538,538,1,0,BE,no_breakout_within_fw,0,0.0,42.19926344827586,538,1.1259755948501748,0,,0
htf,BKR,540,540,1,0,LOSS,stop_hit,1,-1.0,26.797002753872633,540,0.9563701357909048,1,542.0,1
htf,B,542,543,2,0,LOSS,stop_hit,1,-1.0,19.18461271599468,543,0.6297414590709719,1,544.0,0
htf,WTTR,542,542,1,0,LOSS,stop_hit,1,-1.0,7.509540560292326,542,0.39365718338451755,1,543.0,0
htf,DVN,545,546,2,0,LOSS,stop_hit,1,-1.0,49.26017360613812,546,2.326823021970411,1,551.0,0
htf,OXY-WT,384,384,1,0,BE,breakout_too_far,0,0.0,26.98,384,1.9442357142857147,0,,1
htf,MATX,547,547,1,0,WIN,exit_fired,12,3.411529689164309,102.59302440665296,547,4.557010200651453,1,552.0,0
htf,GOGO,548,548,1,0,LOSS,stop_hit,1,-1.0,16.91,548,0.7014285714285712,1,551.0,0
htf,CP,550,551,2,0,LOSS,stop_hit,1,-1.0,76.01590934567425,551,2.3563525586832545,1,555.0,0
htf,SCCO,551,551,1,0,BE,no_breakout_within_fw,0,0.0,62.75014114379883,551,1.9918278455734253,0,,0
htf,CTVA,553,553,1,0,LOSS,stop_hit,1,-1.0,52.480931931377974,553,1.62875216511274,1,554.0,0
htf,KBR,556,556,1,0,LOSS,stop_hit,3,-1.0,51.52335498313975,556,1.785942549838316,1,561.0,0
htf,OMC,558,558,1,0,LOSS,stop_hit,1,-1.0,74.17949667024705,558,2.2692511981174297,1,562.0,0
htf,ATEN,586,586,1,0,BE,breakout_too_far,0,0.0,13.939775910364146,586,0.5025456627692603,0,,0
htf,VIXM,593,593,1,0,BE,no_breakout_within_fw,0,0.0,36.75,593,1.1978571428571432,0,,0
htf,SKT,599,599,1,0,BE,no_breakout_within_fw,0,0.0,16.444124386252046,599,0.7971254443191437,0,,0
htf,STNG,600,600,1,0,LOSS,stop_hit,3,-1.0,27.21778546891103,600,1.4883424548973445,1,602.0,1
htf,TDW,601,601,1,0,LOSS,stop_hit,1,-1.0,27.02,601,1.7878571428571433,1,606.0,0
htf,DQ,623,623,1,0,LOSS,stop_hit,1,-1.0,69.47,623,4.520085714285714,1,625.0,0
htf,DQ,1470,1470,1,0,BE,breakout_too_far,0,0.0,31.56,1470,1.8735714285714284,0,,0
htf,ICFI,653,653,1,0,LOSS,stop_hit,2,-1.0,97.86380107472371,653,2.305808713392883,0,655.0,0
htf,MDU,654,654,1,0,BE,breakout_too_far,0,0.0,10.16928521606182,654,0.20728882106882754,0,,0
htf,NGVT,654,654,1,0,LOSS,stop_hit,15,-1.0,70.25,654,1.8031428571428576,1,656.0,0
htf,SFM,655,655,1,0,BE,no_breakout_within_fw,0,0.0,30.71,655,0.8550000000000002,0,,0
htf,TCRT,670,670,1,0,BE,breakout_too_far,0,0.0,378.0,670,42.107142857142854,0,,0
htf,ULTA,670,670,1,0,LOSS,stop_hit,2,-1.0,420.68,670,10.852857142857134,0,672.0,0
htf,ULTA,673,673,1,0,BE,breakout_too_far,0,0.0,431.6,673,11.21571428571428,0,,0
htf,URNM,672,672,1,0,LOSS,stop_hit,3,-1.0,35.07728614211816,672,1.4957044156237393,0,676.0,0
htf,DNN,673,674,2,0,LOSS,stop_hit,3,-1.0,1.39,674,0.10214285714285713,0,676.0,0
htf,PERI,700,700,1,0,LOSS,stop_hit,1,-1.0,22.87,700,1.1061214285714287,1,704.0,0
htf,PERI,702,702,1,0,LOSS,stop_hit,1,-1.0,23.19,702,1.122907142857143,1,704.0,0
htf,ELV,704,704,1,0,LOSS,stop_hit,17,-1.0,460.08563831308675,704,11.253683333241534,0,705.0,0
htf,TITN,704,704,1,0,BE,no_breakout_within_fw,0,0.0,33.23,704,1.2871428571428571,0,,0
htf,GBCI,705,705,1,0,BE,no_breakout_within_fw,0,0.0,47.930026180990325,705,1.3537103363137004,0,,0
htf,BATRK,706,706,1,0,WIN,earnings_flat_favorable,9,0.9579650736870046,29.940000534057617,706,0.7307143807411194,1,707.0,0
htf,NVCR,1241,1242,2,0,LOSS,stop_hit,18,-1.0,28.82,1242,2.012114285714286,1,1243.0,0
htf,BB,1243,1244,2,0,BE,breakout_too_far,0,0.0,2.94,1244,0.12919285714285714,0,,1
htf,BB,1250,1250,1,1,BE,breakout_too_far,0,0.0,3.08,1250,0.17678571428571427,0,,1
htf,RR,275,275,1,1,BE,breakout_too_far,0,0.0,1.39,275,0.22278571428571428,0,,0
htf,VNET,1267,1267,1,0,BE,breakout_too_far,0,0.0,5.7,1267,0.422857142857143,0,,1
htf,BKSY,1273,1273,1,0,LOSS,stop_hit,1,-1.0,14.395,1273,1.1170714285714283,1,1277.0,0
htf,BKSY,1281,1281,1,0,BE,no_breakout_within_fw,0,0.0,17.94,1281,1.7009285714285713,0,,0
htf,SDGR,1254,1254,1,0,LOSS,stop_hit,3,-1.0,25.15,1254,1.6931428571428568,1,1256.0,0
htf,CWEB,1279,1279,1,0,WIN,exit_fired,7,3.538843640158161,37.0742722340994,1279,1.6856149557469564,0,1282.0,0
htf,YINN,1279,1280,2,0,WIN,exit_fired,7,4.812491275249406,33.165877355901195,1280,1.4545943553395888,0,1282.0,0
htf,AGQ,1280,1280,1,0,BE,no_breakout_within_fw,0,0.0,42.76,1280,1.1564285714285714,0,,0
htf,BABA,1280,1281,2,0,WIN,earnings_flat_favorable,7,6.76572419710872,101.01614709911361,1281,3.5148865380957894,1,1282.0,1
htf,BABX,537,538,2,0,WIN,exit_fired,31,9.259130434782612,22.68,538,1.4374999999999996,0,539.0,1
htf,BABX,686,686,1,0,BE,breakout_too_far,0,0.0,38.78,686,1.6044999999999996,0,,0
htf,KWEB,1280,1280,1,0,WIN,exit_fired,8,4.272357343144827,29.785173384516956,1280,0.7457069621282955,0,1281.0,0
htf,GRAL,165,165,1,0,BE,breakout_too_far,0,0.0,34.71,165,3.7762,0,,0
htf,SIBN,1291,1291,1,0,LOSS,stop_hit,1,-1.0,18.3,1291,0.8191357142857135,1,1293.0,0
htf,SQM,1302,1302,1,0,LOSS,stop_hit,1,-1.0,42.67,1302,1.4007142857142862,1,1303.0,0
htf,SOBO,108,108,1,0,LOSS,stop_hit,1,-1.0,23.858426791277257,108,0.8975674521338795,1,112.0,0
htf,AAPD,654,654,1,0,BE,no_breakout_within_fw,0,0.0,17.177714414923685,654,0.4601670838656019,0,,0
htf,PEW,327,327,1,0,LOSS,stop_hit,1,-1.0,12.78,327,0.5622142857142858,0,331.0,1
htf,OPFI,1125,1125,1,0,LOSS,stop_hit,2,-1.0,11.88,1125,0.5666857142857146,1,1126.0,0
htf,RGTI,1022,1022,1,0,BE,breakout_too_far,0,0.0,12.52,1022,0.9206428571428574,0,,0
htf,NVTS,1097,1097,1,0,LOSS,stop_hit,9,-1.0,6.6,1097,0.9295,1,1098.0,1
htf,OCUL,1378,1378,1,0,LOSS,stop_hit,1,-1.0,9.49,1378,0.5077142857142858,1,1382.0,0
htf,SNX,1379,1380,2,0,WIN,earnings_flat_favorable,58,4.256015047226046,135.54617987041672,1380,3.263268568243298,1,1381.0,1
htf,POET,1380,1380,1,0,BE,breakout_too_far,0,0.0,5.28,1380,0.3392857142857143,0,,0
htf,POET,1383,1383,1,0,BE,breakout_too_far,0,0.0,5.5,1383,0.41,0,,0
htf,UBRL,206,206,1,0,BE,breakout_too_far,0,0.0,30.6301952145724,206,1.483578232604897,0,,0
htf,HST,1383,1383,1,0,LOSS,stop_hit,4,-1.0,15.609139225484071,1383,0.34422593829050363,1,1386.0,0
htf,TKR,1383,1383,1,0,LOSS,stop_hit,1,-1.0,75.84780214512712,1383,1.7922581938376447,1,1384.0,0
htf,ESI,1385,1385,1,0,LOSS,stop_hit,1,-1.0,24.5796454361874,1385,0.58782551924505,1,1386.0,0
htf,BKU,1386,1386,1,0,LOSS,stop_hit,1,-1.0,37.2698557936508,1386,0.8196537954918109,1,1391.0,0
htf,BTCS,1387,1388,2,0,BE,breakout_too_far,0,0.0,4.994149006622516,1388,0.6132105904447995,0,,0
htf,GOOS,1390,1390,1,0,LOSS,stop_hit,1,-1.0,14.099,1390,0.5216428571428572,1,1391.0,0
htf,GOSS,1394,1394,1,0,BE,breakout_too_far,0,0.0,1.755,1394,0.11278571428571427,0,,0
htf,JLL,1403,1403,1,0,BE,no_forward_window_after_earnings,0,0.0,272.42,1403,6.205714285714287,1,1404.0,0
htf,DOO,1404,1404,1,0,LOSS,stop_hit,1,-1.0,51.19624110019646,1404,1.60023825685339,1,1406.0,0
htf,SYM,564,564,1,0,WIN,exit_fired,10,3.473987874046547,35.64,564,2.921714285714286,1,565.0,0
htf,APPF,862,862,1,0,BE,breakout_too_far,0,0.0,156.69,862,5.091421428571424,0,,0
htf,HOMB,866,866,1,0,LOSS,stop_hit,1,-1.0,21.96599794079794,866,0.6621599128017331,1,867.0,0
htf,HOMB,991,991,1,0,BE,breakout_too_far,0,0.0,22.46125950868276,991,0.43310671232706255,0,,0
htf,AUR,529,529,1,0,LOSS,stop_hit,3,-1.0,2.2,529,0.17900000000000002,1,530.0,0
htf,LII,869,869,1,0,LOSS,stop_hit,1,-1.0,300.92057935479687,869,6.88783752595018,1,870.0,0
htf,XHB,869,869,1,0,LOSS,stop_hit,1,-1.0,75.08975248827514,869,1.447469444006445,0,871.0,0
htf,BBBY,875,875,1,0,WIN,earnings_flat_favorable,19,4.561650257852788,24.14,875,1.5235714285714288,1,877.0,1
htf,CMC,875,877,3,0,LOSS,stop_hit,3,-1.0,50.50251591132039,877,1.344334239510058,0,879.0,0
htf,MAS,875,875,1,0,LOSS,stop_hit,5,-1.0,53.43028182473854,875,1.1788987466107395,1,876.0,0
htf,GENI,696,696,1,0,BE,no_breakout_within_fw,0,0.0,8.1,696,0.4324499999999999,0,,0
htf,FORM,891,891,1,0,BE,no_breakout_within_fw,0,0.0,36.92,891,1.1478571428571431,0,,0
htf,FORM,1511,1511,1,1,WIN,earnings_flat_favorable,17,5.686810049126203,63.9492,1511,1.8887214285714289,1,1512.0,1
htf,MVST,891,892,2,0,BE,no_breakout_within_fw,0,0.0,2.82,892,0.25849999999999995,0,,0
htf,ROKU,891,891,1,0,BE,no_breakout_within_fw,0,0.0,79.185,891,3.806428571428572,0,,0
htf,AEHR,892,892,1,0,LOSS,stop_hit,4,-1.0,48.59,892,2.9562785714285718,1,894.0,0
htf,AEHR,1422,1422,1,0,BE,no_breakout_within_fw,0,0.0,26.85,1422,1.9824000000000013,0,,1
htf,ITRI,892,892,1,0,LOSS,stop_hit,2,-1.0,75.54,892,1.6278571428571422,1,895.0,0
htf,GRAB,662,662,1,0,LOSS,stop_hit,3,-1.0,3.7,662,0.1598214285714286,1,667.0,0
htf,GRAB,1208,1208,1,0,BE,no_breakout_within_fw,0,0.0,6.43,1208,0.3092857142857143,0,,0
htf,MMYT,904,904,1,0,WIN,exit_fired,49,9.01449551178355,34.08,904,0.9007714285714291,1,905.0,1
htf,SABR,904,904,1,0,BE,breakout_too_far,0,0.0,4.97,904,0.27428571428571424,0,,0
htf,INSW,907,907,1,0,BE,no_breakout_within_fw,0,0.0,35.08278551236749,907,1.181198852198093,0,,0
htf,NPKI,918,918,1,0,LOSS,stop_hit,1,-1.0,6.04,918,0.20071428571428587,1,923.0,0
htf,KTOS,952,952,1,0,LOSS,stop_hit,3,-1.0,16.98,952,0.5491214285714288,1,953.0,0
htf,LOGI,962,962,1,0,WIN,exit_fired,52,9.930680668228899,74.65404966887417,962,1.512177345422996,1,964.0,1
htf,CR,148,148,1,1,BE,breakout_too_far,0,0.0,92.9780198595147,148,3.017043416487824,0,,0
htf,ACLX,444,444,1,0,BE,held_to_end,60,0.0,45.785,444,2.903357142857144,0,446.0,0
htf,CRSP,972,972,1,0,BE,held_to_end,60,0.0,52.4199,972,3.853778571428571,0,973.0,0
htf,AGO,976,976,1,0,BE,held_to_end,60,0.0,64.14886414403416,976,1.1978051565689012,0,979.0,0
htf,FTRE,108,108,1,0,LOSS,stop_hit,1,-1.0,32.52,108,1.2028571428571433,0,109.0,0
htf,HZO,988,988,1,0,LOSS,stop_hit,2,-1.0,32.97,988,1.2042857142857142,1,991.0,0
htf,AMRX,989,989,1,0,BE,breakout_too_far,0,0.0,4.77,989,0.1977142857142857,0,,0
htf,KGS,113,113,1,0,LOSS,stop_hit,1,-1.0,16.40732005449591,113,0.33282623998939215,1,117.0,0
htf,HLF,996,997,2,0,LOSS,stop_hit,1,-1.0,15.23,997,0.6304000000000002,1,1002.0,0
htf,MSCI,997,997,1,0,LOSS,stop_hit,11,-1.0,521.554443384754,997,11.708425492815195,1,998.0,1
htf,HRI,998,998,1,0,LOSS,stop_hit,1,-1.0,143.7823694885971,998,5.256856746701822,1,1001.0,0
htf,IBRX,1001,1001,1,0,LOSS,stop_hit,7,-1.0,4.59,1001,0.3852142857142856,1,1002.0,0
htf,YOU,1034,1034,1,0,WIN,exit_fired,34,0.6560605670915131,32.45665725023489,1034,1.0624670719889198,0,1037.0,0
htf,VVX,1408,1408,1,0,LOSS,stop_hit,21,-1.0,53.165,1408,1.8743571428571413,1,1409.0,0
htf,DBD,503,504,2,0,LOSS,stop_hit,1,-1.0,62.75,504,1.6027214285714284,1,508.0,0
htf,EQX,1416,1416,1,1,WIN,exit_fired,45,8.556999217481472,7.912581265822784,1416,0.3105666678977899,0,1417.0,0
htf,SWK,1419,1419,1,0,BE,no_breakout_within_fw,0,0.0,74.34200869796516,1419,2.0753310848541378,0,,0
htf,SMTC,1422,1423,2,0,LOSS,stop_hit,1,-1.0,60.17,1423,2.6192357142857148,1,1426.0,0
htf,PL,1098,1098,1,1,WIN,exit_fired,28,6.20440682185983,9.35,1098,0.5737857142857142,0,1099.0,1
htf,PL,1100,1100,1,0,LOSS,stop_hit,1,-1.0,9.79,1100,0.6267857142857141,0,1101.0,1
htf,EOSE,1326,1327,2,1,WIN,exit_fired,33,8.855322161907008,8.74,1327,0.6052857142857143,1,1328.0,0
htf,PLD,1435,1435,1,0,BE,no_breakout_within_fw,0,0.0,113.98286254775964,1435,2.1566706877072965,0,,0
htf,MSGS,1438,1439,2,0,LOSS,stop_hit,8,-1.0,220.4,1439,4.867714285714284,1,1440.0,0
htf,TER,1440,1440,1,0,LOSS,stop_hit,2,-1.0,132.99387167908483,1440,4.519693093922117,1,1441.0,1
htf,VUZI,1441,1441,1,0,BE,breakout_too_far,0,0.0,3.14,1441,0.2807142857142857,0,,0
htf,LAES,592,592,1,0,WIN,exit_fired,23,3.7994100294985245,4.07,592,0.4842857142857143,0,593.0,1
htf,OKLL,74,74,1,0,LOSS,stop_hit,7,-1.0,89.98,74,15.414428571428573,0,76.0,0
htf,SHOP,1450,1450,1,0,BE,no_breakout_within_fw,0,0.0,167.599,1450,6.101142857142855,0,,0
htf,RGEN,1452,1453,2,0,WIN,earnings_flat_favorable,7,1.7236202029908099,150.85,1453,5.94678571428572,1,1455.0,1
htf,IVVD,1052,1053,2,0,LOSS,stop_hit,8,-1.0,1.81,1053,0.19599999999999995,1,1055.0,0
htf,PACB,1458,1459,2,0,LOSS,stop_hit,1,-1.0,1.9999,1459,0.1508214285714286,1,1461.0,1
htf,RIG,1468,1468,1,0,LOSS,stop_hit,9,-1.0,3.92,1468,0.1964285714285714,0,1471.0,0
htf,NOV,1469,1469,1,0,LOSS,stop_hit,1,-1.0,14.99787968021319,1469,0.44789898910689363,1,1470.0,0
htf,EXPD,1475,1476,2,0,LOSS,stop_hit,1,-1.0,139.80329183761918,1476,3.8575302745835467,0,1477.0,0
htf,DNTH,1478,1478,1,0,LOSS,stop_hit,13,-1.0,41.43,1478,2.4867142857142865,0,1481.0,0
htf,DNTH,1482,1482,1,0,BE,no_breakout_within_fw,0,0.0,44.21,1482,2.64207142857143,0,,0
htf,SGML,1482,1482,1,0,LOSS,stop_hit,3,-1.0,10.29,1482,1.0194285714285714,0,1484.0,1
htf,DEC,1303,1303,1,0,LOSS,stop_hit,6,-1.0,14.599056382978723,1303,0.5412381344447343,0,1306.0,0
htf,CFFN,1491,1491,1,0,BE,breakout_too_far,0,0.0,6.650236607142857,1491,0.1265436661611683,0,,0
htf,CFFN,1530,1530,1,0,BE,no_breakout_within_fw,0,0.0,7.653626086956522,1530,0.23466009768265783,0,,0
htf,GOLD,1492,1493,2,0,LOSS,stop_hit,1,-1.0,31.50228214854957,1493,1.2284405845279311,1,1495.0,0
htf,WS,510,511,2,0,BE,no_breakout_within_fw,0,0.0,36.70213346564467,511,1.195928884014576,0,,0
htf,TFIN,1495,1496,2,0,LOSS,stop_hit,1,-1.0,63.5,1496,2.6333214285714273,1,1498.0,0
htf,EYPT,1498,1498,1,0,LOSS,stop_hit,1,-1.0,17.37,1498,0.9831642857142856,1,1500.0,0
htf,NTR,1500,1500,1,0,LOSS,stop_hit,2,-1.0,61.893534810533076,1500,1.5106781290362103,1,1502.0,0
htf,TAN,1502,1502,1,0,BE,no_breakout_within_fw,0,0.0,51.22,1502,1.420778571428571,0,,0
htf,BIDU,1513,1513,1,0,BE,breakout_too_far,0,0.0,144.9,1513,3.8492857142857164,0,,0
htf,RVTY,1516,1516,1,0,LOSS,stop_hit,1,-1.0,112.65157152080344,1516,3.254452379744794,1,1517.0,0
htf,RVTY,1518,1518,1,0,LOSS,stop_hit,3,-1.0,115.445,1518,3.7014789865661655,1,1520.0,0
htf,AXL,1519,1519,1,0,BE,breakout_too_far,0,0.0,7.77,1519,0.3228571428571429,0,,0
htf,DCH,1519,1519,1,0,BE,breakout_too_far,0,0.0,7.77,1519,0.3228571428571429,0,,0
htf,GLDD,1519,1519,1,0,BE,breakout_too_far,0,0.0,14.9588,1519,0.501357142857143,0,,0
htf,EQNR,1522,1522,1,0,BE,breakout_too_far,0,0.0,25.36161499414291,1522,0.5434628041965445,0,,0
htf,OBK,1522,1522,1,0,WIN,exit_fired,13,2.0741551611358253,41.716266324033285,1522,0.9708693513864094,0,1526.0,0
htf,WDS,1531,1531,1,0,LOSS,stop_hit,6,-1.0,17.60195541381836,1531,0.312757283449173,0,1532.0,0
htf,COLM,1532,1532,1,0,BE,no_breakout_within_fw,0,0.0,63.511639511653726,1532,2.16665422601077,0,,0
htf,COLM,1537,1537,1,0,LOSS,stop_hit,2,-1.0,63.08378265128772,1537,2.269693147077525,0,1538.0,0
htf,PFE,1533,1533,1,0,LOSS,stop_hit,1,-1.0,27.37,1533,0.6094198738378428,0,1534.0,0
htf,RXO,823,823,1,0,BE,no_breakout_within_fw,0,0.0,16.83,823,1.0364285714285715,0,,0
htf,VRTL,221,221,1,0,BE,breakout_too_far,0,0.0,76.82,221,7.56635714285714,0,,0
htf,BMRN,1537,1537,1,0,LOSS,stop_hit,1,-1.0,60.99,1537,1.7143214285714272,1,1539.0,0
htf,GFS,1079,1079,1,0,LOSS,stop_hit,1,-1.0,48.69,1079,2.3613785714285713,0,1084.0,0
htf,MITK,1547,1547,1,0,LOSS,stop_hit,2,-1.0,14.955,1547,0.6639214285714287,0,1549.0,0
htf,VG,285,285,1,0,WIN,exit_fired,10,2.928225250549742,12.94,285,0.9630406675410562,0,286.0,0
