setup,direction,ticker,entry_date,signal_idx,entry_idx,signal_close,adr14,real_stop_dist_adr,fw_min_adr,fw_max_adr,fw_first_adr,fw_last_adr
3-4db,short,AEVA,2025-07-21,1354,1355,32.23,3.7233,0.1509,0.1509,-1.6142,0.1509,-1.6142
3-4db,short,ARM,2025-11-03,535,536,169.82,6.9408,0.536,0.536,-0.791,0.536,-0.791
3-4db,short,BE,2025-10-28,1824,1825,108.53,9.8318,0.5075,3.628,0.5075,0.5075,2.9003
3-4db,short,CLSK,2025-10-28,1894,1895,20.2,2.0178,0.3296,0.3296,-0.7335,0.3296,-0.7335
3-4db,short,HIVE,2025-10-27,2467,2468,6.03,0.7243,0.3728,0.3728,-0.2623,0.3728,-0.2623
3-4db,short,IREN,2025-10-28,988,989,64.99,6.8448,0.3404,0.3404,-0.5815,0.3404,-0.5815
3-4db,short,LEU,2025-10-27,2467,2468,383.0,42.6371,0.2064,0.4456,-0.0171,0.2064,0.4456
3-4db,short,OKLO,2025-10-27,1080,1081,136.05,17.0111,0.5261,0.9411,0.4909,0.5261,0.9411
3-4db,short,ONDS,2025-10-27,1321,1322,7.46,1.0364,0.825,0.825,-0.4921,0.825,-0.4921
3-4db,short,OPEN,2025-09-26,1324,1325,9.09,1.3121,-0.0838,-0.0838,-0.5182,-0.0838,-0.5182
3-4db,short,PATH,2025-10-28,1135,1136,17.39,1.1628,0.0946,0.0946,-0.9159,0.0946,-0.9159
3-4db,short,PL,2025-10-27,1130,1131,13.61,1.0377,0.3373,0.3373,-0.265,0.3373,-0.265
3-4db,short,QS,2025-10-27,1304,1305,16.82,1.8279,0.3447,0.3447,-0.2571,0.3447,-0.2571
3-4db,short,REAL,2026-01-28,1653,1654,16.09,0.8191,0.5005,0.5005,-0.6593,0.5005,-0.6593
3-4db,short,RR,2025-10-27,485,486,6.08,0.7649,0.4445,0.4445,-1.0197,0.4445,-1.0197
base,long,AAPL,2024-11-25,2238,2239,228.6211,3.5021,0.0369,0.0369,-1.1189,0.0369,-1.1189
base,long,ALM,2025-09-15,2437,2438,4.46,0.2782,-0.1797,-0.1797,-1.0424,-0.1797,-1.0424
base,long,AMN,2021-04-22,1333,1334,77.09,1.6793,0.1429,0.1429,-1.5483,0.1429,-1.5483
base,long,APP,2024-09-11,856,857,86.23,3.8294,-0.2324,-0.2324,-5.147,-0.2324,-5.147
base,long,ASTS,2025-06-04,1333,1334,25.18,1.5608,-0.141,-0.141,-2.9472,-0.141,-2.9472
base,long,ATI,2025-12-10,2498,2499,99.42,3.1305,-0.0032,-0.0032,-2.7088,-0.0032,-2.7088
base,long,AXTI,2025-10-24,2466,2467,5.18,0.4919,-0.4473,-0.4473,-1.7485,-0.4473,-1.7485
base,long,BAP,2025-12-02,2492,2493,254.95,8.0329,-0.1979,-0.1979,-1.1764,-0.1979,-1.1764
base,long,CLS,2025-05-13,2352,2353,100.32,4.7943,-0.0709,-0.0709,-2.0962,-0.0709,-1.8021
base,long,DRN,2024-07-11,2142,2143,8.5541,0.2778,-1.3148,-1.3148,-2.8669,-1.3148,-2.8374
base,long,EAT,2024-09-16,2188,2189,70.39,2.5173,-0.0159,-0.0159,-1.2553,-0.0159,-1.2553
base,long,EOSE,2025-09-12,1323,1324,7.22,0.5429,0.0903,0.0903,-1.8237,0.0903,-1.3079
base,long,ERO,2025-11-24,1719,1720,21.6,1.0201,-0.0098,-0.0098,-2.0634,-0.0098,-2.0634
base,long,FIX,2023-02-23,1796,1797,122.3655,2.9279,-1.157,-1.157,-7.215,-1.157,-7.215
base,long,FIX,2025-09-10,2434,2435,708.7244,23.0928,-0.5338,-0.5338,-1.9668,-0.5338,-1.8305
base,long,FTAI,2025-12-30,2511,2512,172.5385,5.562,-0.691,-0.691,-4.5231,-0.691,-4.5231
base,long,IONQ,2025-09-11,1176,1177,43.86,2.1644,0.2218,0.2218,-5.5857,0.2218,-5.5857
base,long,IONQ-WS,2025-09-09,401,402,41.01,2.2723,-0.0154,-0.0154,-1.1222,-0.0154,-1.043
base,long,IREN,2025-06-24,900,901,10.66,0.6609,-0.3934,-0.3934,-1.6494,-0.3934,-1.4224
base,long,KTOS,2025-05-16,2355,2356,34.39,1.3573,0.2726,0.2726,-0.3696,0.2726,-0.3696
base,long,KTOS,2025-09-11,2435,2436,65.66,2.6887,0.0223,0.0223,-0.8331,0.0223,-0.8331
base,long,LNG,2021-04-23,1334,1335,69.4962,1.6205,0.4835,0.4835,-0.8787,0.4835,-0.8787
base,long,METC,2021-07-26,1124,1125,5.0334,0.2673,0.0631,0.0631,-1.1929,0.0631,-1.1929
base,long,PAG,2021-09-15,1434,1435,80.7772,1.8287,0.1278,0.1278,-2.5446,0.1278,-2.5446
base,long,PSIX,2025-05-12,2277,2278,30.36,2.1771,-0.294,-0.294,-1.6352,-0.294,-1.6352
base,long,PTON,2024-10-14,1269,1270,4.91,0.2921,0.5472,0.5472,-0.8218,0.5472,-0.8218
base,long,QXO,2025-06-06,2369,2370,16.75,0.8614,-1.1609,-1.1609,-3.6335,-1.1609,-3.6335
base,long,RCAT,2024-11-05,2224,2225,3.27,0.2415,0.4141,0.4141,0.0,0.4141,0.2484
base,long,RGTI,2025-09-12,1102,1103,16.69,0.9916,0.0303,0.0303,-2.2488,0.0303,-2.2488
base,long,RH,2020-07-15,1139,1140,267.22,10.6232,-0.2207,-0.2207,-1.1118,-0.2207,-1.1118
base,long,SA,2025-08-29,2427,2428,16.5,0.5321,0.094,0.094,-1.7852,0.094,-1.7852
base,long,SFM,2023-11-30,1990,1991,41.62,0.8461,0.4136,0.4136,-2.8364,0.4136,-2.8364
base,long,SIMO,2021-12-03,1490,1491,65.6978,2.0851,-0.1923,-0.1923,-2.7968,-0.1923,-2.7968
base,long,SKY,2021-11-03,1469,1470,64.85,2.1457,-1.9621,-1.9621,-3.5419,-1.9621,-3.5419
base,long,SNBR,2020-10-02,1195,1196,49.46,2.1432,0.6112,0.6112,-1.4791,0.6112,-1.4791
base,long,SNDK,2025-08-22,130,131,45.5,2.1366,-0.0608,-0.0608,-0.585,-0.0608,-0.585
base,long,SNDK,2026-01-02,221,222,237.38,17.3813,-0.3809,-0.3809,-2.9411,-0.3809,-2.9411
base,long,SOUN,2024-11-21,645,646,6.44,0.604,0.0993,0.0993,-2.3677,0.0993,-2.3677
base,long,STRL,2025-09-10,2434,2435,286.69,12.0125,-0.3588,-0.3588,-2.0712,-0.3588,-2.0712
base,long,TSLA,2025-09-11,2435,2436,347.79,11.285,0.0168,0.0168,-4.8418,0.0168,-4.8418
base,long,VITL,2024-02-20,892,893,15.62,0.4368,0.4121,0.4121,-2.3123,0.4121,-2.3123
base,long,WLDN,2025-05-09,2350,2351,40.56,1.2907,-0.0077,-0.0077,-3.0448,-0.0077,-3.0448
bf,long,AA,2025-12-11,2499,2500,44.567,1.6448,0.0849,0.0849,-0.7163,0.0849,-0.4613
bf,long,AMPX,2025-07-02,699,700,3.91,0.3593,-0.0278,-0.0278,-1.6144,-0.0278,-1.6144
bf,long,ANF,2023-11-01,1970,1971,60.82,2.2958,0.2657,0.2657,-1.2654,0.2657,-1.2654
bf,long,ANF,2023-11-02,1971,1972,62.13,2.2579,-0.0443,-0.0443,-1.2135,-0.0443,-1.2135
bf,long,APLD,2025-10-01,1562,1563,22.94,1.6471,0.3886,0.3886,-1.9793,0.3886,-1.411
bf,long,AXON,2021-02-04,1280,1281,167.55,8.2429,0.1844,0.1844,-1.0882,0.1844,-1.0882
bf,long,AXTI,2025-10-24,2466,2467,5.18,0.4919,-0.4473,-0.4473,-1.7485,-0.4473,-1.7485
bf,long,BE,2025-07-23,1756,1757,25.93,1.4256,0.1333,0.1333,-5.1067,0.1333,-5.1067
bf,long,BIOA,2025-11-17,285,286,7.8,0.4377,-0.0914,-0.0914,-0.731,-0.0914,-0.731
bf,long,BLDP,2021-01-06,1260,1261,23.08,1.312,-0.0915,-0.0915,-3.7195,-0.0915,-3.7195
bf,long,DAC,2020-12-04,1239,1240,10.7639,0.9979,-0.0412,-0.0412,-0.8075,-0.0412,-0.8075
bf,long,EH,2021-01-05,266,267,21.24,2.7346,0.0804,0.0804,-0.9361,0.0804,-0.9361
bf,long,EOSE,2025-09-12,1323,1324,7.22,0.5429,0.0903,0.0903,-1.8237,0.0903,-1.3079
bf,long,EOSE,2025-09-18,1327,1328,8.5,0.6053,0.0991,0.0991,-2.2304,0.0991,-2.2304
bf,long,EQX,2025-08-22,2268,2269,7.8926,0.3106,0.4182,0.4182,-0.6434,0.4182,-0.6434
bf,long,GDXU,2025-08-21,1181,1182,93.65,5.5759,0.2224,0.2224,-1.6141,0.2224,-1.6141
bf,long,HROW,2024-09-10,2184,2185,39.32,2.06,-0.0485,-0.0485,-0.9709,-0.0485,-0.9709
bf,long,HUT,2025-10-01,1855,1856,34.81,2.4126,0.11,0.11,-1.6958,0.11,-1.6958
bf,long,HYMC,2025-12-11,1949,1950,11.66,0.8603,0.2441,0.2441,-1.0345,0.2441,-1.0345
bf,long,IONQ,2024-11-07,967,968,16.45,1.5279,0.1047,0.1047,-3.1809,0.1047,-3.1744
bf,long,IREN,2024-06-03,636,637,7.79,0.6954,-0.2445,-0.2445,-1.0929,-0.2445,-1.0929
bf,long,IREN,2025-06-23,899,900,10.47,0.6226,1.0359,1.0359,-2.0558,1.0359,-2.0558
bf,long,IREN,2025-06-24,900,901,10.66,0.6609,-0.3934,-0.3934,-1.6494,-0.3934,-1.4224
bf,long,IZEA,2021-01-08,1244,1245,7.28,0.9879,0.0,0.0,-1.6195,0.0,-1.6195
bf,long,JD,2020-05-29,1107,1108,44.7792,2.1022,-0.0167,-0.0167,-1.5656,-0.0167,-1.5656
bf,long,KTOS,2025-09-11,2435,2436,65.66,2.6887,0.0223,0.0223,-0.8331,0.0223,-0.8331
bf,long,MSTR,2024-02-26,2048,2049,68.744,4.5038,-0.0111,-0.0111,-5.0637,-0.0111,-5.0637
bf,long,MU,2025-10-01,2449,2450,167.0776,5.2345,0.3472,0.3472,-3.3795,0.3472,-3.3795
bf,long,ONDS,2025-08-22,1276,1277,3.8,0.4686,0.0,0.0,-1.9421,0.0,-1.9421
bf,long,OSCR,2024-01-24,727,728,11.17,0.7377,-0.2847,-0.2847,-1.0047,-0.2847,-1.0047
bf,long,QBTS,2024-11-21,991,992,1.67,0.2359,-0.1696,-0.1696,-4.3671,-0.1696,-4.3671
bf,long,QUBT,2024-12-16,1620,1621,6.705,1.4319,-0.0873,-0.0873,-7.6086,-0.0873,-7.6086
bf,long,QXO,2025-06-06,2369,2370,16.75,0.8614,-1.1609,-1.1609,-3.6335,-1.1609,-3.6335
bf,long,REAL,2024-11-13,1353,1354,3.78,0.2242,-0.223,-0.223,-0.8028,-0.223,-0.2676
bf,long,RGTI,2024-12-06,912,913,3.18,0.4279,-0.3038,-0.3038,-2.571,-0.3038,-2.571
bf,long,RGTI,2025-10-02,1116,1117,29.85,3.1781,-0.1919,-0.1919,-2.6799,-0.1919,-2.6799
bf,long,RKLB,2024-09-11,952,953,6.15,0.407,0.0,0.0,-1.8673,0.0,-1.8673
bf,long,SNBR,2021-01-06,1260,1261,82.59,4.4239,-0.0543,-0.0543,-0.972,-0.0543,-0.972
bf,long,SOUN,2024-11-21,645,646,6.44,0.604,0.0993,0.0993,-2.3677,0.0993,-2.3677
bf,long,TSE,2020-12-04,1239,1240,36.6873,1.2656,-0.0578,-0.0578,-2.0535,-0.0578,-2.0535
bf,long,TSLA,2024-12-05,2245,2246,357.93,14.6221,-0.1074,-0.1074,-1.3733,-0.1074,-1.3733
bf,long,UAMY,2025-10-01,2448,2449,6.2,0.6614,-0.7106,-0.7106,-1.905,-0.7106,-1.905
bf,long,UAN,2022-03-17,1561,1562,56.4239,3.5653,-0.316,-0.316,-3.2224,-0.316,-3.2224
bf,long,UPST,2021-08-24,171,172,202.96,14.5134,-0.0854,-0.0854,-0.7669,-0.0854,-0.5712
bf,long,WULF,2025-09-09,2131,2132,9.2,0.6268,0.1117,0.1117,-1.6591,0.1117,-1.5634
dtss,short,AAOI,2024-02-16,2043,2044,22.41,1.7078,1.3702,1.3702,-1.6454,1.3702,-1.6454
dtss,short,ACHR,2025-07-18,1147,1148,13.4,0.6562,0.5029,0.5029,-2.4992,0.5029,-2.4992
dtss,short,AEE,2025-11-28,2490,2491,104.5519,1.484,0.3887,0.3887,-1.7345,0.3887,-1.7345
dtss,short,AIR,2022-06-08,1618,1619,52.35,1.7671,0.0679,0.0679,-3.0105,0.0679,-3.0105
dtss,short,ALTS,2025-02-20,2295,2296,7.41,0.64,-0.0469,-0.0469,-1.0469,-0.0469,-1.0469
dtss,short,APP,2025-12-22,1177,1178,721.37,31.548,0.5275,0.5275,0.4247,0.5275,0.4247
dtss,short,ASST,2025-09-10,650,651,125.6,20.047,6.3052,6.3052,3.2306,6.3052,3.2306
dtss,short,AVAV,2023-05-23,1858,1859,109.24,2.5287,1.2457,1.2457,-2.6022,1.2457,-2.6022
dtss,short,AX,2022-01-13,1518,1519,60.2,1.3843,1.1488,1.1488,0.1878,1.1488,0.1878
dtss,short,BETR,2025-10-24,1126,1127,86.07,9.6915,0.6831,0.6831,-0.6893,0.6831,-0.6893
dtss,short,BTBT,2025-10-20,1906,1907,3.65,0.3596,2.5025,2.5025,0.4727,2.5025,0.4727
dtss,short,CELH,2024-05-22,2109,2110,95.96,4.7964,0.6025,0.6025,-0.3023,0.6025,-0.1251
dtss,short,CEPU,2023-08-29,1400,1401,6.4465,0.2959,0.3226,0.3226,-0.352,0.3226,-0.352
dtss,short,CSL,2022-06-08,1618,1619,261.1152,7.3117,-0.1811,-0.1811,-1.5402,-0.1811,-1.5402
dtss,short,CVNA,2023-09-15,1605,1606,55.86,3.7634,0.1435,0.1435,-0.7413,0.1435,-0.7413
dtss,short,CVNA,2026-01-23,2195,2196,478.45,20.5771,0.4102,0.4102,0.2226,0.4102,0.3081
dtss,short,DELL,2022-02-10,1380,1381,55.4665,1.4401,0.488,0.488,-0.7098,0.488,-0.7098
dtss,short,DNLI,2024-11-11,1740,1741,31.35,1.2229,1.6191,1.6191,-0.3843,1.6191,-0.3843
dtss,short,DNTH,2024-11-08,1606,1607,29.9,1.1306,2.0963,2.0963,-1.6717,2.0963,-1.6717
dtss,short,EBC,2025-02-06,1081,1082,18.282,0.4898,0.3838,0.3838,-0.1575,0.3838,-0.1575
dtss,short,EME,2025-01-22,2275,2276,526.0696,13.3592,1.3543,1.3543,0.4766,1.3543,0.5401
dtss,short,FFIC,2024-11-25,2238,2239,16.5086,0.5787,0.7884,0.7884,0.0158,0.7884,0.0158
dtss,short,FITB,2022-02-10,1537,1538,41.6513,1.2435,0.6401,0.6401,-0.0681,0.6401,-0.0681
dtss,short,FRT,2024-11-29,2241,2242,110.0215,1.4189,0.3695,0.3695,-1.8605,0.3695,-1.8605
dtss,short,FTAI,2025-01-10,2268,2269,166.8465,6.5906,1.9289,1.9289,0.183,1.9289,0.183
dtss,short,FUBO,2025-09-23,2204,2205,54.72,2.9529,0.6502,0.6502,-1.463,0.6502,-1.463
dtss,short,GAP,2024-06-03,2116,2117,27.3318,0.961,1.758,1.758,-1.8954,1.758,-1.8954
dtss,short,GFS,2023-04-03,357,358,72.18,2.2828,0.0832,0.0832,-1.5464,0.0832,-1.5464
dtss,short,GH,2025-05-01,1649,1650,47.23,2.2521,2.5265,2.5265,-0.4662,2.5265,-0.4662
dtss,short,GRPN,2025-08-07,2411,2412,30.67,1.7157,7.2331,7.2331,2.6286,7.2331,2.6286
dtss,short,GTM,2025-11-04,1361,1362,11.8,0.3768,1.3536,1.3536,-1.5234,1.3536,-1.5234
dtss,short,HAL,2022-06-09,1619,1620,39.6552,1.4277,-0.084,-0.084,-2.5791,-0.084,-2.5791
dtss,short,HCC,2022-06-07,1296,1297,33.8627,1.6122,2.7582,2.7582,0.539,2.7582,0.539
dtss,short,HNRG,2022-08-23,1670,1671,7.34,0.4721,1.2922,1.2922,-0.0849,1.2922,0.3175
dtss,short,INVA,2022-04-05,1574,1575,19.85,0.6129,1.4033,1.4033,-0.2937,1.4033,-0.2774
dtss,short,ISRG,2021-12-31,1509,1510,363.3,8.5731,0.3324,0.3324,-0.3254,0.3324,-0.1516
dtss,short,KYMR,2024-11-11,1061,1062,50.95,2.2599,1.0089,1.0089,0.0863,1.0089,0.0863
dtss,short,LABU,2024-11-11,2228,2229,145.2655,6.3918,0.8691,0.8691,-1.2078,0.8691,-1.2078
dtss,short,LOPE,2024-08-01,2157,2158,155.95,3.326,0.475,0.475,-2.1227,0.475,-2.1227
dtss,short,LTH,2025-05-08,898,899,32.97,1.1634,1.7364,1.7364,-2.5959,1.7364,-2.5959
dtss,short,MET,2022-04-21,1585,1586,64.109,1.1805,0.5547,0.5547,-2.3989,0.5547,-2.3989
dtss,short,MOD,2025-01-22,2275,2276,139.58,5.1043,1.246,1.246,0.4898,1.246,0.4898
dtss,short,MPC,2023-04-03,1823,1824,126.4099,3.9092,0.9593,0.9593,-0.343,0.9593,-0.343
dtss,short,MSFT,2025-10-28,2468,2469,529.3189,6.8865,3.2103,3.2103,0.4989,3.2103,0.4989
dtss,short,NAIL,2024-10-18,2153,2154,167.7119,8.1863,0.9376,0.9376,-2.3543,0.9376,-2.3543
dtss,short,NEOV,2025-01-06,1163,1164,5.68,0.4046,0.3955,0.3955,-2.1009,0.3955,-2.1009
dtss,short,NOW,2023-09-11,1933,1934,120.014,2.5859,0.6056,0.6056,-0.5592,0.6056,-0.5592
dtss,short,NSP,2023-06-09,1870,1871,112.6872,2.328,1.2559,1.2559,0.8514,1.2559,0.8514
dtss,short,NUE,2022-01-05,1512,1513,109.8595,4.0216,2.2401,2.2401,0.1563,2.2401,0.1563
dtss,short,PACB,2026-01-23,2527,2528,2.67,0.2013,0.2981,0.2981,-0.4472,0.2981,-0.4472
dtss,short,PDS,2024-07-31,2156,2157,71.98,2.3957,2.9595,2.9595,0.6679,2.9595,0.6679
dtss,short,PNR,2024-05-15,2104,2105,81.7213,1.557,1.6719,1.6719,0.5047,1.6719,0.5047
dtss,short,PR,2022-06-08,1547,1548,8.3667,0.4525,0.2511,0.2511,-0.058,0.2511,-0.058
dtss,short,PRKS,2022-04-21,1585,1586,74.4,2.7593,0.7864,0.7864,-0.9169,0.7864,0.0834
dtss,short,PSIX,2025-09-24,2370,2371,115.78,6.3724,0.6152,0.6152,-0.5634,0.6152,-0.5634
dtss,short,REPX,2025-01-21,2268,2269,34.6685,1.0082,0.3983,0.3983,-0.2179,0.3983,-0.2179
dtss,short,ROOT,2024-05-01,880,881,69.65,6.2817,2.6935,2.6935,-1.7002,2.6935,-1.7002
dtss,short,SERV,2025-01-06,207,208,19.03,2.719,1.9566,1.9566,-0.3347,1.9566,-0.3347
dtss,short,SFM,2025-06-03,2366,2367,179.53,5.0935,0.4849,0.4849,-1.6786,0.4849,-1.6786
dtss,short,SLS,2025-10-20,2462,2463,2.14,0.1313,2.5885,2.5885,-1.3704,2.5885,-1.3704
dtss,short,SMCI,2022-06-06,1616,1617,5.481,0.2314,1.2273,1.2273,0.8235,1.2273,0.8235
dtss,short,SOUN,2023-06-29,292,293,4.71,0.4658,0.8588,0.8588,-0.0859,0.8588,0.0824
dtss,short,TJX,2022-01-05,1512,1513,72.097,1.2314,0.4655,0.4655,-0.9921,0.4655,-0.9921
dtss,short,TRNS,2024-07-24,2136,2137,143.1,4.6123,0.8705,0.8705,-0.4531,0.8705,-0.4531
dtss,short,UTSL,2024-11-27,1870,1871,40.7294,1.5285,0.4393,0.4393,0.0254,0.4393,0.0254
dtss,short,VCTR,2025-02-10,1759,1760,68.056,2.0393,0.6099,0.6099,-1.0875,0.6099,-1.0875
dtss,short,VRTX,2024-11-11,2228,2229,516.74,11.6828,0.1378,0.1378,-1.5827,0.1378,-1.5827
dtss,short,WAL,2022-01-12,1517,1518,110.7844,3.1412,0.9093,0.9093,0.1853,0.9093,0.1853
dtss,short,WGO,2024-04-01,2071,2072,69.5449,1.8776,0.0,0.0,-1.5316,0.0,-1.5316
dtss,short,WHD,2024-11-25,1709,1710,67.8435,2.2337,0.4359,0.4359,0.1012,0.4359,0.1012
dtss,short,WING,2024-09-24,2194,2195,425.1747,11.7825,0.5009,0.5009,-0.011,0.5009,0.0017
dtss,short,ZIM,2024-07-02,860,861,13.6182,0.5917,0.8116,0.8116,-0.6513,0.8116,-0.6513
dtss,short,ZVRA,2024-02-20,2044,2045,6.86,0.3036,1.3835,1.3835,0.56,1.3835,0.6918
htf,long,AFG,2021-02-04,1280,1281,55.544,1.7126,0.3853,0.3853,-2.4578,0.3853,-2.4578
htf,long,AGO,2023-12-19,2003,2004,69.5268,1.3179,0.0953,0.0953,-0.5275,0.0953,-0.3517
htf,long,AR,2020-12-17,1248,1249,4.76,0.385,-0.0519,-0.0519,-1.013,-0.0519,-0.987
htf,long,ASTS,2024-05-28,1078,1079,4.74,0.5855,0.1537,0.1537,-5.226,0.1537,-5.226
htf,long,BB,2024-12-20,2256,2257,2.98,0.1768,0.0,0.0,-4.1576,0.0,-4.1576
htf,long,CHEF,2024-12-03,2243,2244,44.02,1.2168,0.0575,0.0575,-1.8492,0.0575,-1.8492
htf,long,CLNE,2020-11-20,1230,1231,3.2,0.1961,0.255,0.255,-5.6106,0.255,-5.6106
htf,long,CR,2023-10-31,148,149,92.6821,3.017,0.1406,0.1406,-1.5415,0.1406,-1.5415
htf,long,EOSE,2025-09-18,1327,1328,8.5,0.6053,0.0991,0.0991,-2.2304,0.0991,-2.2304
htf,long,EQX,2025-08-22,2268,2269,7.8926,0.3106,0.4182,0.4182,-0.6434,0.4182,-0.6434
htf,long,FORM,2026-01-08,2517,2518,62.72,1.8887,1.0007,1.0007,-2.5996,1.0007,-2.5996
htf,long,FTDR,2024-08-06,1481,1482,43.68,1.6286,0.2855,0.2855,-0.2702,0.2855,-0.2702
htf,long,GME,2021-01-22,1271,1272,10.7575,1.2134,0.1463,0.1463,-7.6583,0.1463,-7.6583
htf,long,HTOO,2020-11-25,275,276,534.45,28.3998,0.0246,0.0246,-2.2553,0.0246,-2.2553
htf,long,HTT,2021-01-12,812,813,1.6,0.1,0.4,0.4,-1.85,0.4,-1.85
htf,long,LMND,2024-11-05,1092,1093,23.57,1.2068,0.058,0.058,-2.751,0.058,-2.751
htf,long,LMND,2024-11-06,1093,1094,25.05,1.262,-0.9826,-0.9826,-1.5531,-0.9826,-1.5531
htf,long,MOD,2023-06-02,1865,1866,27.14,1.0786,-0.2781,-0.2781,-2.0954,-0.2781,-2.0954
htf,long,NHI,2024-03-04,2053,2054,51.5923,1.3502,0.1325,0.1325,-0.0397,0.1325,-0.0397
htf,long,OGI,2021-02-08,1278,1279,9.36,0.8586,-0.6522,-0.6522,-11.1814,-0.6522,-11.1814
htf,long,OSCR,2024-01-24,727,728,11.17,0.7377,-0.2847,-0.2847,-1.0047,-0.2847,-1.0047
htf,long,PL,2025-09-11,1098,1099,8.97,0.5738,-0.2788,-0.2788,-0.8975,-0.2788,-0.8975
htf,long,PRCH,2023-11-24,973,974,1.36,0.1466,0.2047,0.2047,-1.2963,0.2047,-1.2963
htf,long,PRTA,2021-06-07,1364,1365,28.65,1.7104,0.0877,0.0877,-5.6361,0.0877,-5.6361
htf,long,QUBT,2024-11-20,1603,1604,2.54,0.4957,-0.6254,-0.6254,-3.9742,-0.6254,-3.9742
htf,long,REAL,2024-11-13,1353,1354,3.78,0.2242,-0.223,-0.223,-0.8028,-0.223,-0.2676
htf,long,RHP,2020-11-13,1225,1226,47.2396,2.7035,-0.07,-0.07,-0.9925,-0.07,-0.8812
htf,long,RR,2024-12-23,275,276,1.27,0.2228,-0.404,-0.404,-3.7704,-0.404,-3.7704
htf,long,SOUN,2024-02-26,457,458,3.92,0.3525,0.2269,0.2269,-7.319,0.2269,-5.6169
htf,long,SOUN,2024-11-29,650,651,7.88,0.7727,-0.0324,-0.0324,-1.1777,-0.0324,-0.8671
htf,long,XPEV,2020-11-12,53,54,33.53,3.0343,-0.6822,-0.6822,-1.8027,-0.6822,-1.8027
