feature,n,peak_lift_top,trough_lift_bot,peak_lift_bot,trough_lift_top,decile_rho_fwd10,fwd10_dec_low%,fwd10_dec_high%,fwd10_spread%,max_reversal_lift
ema8_minus_ema21_$,1235,0.711,3.622,0.000,0.000,-0.127,1.591,0.537,-1.054,3.622
ema5_minus_ema21_$,1235,2.134,3.622,0.000,0.000,0.055,1.571,0.583,-0.989,3.622
ema8_minus_ema34_$,1235,0.711,4.225,0.000,0.000,-0.273,1.495,0.466,-1.029,4.225
ema13_minus_ema34_$,1235,1.423,3.622,0.000,0.000,-0.394,1.367,0.674,-0.693,3.622
ema21_minus_ema50_$,1235,0.711,3.018,0.000,0.604,-0.261,1.768,0.760,-1.008,3.018
close_vs_sma20,1235,3.557,4.829,0.000,0.000,-0.103,1.422,0.582,-0.840,4.829
close_vs_sma50,1235,2.846,4.829,0.000,0.000,-0.164,1.809,0.307,-1.503,4.829
close_vs_sma200,1235,2.846,2.414,0.000,0.000,-0.358,1.021,0.080,-0.941,2.846
close_vs_ema21,1235,2.846,5.433,0.000,0.000,-0.103,1.503,0.400,-1.103,5.433
sma20_vs_sma50,1235,1.423,1.811,0.711,0.604,-0.733,1.231,0.065,-1.165,1.811
sma50_vs_sma200,1235,0.711,0.000,0.711,1.207,0.079,0.218,0.385,0.167,1.207
pct_from_20d_high,1235,3.662,4.829,0.000,0.000,0.024,1.197,0.489,-0.708,4.829
pct_from_60d_high,1235,3.640,2.414,0.000,0.000,-0.450,1.442,0.295,-1.147,3.640
pct_from_252d_high,1235,3.676,1.811,0.000,0.000,-0.050,1.593,0.300,-1.293,3.676
pct_from_20d_low,1235,2.846,7.037,0.000,0.000,0.139,0.973,0.587,-0.385,7.037
pct_from_60d_low,1235,1.423,6.640,0.000,0.000,0.139,1.402,0.679,-0.723,6.640
roc_5d,1235,2.846,4.829,0.000,0.000,-0.285,0.831,0.847,0.015,4.829
roc_10d,1235,3.557,4.829,0.000,0.000,-0.248,1.185,0.526,-0.658,4.829
roc_20d,1235,2.134,3.622,0.000,0.000,-0.127,1.510,0.559,-0.951,3.622
roc_60d,1235,2.134,2.414,0.000,0.000,-0.164,3.106,0.354,-2.751,2.414
rsi_2,1235,1.423,9.658,0.000,0.000,-0.285,1.076,0.620,-0.456,9.658
rsi_14,1235,2.134,6.036,0.000,0.000,-0.079,1.696,0.054,-1.642,6.036
rsi_5,1235,0.711,11.469,0.000,0.000,-0.285,0.898,0.569,-0.328,11.469
bbands_pctB,1235,2.134,7.847,0.000,0.000,-0.248,1.091,0.543,-0.548,7.847
atr14_pct,1235,0.000,0.000,2.846,1.811,0.164,-0.329,1.661,1.990,2.846
vol_vs_sma20,1235,0.711,0.000,0.711,5.433,-0.152,0.848,0.691,-0.157,5.433
dvol20_vs_dvol100,1235,1.423,0.604,0.711,2.414,0.830,0.127,1.276,1.149,2.414
obv_roc20,1235,1.423,4.225,0.000,0.000,-0.285,1.981,0.544,-1.438,4.225
vix,1235,0.000,0.000,2.036,4.829,0.139,0.836,1.602,0.766,4.829
vix_vs_sma20,1235,0.000,0.000,2.846,7.847,0.018,0.777,0.927,0.150,7.847
vix_roc5,1235,0.000,0.000,1.423,7.847,-0.236,0.974,0.688,-0.286,7.847
vix_roc20,1235,0.000,0.000,2.134,5.433,-0.067,0.435,1.432,0.997,5.433
vix_zscore_60d,1235,0.000,0.000,2.846,4.829,0.164,0.270,1.594,1.324,4.829
vix_term_vix_vix3m,1235,0.000,0.000,1.423,6.036,0.794,-0.084,1.649,1.733,6.036
vvix,1235,0.000,0.000,0.700,5.433,0.200,1.295,1.640,0.345,5.433
vvix_vs_sma20,1235,0.000,0.000,2.846,6.640,-0.006,0.332,1.250,0.918,6.640
skew,1235,2.134,0.604,0.000,0.000,0.091,0.556,-0.108,-0.664,2.134
skew_zscore_60d,1235,0.711,3.622,1.423,1.207,-0.370,0.724,0.512,-0.213,3.622
ratio_QQQ_SPY,1235,2.134,0.604,0.711,0.000,0.042,0.715,0.510,-0.205,2.134
ratio_QQQ_SPY_roc20,1235,0.711,1.207,0.000,0.604,0.600,0.440,0.981,0.541,1.207
ratio_QQQ_SPY_vs_sma50,1235,0.711,3.622,0.000,0.604,0.442,1.053,1.199,0.145,3.622
ratio_IWM_SPY,1235,0.711,1.811,0.000,1.207,-0.394,1.607,0.717,-0.889,1.811
ratio_IWM_SPY_roc20,1235,2.134,1.811,0.000,1.811,0.345,1.045,0.483,-0.562,2.134
ratio_IWM_SPY_vs_sma50,1235,3.557,3.018,0.711,0.604,0.067,0.750,0.314,-0.436,3.557
ratio_XLK_SPY,1235,2.134,1.207,0.000,0.604,0.467,0.772,0.689,-0.083,2.134
ratio_XLK_SPY_roc20,1235,0.711,1.811,0.000,0.000,0.685,0.034,1.279,1.245,1.811
ratio_XLK_SPY_vs_sma50,1235,0.711,3.622,0.000,0.604,0.430,1.096,1.295,0.199,3.622
ratio_XLF_SPY,1235,0.711,0.000,0.711,0.604,-0.576,1.102,0.761,-0.340,0.711
ratio_XLF_SPY_roc20,1235,0.000,2.414,2.134,2.414,-0.164,0.862,0.931,0.069,2.414
ratio_XLF_SPY_vs_sma50,1235,1.423,1.207,1.423,1.811,-0.624,0.370,0.317,-0.054,1.811
ratio_XLY_SPY,1235,1.423,1.207,0.711,0.604,-0.818,1.643,0.140,-1.504,1.423
ratio_XLY_SPY_roc20,1235,2.134,3.018,0.000,0.000,-0.127,1.099,0.225,-0.874,3.018
ratio_XLY_SPY_vs_sma50,1235,3.557,3.018,0.000,0.000,-0.188,0.408,0.106,-0.302,3.557
ratio_XLP_SPY,1235,0.711,0.000,1.423,1.207,-0.188,0.916,1.281,0.365,1.423
ratio_XLP_SPY_roc20,1235,0.711,0.604,0.711,2.414,-0.370,0.907,0.050,-0.857,2.414
ratio_XLP_SPY_vs_sma50,1235,0.711,0.000,2.846,3.018,-0.539,0.724,-0.298,-1.022,3.018
ratio_XLU_SPY,1235,0.711,0.000,0.711,1.207,-0.079,0.099,-0.442,-0.541,1.207
ratio_XLU_SPY_roc20,1235,0.711,0.604,0.711,1.811,-0.830,1.002,0.410,-0.592,1.811
ratio_XLU_SPY_vs_sma50,1235,0.711,0.604,0.711,3.018,-0.236,0.844,0.990,0.146,3.018
ratio_HYG_IEF,1235,2.134,3.622,0.000,0.604,0.164,2.232,0.229,-2.003,3.622
ratio_HYG_IEF_roc20,1235,1.423,3.622,0.000,0.000,-0.042,1.588,0.173,-1.415,3.622
ratio_HYG_IEF_vs_sma50,1235,2.134,5.433,0.000,0.000,-0.842,2.269,-0.170,-2.439,5.433
ratio_HYG_TLT,1235,0.000,1.811,0.711,0.604,0.321,0.351,1.482,1.131,1.811
ratio_HYG_TLT_roc20,1235,1.423,3.018,0.711,1.811,-0.733,0.733,0.213,-0.520,3.018
ratio_HYG_TLT_vs_sma50,1235,0.711,3.018,0.711,1.207,-0.661,1.064,0.026,-1.038,3.018
ratio_TLT_SPY,1235,0.000,1.207,0.711,2.414,-0.079,0.344,1.124,0.780,2.414
ratio_TLT_SPY_roc20,1235,0.000,0.000,1.423,4.225,0.879,-0.017,1.351,1.368,4.225
ratio_TLT_SPY_vs_sma50,1235,0.000,0.000,2.134,6.036,0.855,-0.283,1.681,1.964,6.036
ratio_GLD_SPY,1235,1.423,1.207,0.711,1.811,0.806,-0.247,1.221,1.467,1.811
ratio_GLD_SPY_roc20,1235,0.711,0.604,0.711,3.622,-0.115,1.529,1.748,0.219,3.622
ratio_GLD_SPY_vs_sma50,1235,0.711,0.000,0.711,4.225,-0.127,1.145,0.954,-0.191,4.225
ratio_UUP_SPY,1235,0.000,1.207,1.423,1.811,0.115,0.047,1.408,1.361,1.811
ratio_UUP_SPY_roc20,1235,0.000,0.604,2.846,4.225,0.164,0.756,0.874,0.118,4.225
ratio_UUP_SPY_vs_sma50,1235,0.000,0.604,2.846,4.829,-0.212,0.409,1.779,1.370,4.829
ratio_XLP_XLY,1235,1.423,0.604,1.423,1.207,0.224,0.333,1.446,1.114,1.423
ratio_XLP_XLY_roc20,1235,0.711,0.000,1.423,2.414,-0.006,0.509,0.650,0.142,2.414
ratio_XLP_XLY_vs_sma50,1235,0.000,0.000,2.134,3.018,0.127,0.279,0.689,0.410,3.018
ratio_XLU_XLK,1235,0.711,0.000,1.423,1.207,-0.358,0.542,0.230,-0.312,1.423
ratio_XLU_XLK_roc20,1235,0.711,0.000,0.711,3.018,-0.867,1.067,0.216,-0.851,3.018
ratio_XLU_XLK_vs_sma50,1235,0.000,0.000,0.711,4.829,-0.588,1.059,0.767,-0.292,4.829
