setup,ticker,signal_date,entry_date,direction,adr,mae_from_signal_low_adr,mae_from_signal_close_adr,entry_vs_signal_low_adr,exit_bar_rel
dtss,AAOI,2024-02-15,2024-02-16,short,1.708,1.107,1.37,1.107,
dtss,ACHR,2025-07-17,2025-07-18,short,0.656,0.503,0.503,0.503,
dtss,AEE,2025-11-26,2025-11-28,short,1.484,0.302,0.389,0.302,13.0
dtss,AIR,2022-06-07,2022-06-08,short,1.767,-0.204,0.068,-0.204,10.0
dtss,ALTS,2025-02-19,2025-02-20,short,0.64,-0.578,-0.047,-0.578,39.0
dtss,APP,2025-12-19,2025-12-22,short,31.548,0.191,0.527,0.191,
dtss,ASST,2025-09-09,2025-09-10,short,20.047,6.086,6.305,6.086,78.0
dtss,AVAV,2023-05-22,2023-05-23,short,2.529,1.036,1.246,1.036,6.0
dtss,AX,2022-01-12,2022-01-13,short,1.384,0.892,1.149,0.892,
dtss,BETR,2025-10-23,2025-10-24,short,9.691,0.542,0.683,0.542,1.0
dtss,BTBT,2025-10-17,2025-10-20,short,0.36,2.447,2.502,2.447,
dtss,CELH,2024-05-21,2024-05-22,short,4.796,0.557,0.603,0.557,
dtss,CEPU,2023-08-28,2023-08-29,short,0.296,0.264,0.323,0.264,25.0
dtss,CSL,2022-06-07,2022-06-08,short,7.312,-0.231,-0.181,-0.231,14.0
dtss,CVNA,2023-09-14,2023-09-15,short,3.763,-0.106,0.143,-0.106,
dtss,CVNA,2026-01-22,2026-01-23,short,20.577,0.367,0.41,0.367,
dtss,DELL,2022-02-09,2022-02-10,short,1.44,0.342,0.488,0.342,
dtss,DNLI,2024-11-08,2024-11-11,short,1.223,1.529,1.619,1.529,43.0
dtss,DNTH,2024-11-07,2024-11-08,short,1.131,1.893,2.096,1.893,13.0
dtss,EBC,2025-02-05,2025-02-06,short,0.49,0.364,0.384,0.364,48.0
dtss,EME,2025-01-21,2025-01-22,short,13.359,1.328,1.354,1.328,
dtss,FFIC,2024-11-22,2024-11-25,short,0.579,0.788,0.788,0.788,
dtss,FITB,2022-02-09,2022-02-10,short,1.244,0.266,0.64,0.266,18.0
dtss,FRT,2024-11-27,2024-11-29,short,1.419,0.059,0.37,0.059,30.0
dtss,FTAI,2025-01-08,2025-01-10,short,6.591,1.839,1.929,1.839,12.0
dtss,FUBO,2025-09-22,2025-09-23,short,2.953,0.65,0.65,0.65,26.0
dtss,GAP,2024-05-31,2024-06-03,short,0.961,1.64,1.758,1.64,1.0
dtss,GFS,2023-03-31,2023-04-03,short,2.283,0.013,0.083,0.013,
dtss,GH,2025-04-30,2025-05-01,short,2.252,2.003,2.527,2.003,19.0
dtss,GRPN,2025-08-06,2025-08-07,short,1.716,6.697,7.233,6.697,
dtss,GTM,2025-11-03,2025-11-04,short,0.377,1.247,1.354,1.247,16.0
dtss,HAL,2022-06-08,2022-06-09,short,1.428,-0.743,-0.084,-0.743,
dtss,HCC,2022-06-06,2022-06-07,short,1.612,2.42,2.758,2.42,29.0
dtss,HNRG,2022-08-22,2022-08-23,short,0.472,0.826,1.292,0.826,25.0
dtss,INVA,2022-04-04,2022-04-05,short,0.613,1.012,1.403,1.012,
dtss,ISRG,2021-12-30,2021-12-31,short,8.573,-0.175,0.332,-0.175,
dtss,KYMR,2024-11-08,2024-11-11,short,2.26,0.929,1.009,0.929,7.0
dtss,LABU,2024-11-08,2024-11-11,short,6.392,0.832,0.869,0.832,7.0
dtss,LOPE,2024-07-31,2024-08-01,short,3.326,0.036,0.475,0.036,
dtss,LTH,2025-05-07,2025-05-08,short,1.163,0.0,0.0,1.513,
dtss,MET,2022-04-20,2022-04-21,short,1.181,0.067,0.555,0.067,
dtss,MOD,2025-01-21,2025-01-22,short,5.104,1.201,1.246,1.201,
dtss,MPC,2023-03-31,2023-04-03,short,3.909,0.943,0.959,0.943,
dtss,MSFT,2025-10-27,2025-10-28,short,6.887,2.768,3.21,2.768,
dtss,NAIL,2024-10-17,2024-10-18,short,8.186,0.417,0.938,0.417,23.0
dtss,NEOV,2025-01-03,2025-01-06,short,0.405,0.124,0.395,0.124,
dtss,NOW,2023-09-08,2023-09-11,short,2.586,0.257,0.606,0.257,32.0
dtss,NSP,2023-06-08,2023-06-09,short,2.328,1.198,1.256,1.198,21.0
dtss,NUE,2022-01-04,2022-01-05,short,4.022,2.065,2.24,2.065,14.0
dtss,PACB,2026-01-22,2026-01-23,short,0.201,0.224,0.298,0.224,
dtss,PDS,2024-07-30,2024-07-31,short,2.396,2.868,2.959,2.868,10.0
dtss,PNR,2024-05-14,2024-05-15,short,1.557,1.647,1.672,1.647,33.0
dtss,PR,2022-06-07,2022-06-08,short,0.452,0.251,0.251,0.251,28.0
dtss,PRKS,2022-04-20,2022-04-21,short,2.759,0.301,0.786,0.301,
dtss,PSIX,2025-09-23,2025-09-24,short,6.372,0.226,0.615,0.226,
dtss,REPX,2025-01-17,2025-01-21,short,1.008,0.269,0.398,0.269,1.0
dtss,ROOT,2024-04-30,2024-05-01,short,6.282,2.623,2.694,2.623,5.0
dtss,SERV,2025-01-03,2025-01-06,short,2.719,1.747,1.957,1.747,
dtss,SFM,2025-06-02,2025-06-03,short,5.094,0.471,0.485,0.471,
dtss,SLS,2025-10-17,2025-10-20,short,0.131,2.056,2.589,2.056,
dtss,SMCI,2022-06-03,2022-06-06,short,0.231,0.504,1.227,0.504,21.0
dtss,SOUN,2023-06-28,2023-06-29,short,0.466,0.687,0.859,0.687,
dtss,TJX,2022-01-04,2022-01-05,short,1.231,-0.015,0.466,-0.015,14.0
dtss,TRNS,2024-07-23,2024-07-24,short,4.612,0.151,0.87,0.151,
dtss,UTSL,2024-11-26,2024-11-27,short,1.528,0.407,0.439,0.407,27.0
dtss,VCTR,2025-02-07,2025-02-10,short,2.039,-0.043,0.61,-0.043,41.0
dtss,VRTX,2024-11-08,2024-11-11,short,11.683,-0.131,0.138,-0.131,12.0
dtss,WAL,2022-01-11,2022-01-12,short,3.141,0.895,0.909,0.895,
dtss,WGO,2024-03-28,2024-04-01,short,1.878,-0.05,0.0,-0.05,
dtss,WHD,2024-11-22,2024-11-25,short,2.234,0.075,0.436,0.075,1.0
dtss,WING,2024-09-23,2024-09-24,short,11.782,0.372,0.501,0.372,
dtss,ZIM,2024-07-01,2024-07-02,short,0.592,0.802,0.812,0.802,15.0
dtss,ZVRA,2024-02-16,2024-02-20,short,0.304,0.593,1.384,0.593,1.0
htf,AFG,2021-02-03,2021-02-04,long,1.713,-0.243,0.385,-0.243,
htf,AR,2020-12-16,2020-12-17,long,0.385,-0.182,-0.052,-0.182,
htf,ASTS,2024-05-24,2024-05-28,long,0.586,-0.854,0.154,-0.854,
htf,BB,2024-12-19,2024-12-20,long,0.177,-0.141,0.0,-0.141,39.0
htf,CR,2023-10-30,2023-10-31,long,3.017,-0.713,0.141,-0.713,
htf,CRCL,2025-06-12,2025-06-13,long,20.234,-0.224,-0.112,-0.224,
htf,EOSE,2025-09-17,2025-09-18,long,0.605,-0.529,0.099,-0.529,34.0
htf,EQX,2025-08-21,2025-08-22,long,0.311,-0.515,0.418,-0.515,46.0
htf,FORM,2026-01-07,2026-01-08,long,1.889,0.625,1.001,0.625,
htf,FTDR,2024-08-05,2024-08-06,long,1.629,-0.82,0.286,-0.82,
htf,GME,2021-01-21,2021-01-22,long,1.213,-1.096,0.146,-1.096,3.0
htf,HTOO,2020-11-24,2020-11-25,long,28.4,-0.776,0.025,-0.776,9.0
htf,HTT,2021-01-11,2021-01-12,long,0.1,-0.2,0.4,-0.2,25.0
htf,LMND,2024-11-04,2024-11-05,long,1.207,0.041,0.058,0.041,20.0
htf,LMND,2024-11-05,2024-11-06,long,1.262,-2.211,-0.983,-2.211,19.0
htf,MOD,2023-06-01,2023-06-02,long,1.079,-0.788,-0.278,-0.788,
htf,NHI,2024-03-01,2024-03-04,long,1.35,-0.53,0.132,-0.53,21.0
htf,OGI,2021-02-05,2021-02-08,long,0.859,-0.792,-0.652,-0.792,11.0
htf,OSCR,2024-01-23,2024-01-24,long,0.738,-0.739,-0.285,-0.739,
htf,PL,2025-09-10,2025-09-11,long,0.574,-0.932,-0.279,-0.932,29.0
htf,PRCH,2023-11-22,2023-11-24,long,0.147,-0.478,0.205,-0.478,
htf,QUBT,2024-11-19,2024-11-20,long,0.496,-0.827,-0.625,-0.827,9.0
htf,REAL,2024-11-12,2024-11-13,long,0.224,-0.58,-0.223,-0.58,55.0
htf,RHP,2020-11-12,2020-11-13,long,2.703,-0.525,-0.07,-0.525,
htf,RR,2024-12-20,2024-12-23,long,0.223,-1.302,-0.404,-1.302,14.0
htf,SOUN,2024-02-23,2024-02-26,long,0.353,-0.454,0.227,-0.454,
htf,SOUN,2024-11-27,2024-11-29,long,0.773,-0.783,-0.032,-0.783,22.0
htf,XPEV,2020-11-11,2020-11-12,long,3.034,0.0,0.0,-1.684,
bf,AA,2025-12-10,2025-12-11,long,1.645,-1.056,0.085,-1.056,
bf,AMPX,2025-07-01,2025-07-02,long,0.359,-0.334,-0.028,-0.334,24.0
bf,ANF,2023-10-31,2023-11-01,long,2.296,-0.725,0.266,-0.725,
bf,ANF,2023-11-01,2023-11-02,long,2.258,-0.895,-0.044,-0.895,
bf,APLD,2025-09-30,2025-10-01,long,1.647,-0.137,0.389,-0.137,
bf,AXON,2021-02-03,2021-02-04,long,8.243,-0.263,0.184,-0.263,9.0
bf,AXTI,2025-10-23,2025-10-24,long,0.492,-1.017,-0.447,-1.017,
bf,BE,2025-07-22,2025-07-23,long,1.426,-0.95,0.133,-0.95,
bf,BIOA,2025-11-14,2025-11-17,long,0.438,-0.548,-0.091,-0.548,39.0
bf,BLDP,2021-01-05,2021-01-06,long,1.312,-0.831,-0.091,-0.831,24.0
bf,DAC,2020-12-03,2020-12-04,long,0.998,-0.19,-0.041,-0.19,26.0
bf,EH,2021-01-04,2021-01-05,long,2.735,-0.296,0.08,-0.296,15.0
bf,EOSE,2025-09-11,2025-09-12,long,0.543,-0.831,0.09,-0.831,23.0
bf,EOSE,2025-09-17,2025-09-18,long,0.605,-0.529,0.099,-0.529,19.0
bf,EQX,2025-08-21,2025-08-22,long,0.311,-0.515,0.418,-0.515,46.0
bf,GDXU,2025-08-20,2025-08-21,long,5.576,-0.66,0.222,-0.66,38.0
bf,HROW,2024-09-09,2024-09-10,long,2.06,-0.573,-0.049,-0.573,31.0
bf,HUT,2025-09-30,2025-10-01,long,2.413,-0.263,0.11,-0.263,10.0
bf,HYMC,2025-12-10,2025-12-11,long,0.86,-0.279,0.244,-0.279,9.0
bf,IONQ,2024-11-06,2024-11-07,long,1.528,-0.288,0.105,-0.288,41.0
bf,IREN,2024-05-31,2024-06-03,long,0.695,-0.877,-0.244,-0.877,12.0
bf,IREN,2025-06-20,2025-06-23,long,0.623,0.586,1.036,0.586,21.0
bf,IREN,2025-06-23,2025-06-24,long,0.661,-1.657,-0.393,-1.657,20.0
bf,IZEA,2021-01-07,2021-01-08,long,0.988,-0.243,0.0,-0.243,12.0
bf,JD,2020-05-28,2020-05-29,long,2.102,-0.175,-0.017,-0.175,
bf,KTOS,2025-09-10,2025-09-11,long,2.689,-0.524,0.022,-0.524,19.0
bf,MSTR,2024-02-23,2024-02-26,long,4.504,-0.219,-0.011,-0.219,22.0
bf,MU,2025-09-30,2025-10-01,long,5.235,-0.294,0.347,-0.294,35.0
bf,ONDS,2025-08-21,2025-08-22,long,0.469,-0.619,0.0,-0.619,37.0
bf,OSCR,2024-01-23,2024-01-24,long,0.738,-0.739,-0.285,-0.739,
bf,QBTS,2024-11-20,2024-11-21,long,0.236,-0.763,-0.17,-0.763,23.0
bf,QUBT,2024-12-13,2024-12-16,long,1.432,-0.573,-0.087,-0.573,2.0
bf,QXO,2025-06-05,2025-06-06,long,0.861,-1.358,-1.161,-1.358,12.0
bf,REAL,2024-11-12,2024-11-13,long,0.224,-0.58,-0.223,-0.58,33.0
bf,RGTI,2024-12-05,2024-12-06,long,0.428,-1.005,-0.304,-1.005,21.0
bf,RGTI,2025-10-01,2025-10-02,long,3.178,-0.57,-0.192,-0.57,9.0
bf,RKLB,2024-09-10,2024-09-11,long,0.407,-0.467,0.0,-0.467,
bf,SNBR,2021-01-05,2021-01-06,long,4.424,-0.821,-0.054,-0.821,
bf,SOUN,2024-11-20,2024-11-21,long,0.604,-0.132,0.099,-0.132,27.0
bf,TSE,2020-12-03,2020-12-04,long,1.266,-0.217,-0.058,-0.217,
bf,TSLA,2024-12-04,2024-12-05,long,14.622,-0.745,-0.107,-0.745,14.0
bf,UAMY,2025-09-30,2025-10-01,long,0.661,-1.089,-0.711,-1.089,14.0
bf,UAN,2022-03-16,2022-03-17,long,3.565,-0.569,-0.316,-0.569,23.0
bf,UPST,2021-08-23,2021-08-24,long,14.513,-0.366,-0.085,-0.366,40.0
bf,WULF,2025-09-08,2025-09-09,long,0.627,-0.311,0.112,-0.311,26.0
base,AAPL,2024-11-22,2024-11-25,long,3.502,-0.477,0.037,-0.477,1.0
base,ALM,2025-09-12,2025-09-15,long,0.278,-0.216,-0.18,-0.216,1.0
base,AMN,2021-04-21,2021-04-22,long,1.679,-1.304,0.143,-1.304,1.0
base,APP,2024-09-10,2024-09-11,long,3.829,-0.494,-0.232,-0.494,
base,ASTS,2025-06-03,2025-06-04,long,1.561,-1.025,-0.141,-1.025,38.0
base,ATI,2025-12-09,2025-12-10,long,3.131,-0.425,-0.003,-0.425,
base,AXTI,2025-10-23,2025-10-24,long,0.492,-1.017,-0.447,-1.017,
base,BAP,2025-12-01,2025-12-02,long,8.033,-0.263,-0.198,-0.263,48.0
base,CLS,2025-05-12,2025-05-13,long,4.794,-1.041,-0.071,-1.041,11.0
base,DRN,2024-07-10,2024-07-11,long,0.278,-2.214,-1.315,-2.214,53.0
base,EAT,2024-09-13,2024-09-16,long,2.517,-0.592,-0.016,-0.592,1.0
base,EOSE,2025-09-11,2025-09-12,long,0.543,-0.831,0.09,-0.831,
base,ERO,2025-11-21,2025-11-24,long,1.02,-0.98,-0.01,-0.98,43.0
base,FIX,2023-02-22,2023-02-23,long,2.928,-1.332,-1.157,-1.332,9.0
base,FIX,2025-09-09,2025-09-10,long,23.093,-1.03,-0.534,-1.03,
base,FTAI,2025-12-29,2025-12-30,long,5.562,-1.091,-0.691,-1.091,38.0
base,IONQ,2025-09-10,2025-09-11,long,2.164,0.083,0.222,0.083,19.0
base,IONQ-WS,2025-09-08,2025-09-09,long,2.272,-0.293,-0.015,-0.293,21.0
base,IREN,2025-06-23,2025-06-24,long,0.661,-1.657,-0.393,-1.657,
base,KTOS,2025-05-15,2025-05-16,long,1.357,-0.343,0.273,-0.343,1.0
base,KTOS,2025-09-10,2025-09-11,long,2.689,-0.524,0.022,-0.524,24.0
base,LNG,2021-04-22,2021-04-23,long,1.621,0.472,0.484,0.472,1.0
base,METC,2021-07-23,2021-07-26,long,0.267,-0.376,0.063,-0.376,
base,PAG,2021-09-14,2021-09-15,long,1.829,-0.295,0.128,-0.295,30.0
base,PSIX,2025-05-09,2025-05-12,long,2.177,-0.919,-0.294,-0.919,1.0
base,PTON,2024-10-11,2024-10-14,long,0.292,-0.035,0.547,-0.035,
base,QXO,2025-06-05,2025-06-06,long,0.861,-1.358,-1.161,-1.358,21.0
base,RCAT,2024-11-04,2024-11-05,long,0.241,-0.828,0.414,-0.828,39.0
base,RGTI,2025-09-11,2025-09-12,long,0.992,-0.625,0.03,-0.625,33.0
base,RH,2020-07-14,2020-07-15,long,10.623,-1.456,-0.221,-1.456,
base,SA,2025-08-28,2025-08-29,long,0.532,0.0,0.094,0.0,37.0
base,SFM,2023-11-29,2023-11-30,long,0.846,0.307,0.414,0.307,
base,SIMO,2021-12-02,2021-12-03,long,2.085,-1.245,-0.192,-1.245,27.0
base,SKY,2021-11-02,2021-11-03,long,2.146,0.0,0.0,-2.484,
base,SNBR,2020-10-01,2020-10-02,long,2.143,0.037,0.611,0.037,
base,SNDK,2025-08-21,2025-08-22,long,2.137,-0.969,-0.061,-0.969,
base,SNDK,2025-12-31,2026-01-02,long,17.381,-0.504,-0.381,-0.504,
base,SOUN,2024-11-20,2024-11-21,long,0.604,-0.132,0.099,-0.132,27.0
base,STRL,2025-09-09,2025-09-10,long,12.013,-0.848,-0.359,-0.848,15.0
base,TSLA,2025-09-10,2025-09-11,long,11.285,-0.136,0.017,-0.136,
base,VITL,2024-02-16,2024-02-20,long,0.437,-0.229,0.412,-0.229,
base,WLDN,2025-05-08,2025-05-09,long,1.291,-0.24,-0.008,-0.24,
